Name,Value,country,league_name,seasonid,seasonyear
data,USA MLS,USA,MLS,1,2016
data,USA MLS,USA,MLS,16,2015
data,USA MLS,USA,MLS,23,2014
data,USA MLS,USA,MLS,24,2013
data,USA MLS,USA,MLS,163,2017
data,USA MLS,USA,MLS,1076,2018
data,USA MLS,USA,MLS,1846,2019
data,USA MLS,USA,MLS,4227,2012
data,USA MLS,USA,MLS,4235,2011
data,USA MLS,USA,MLS,4241,2010
data,USA MLS,USA,MLS,4473,2020
data,USA MLS,USA,MLS,5674,2021
data,USA MLS,USA,MLS,6969,2022
data,USA MLS,USA,MLS,8777,2023
data,USA MLS,USA,MLS,10977,2024
data,USA MLS,USA,MLS,13973,2025
data,Scotland Premiership,Scotland,Premiership,2,20162017
data,Scotland Premiership,Scotland,Premiership,164,20172018
data,Scotland Premiership,Scotland,Premiership,167,20152016
data,Scotland Premiership,Scotland,Premiership,168,20142015
data,Scotland Premiership,Scotland,Premiership,169,20132014
data,Scotland Premiership,Scotland,Premiership,223,20122013
data,Scotland Premiership,Scotland,Premiership,1600,20182019
data,Scotland Premiership,Scotland,Premiership,2361,20192020
data,Scotland Premiership,Scotland,Premiership,4478,20202021
data,Scotland Premiership,Scotland,Premiership,5992,20212022
data,Scotland Premiership,Scotland,Premiership,7494,20222023
data,Scotland Premiership,Scotland,Premiership,9636,20232024
data,Scotland Premiership,Scotland,Premiership,12455,20242025
data,Scotland Premiership,Scotland,Premiership,15000,20252026
data,Germany Bundesliga,Germany,Bundesliga,3,20162017
data,Germany Bundesliga,Germany,Bundesliga,4,20152016
data,Germany Bundesliga,Germany,Bundesliga,5,20142015
data,Germany Bundesliga,Germany,Bundesliga,7,20132014
data,Germany Bundesliga,Germany,Bundesliga,177,20172018
data,Germany Bundesliga,Germany,Bundesliga,1636,20182019
data,Germany Bundesliga,Germany,Bundesliga,4105,20122013
data,Germany Bundesliga,Germany,Bundesliga,4123,20112012
data,Germany Bundesliga,Germany,Bundesliga,4133,20102011
data,Germany Bundesliga,Germany,Bundesliga,4140,20092010
data,Germany Bundesliga,Germany,Bundesliga,4392,20192020
data,Germany Bundesliga,Germany,Bundesliga,4624,20082009
data,Germany Bundesliga,Germany,Bundesliga,4628,20072008
data,Germany Bundesliga,Germany,Bundesliga,4629,20062007
data,Germany Bundesliga,Germany,Bundesliga,4673,20202021
data,Germany Bundesliga,Germany,Bundesliga,6192,20212022
data,Germany Bundesliga,Germany,Bundesliga,7664,20222023
data,Germany Bundesliga,Germany,Bundesliga,9655,20232024
data,Germany Bundesliga,Germany,Bundesliga,12529,20242025
data,Germany Bundesliga,Germany,Bundesliga,14968,20252026
data,Europe UEFA Champions League,Europe,UEFA Champions League,6,20162017
data,Europe UEFA Champions League,Europe,UEFA Champions League,157,20152016
data,Europe UEFA Champions League,Europe,UEFA Champions League,158,20142015
data,Europe UEFA Champions League,Europe,UEFA Champions League,159,20132014
data,Europe UEFA Champions League,Europe,UEFA Champions League,247,20172018
data,Europe UEFA Champions League,Europe,UEFA Champions League,1534,20182019
data,Europe UEFA Champions League,Europe,UEFA Champions League,2202,20192020
data,Europe UEFA Champions League,Europe,UEFA Champions League,4053,20122013
data,Europe UEFA Champions League,Europe,UEFA Champions League,4062,20112012
data,Europe UEFA Champions League,Europe,UEFA Champions League,4071,20102011
data,Europe UEFA Champions League,Europe,UEFA Champions League,4081,20092010
data,Europe UEFA Champions League,Europe,UEFA Champions League,4655,20202021
data,Europe UEFA Champions League,Europe,UEFA Champions League,5977,20212022
data,Europe UEFA Champions League,Europe,UEFA Champions League,7455,20222023
data,Europe UEFA Champions League,Europe,UEFA Champions League,9543,20232024
data,Europe UEFA Champions League,Europe,UEFA Champions League,12321,20242025
data,Europe UEFA Champions League,Europe,UEFA Champions League,14924,20252026
data,Malaysia Super League,Malaysia,Super League,8,2016
data,Malaysia Super League,Malaysia,Super League,15,2017
data,Malaysia Super League,Malaysia,Super League,992,2018
data,Malaysia Super League,Malaysia,Super League,1859,2019
data,Malaysia Super League,Malaysia,Super League,3213,2015
data,Malaysia Super League,Malaysia,Super League,3218,2014
data,Malaysia Super League,Malaysia,Super League,3693,2020
data,Malaysia Super League,Malaysia,Super League,5624,2021
data,Malaysia Super League,Malaysia,Super League,7044,2022
data,Malaysia Super League,Malaysia,Super League,8939,2023
data,Malaysia Super League,Malaysia,Super League,11438,2024
data,Malaysia Super League,Malaysia,Super League,15210,20252026
data,England Premier League,England,Premier League,9,20162017
data,England Premier League,England,Premier League,10,20152016
data,England Premier League,England,Premier League,11,20142015
data,England Premier League,England,Premier League,12,20132014
data,England Premier League,England,Premier League,161,20172018
data,England Premier League,England,Premier League,246,20122013
data,England Premier League,England,Premier League,1625,20182019
data,England Premier League,England,Premier League,2012,20192020
data,England Premier League,England,Premier League,3119,20112012
data,England Premier League,England,Premier League,3121,20102011
data,England Premier League,England,Premier League,3125,20092010
data,England Premier League,England,Premier League,3131,20082009
data,England Premier League,England,Premier League,3137,20072008
data,England Premier League,England,Premier League,4759,20202021
data,England Premier League,England,Premier League,6135,20212022
data,England Premier League,England,Premier League,7704,20222023
data,England Premier League,England,Premier League,9660,20232024
data,England Premier League,England,Premier League,12325,20242025
data,England Premier League,England,Premier League,15050,20252026
data,Portugal Liga NOS,Portugal,Liga NOS,13,20162017
data,Portugal Liga NOS,Portugal,Liga NOS,14,20152016
data,Portugal Liga NOS,Portugal,Liga NOS,17,20142015
data,Portugal Liga NOS,Portugal,Liga NOS,18,20132014
data,Portugal Liga NOS,Portugal,Liga NOS,173,20172018
data,Portugal Liga NOS,Portugal,Liga NOS,1593,20182019
data,Portugal Liga NOS,Portugal,Liga NOS,2321,20192020
data,Portugal Liga NOS,Portugal,Liga NOS,4225,20122013
data,Portugal Liga NOS,Portugal,Liga NOS,4232,20112012
data,Portugal Liga NOS,Portugal,Liga NOS,4238,20102011
data,Portugal Liga NOS,Portugal,Liga NOS,4885,20202021
data,Portugal Liga NOS,Portugal,Liga NOS,6117,20212022
data,Portugal Liga NOS,Portugal,Liga NOS,7731,20222023
data,Portugal Liga NOS,Portugal,Liga NOS,9984,20232024
data,Portugal Liga NOS,Portugal,Liga NOS,12931,20242025
data,Portugal Liga NOS,Portugal,Liga NOS,15115,20252026
data,Turkey Süper Lig,Turkey,Süper Lig,19,20162017
data,Turkey Süper Lig,Turkey,Süper Lig,20,20152016
data,Turkey Süper Lig,Turkey,Süper Lig,21,20142015
data,Turkey Süper Lig,Turkey,Süper Lig,175,20172018
data,Turkey Süper Lig,Turkey,Süper Lig,1614,20182019
data,Turkey Süper Lig,Turkey,Süper Lig,2648,20192020
data,Turkey Süper Lig,Turkey,Süper Lig,4840,20202021
data,Turkey Süper Lig,Turkey,Süper Lig,6125,20212022
data,Turkey Süper Lig,Turkey,Süper Lig,7768,20222023
data,Turkey Süper Lig,Turkey,Süper Lig,9913,20232024
data,Turkey Süper Lig,Turkey,Süper Lig,12641,20242025
data,Turkey Süper Lig,Turkey,Süper Lig,14972,20252026
data,England Championship,England,Championship,22,20162017
data,England Championship,England,Championship,25,20152016
data,England Championship,England,Championship,26,20142015
data,England Championship,England,Championship,27,20132014
data,England Championship,England,Championship,165,20172018
data,England Championship,England,Championship,1624,20182019
data,England Championship,England,Championship,2187,20192020
data,England Championship,England,Championship,3141,20122013
data,England Championship,England,Championship,3143,20112012
data,England Championship,England,Championship,3146,20102011
data,England Championship,England,Championship,3147,20092010
data,England Championship,England,Championship,4912,20202021
data,England Championship,England,Championship,6089,20212022
data,England Championship,England,Championship,7593,20222023
data,England Championship,England,Championship,8031,20082009
data,England Championship,England,Championship,9663,20232024
data,England Championship,England,Championship,12451,20242025
data,England Championship,England,Championship,14930,20252026
data,England EFL League One,England,EFL League One,28,20162017
data,England EFL League One,England,EFL League One,29,20152016
data,England EFL League One,England,EFL League One,30,20142015
data,England EFL League One,England,EFL League One,31,20132014
data,England EFL League One,England,EFL League One,166,20172018
data,England EFL League One,England,EFL League One,1564,20182019
data,England EFL League One,England,EFL League One,2191,20192020
data,England EFL League One,England,EFL League One,3950,20122013
data,England EFL League One,England,EFL League One,3951,20092010
data,England EFL League One,England,EFL League One,3952,20112012
data,England EFL League One,England,EFL League One,4845,20202021
data,England EFL League One,England,EFL League One,4923,20102011
data,England EFL League One,England,EFL League One,6017,20212022
data,England EFL League One,England,EFL League One,7570,20222023
data,England EFL League One,England,EFL League One,9582,20232024
data,England EFL League One,England,EFL League One,12446,20242025
data,England EFL League One,England,EFL League One,14934,20252026
data,England EFL League Two,England,EFL League Two,32,20162017
data,England EFL League Two,England,EFL League Two,33,20152016
data,England EFL League Two,England,EFL League Two,170,20172018
data,England EFL League Two,England,EFL League Two,1574,20182019
data,England EFL League Two,England,EFL League Two,2192,20192020
data,England EFL League Two,England,EFL League Two,4844,20202021
data,England EFL League Two,England,EFL League Two,6015,20212022
data,England EFL League Two,England,EFL League Two,7574,20222023
data,England EFL League Two,England,EFL League Two,9581,20232024
data,England EFL League Two,England,EFL League Two,12422,20242025
data,England EFL League Two,England,EFL League Two,14935,20252026
data,Spain La Liga,Spain,La Liga,34,20162017
data,Spain La Liga,Spain,La Liga,35,20152016
data,Spain La Liga,Spain,La Liga,36,20142015
data,Spain La Liga,Spain,La Liga,37,20132014
data,Spain La Liga,Spain,La Liga,38,20122013
data,Spain La Liga,Spain,La Liga,171,20172018
data,Spain La Liga,Spain,La Liga,1677,20182019
data,Spain La Liga,Spain,La Liga,2319,20192020
data,Spain La Liga,Spain,La Liga,3631,20112012
data,Spain La Liga,Spain,La Liga,3632,20102011
data,Spain La Liga,Spain,La Liga,3636,20092010
data,Spain La Liga,Spain,La Liga,3637,20082009
data,Spain La Liga,Spain,La Liga,4944,20202021
data,Spain La Liga,Spain,La Liga,6211,20212022
data,Spain La Liga,Spain,La Liga,7665,20222023
data,Spain La Liga,Spain,La Liga,9665,20232024
data,Spain La Liga,Spain,La Liga,12316,20242025
data,Spain La Liga,Spain,La Liga,14956,20252026
data,Spain Segunda División,Spain,Segunda División,39,20162017
data,Spain Segunda División,Spain,Segunda División,40,20152016
data,Spain Segunda División,Spain,Segunda División,41,20142015
data,Spain Segunda División,Spain,Segunda División,42,20132014
data,Spain Segunda División,Spain,Segunda División,43,20122013
data,Spain Segunda División,Spain,Segunda División,172,20172018
data,Spain Segunda División,Spain,Segunda División,1670,20182019
data,Spain Segunda División,Spain,Segunda División,2415,20192020
data,Spain Segunda División,Spain,Segunda División,4167,20112012
data,Spain Segunda División,Spain,Segunda División,4245,20102011
data,Spain Segunda División,Spain,Segunda División,4249,20092010
data,Spain Segunda División,Spain,Segunda División,4842,20202021
data,Spain Segunda División,Spain,Segunda División,6120,20212022
data,Spain Segunda División,Spain,Segunda División,7592,20222023
data,Spain Segunda División,Spain,Segunda División,9675,20232024
data,Spain Segunda División,Spain,Segunda División,12467,20242025
data,Spain Segunda División,Spain,Segunda División,15066,20252026
data,Norway Eliteserien,Norway,Eliteserien,44,2016
data,Norway Eliteserien,Norway,Eliteserien,45,2015
data,Norway Eliteserien,Norway,Eliteserien,46,2017
data,Norway Eliteserien,Norway,Eliteserien,993,2018
data,Norway Eliteserien,Norway,Eliteserien,1839,2019
data,Norway Eliteserien,Norway,Eliteserien,3695,2020
data,Norway Eliteserien,Norway,Eliteserien,4224,2014
data,Norway Eliteserien,Norway,Eliteserien,4231,2013
data,Norway Eliteserien,Norway,Eliteserien,4237,2012
data,Norway Eliteserien,Norway,Eliteserien,4242,2011
data,Norway Eliteserien,Norway,Eliteserien,4244,2010
data,Norway Eliteserien,Norway,Eliteserien,5496,2021
data,Norway Eliteserien,Norway,Eliteserien,7048,2022
data,Norway Eliteserien,Norway,Eliteserien,8739,2023
data,Norway Eliteserien,Norway,Eliteserien,10976,2024
data,Norway Eliteserien,Norway,Eliteserien,16260,2025
data,Turkey 1. Lig,Turkey,1. Lig,47,20162017
data,Turkey 1. Lig,Turkey,1. Lig,48,20152016
data,Turkey 1. Lig,Turkey,1. Lig,49,20142015
data,Turkey 1. Lig,Turkey,1. Lig,50,20132014
data,Turkey 1. Lig,Turkey,1. Lig,176,20172018
data,Turkey 1. Lig,Turkey,1. Lig,1615,20182019
data,Turkey 1. Lig,Turkey,1. Lig,2649,20192020
data,Turkey 1. Lig,Turkey,1. Lig,4908,20202021
data,Turkey 1. Lig,Turkey,1. Lig,6126,20212022
data,Turkey 1. Lig,Turkey,1. Lig,7770,20222023
data,Turkey 1. Lig,Turkey,1. Lig,9914,20232024
data,Turkey 1. Lig,Turkey,1. Lig,12928,20242025
data,Turkey 1. Lig,Turkey,1. Lig,15199,20252026
data,Netherlands Eredivisie,Netherlands,Eredivisie,51,20162017
data,Netherlands Eredivisie,Netherlands,Eredivisie,52,20152016
data,Netherlands Eredivisie,Netherlands,Eredivisie,53,20142015
data,Netherlands Eredivisie,Netherlands,Eredivisie,54,20132014
data,Netherlands Eredivisie,Netherlands,Eredivisie,178,20172018
data,Netherlands Eredivisie,Netherlands,Eredivisie,1585,20182019
data,Netherlands Eredivisie,Netherlands,Eredivisie,2272,20192020
data,Netherlands Eredivisie,Netherlands,Eredivisie,4226,20122013
data,Netherlands Eredivisie,Netherlands,Eredivisie,4234,20112012
data,Netherlands Eredivisie,Netherlands,Eredivisie,4746,20202021
data,Netherlands Eredivisie,Netherlands,Eredivisie,5951,20212022
data,Netherlands Eredivisie,Netherlands,Eredivisie,7482,20222023
data,Netherlands Eredivisie,Netherlands,Eredivisie,9653,20232024
data,Netherlands Eredivisie,Netherlands,Eredivisie,12322,20242025
data,Netherlands Eredivisie,Netherlands,Eredivisie,14936,20252026
data,Netherlands Eerste Divisie,Netherlands,Eerste Divisie,55,20162017
data,Netherlands Eerste Divisie,Netherlands,Eerste Divisie,56,20152016
data,Netherlands Eerste Divisie,Netherlands,Eerste Divisie,57,20142015
data,Netherlands Eerste Divisie,Netherlands,Eerste Divisie,179,20172018
data,Netherlands Eerste Divisie,Netherlands,Eerste Divisie,1584,20182019
data,Netherlands Eerste Divisie,Netherlands,Eerste Divisie,2273,20192020
data,Netherlands Eerste Divisie,Netherlands,Eerste Divisie,4228,20132014
data,Netherlands Eerste Divisie,Netherlands,Eerste Divisie,4236,20122013
data,Netherlands Eerste Divisie,Netherlands,Eerste Divisie,4243,20112012
data,Netherlands Eerste Divisie,Netherlands,Eerste Divisie,4246,20102011
data,Netherlands Eerste Divisie,Netherlands,Eerste Divisie,4247,20092010
data,Netherlands Eerste Divisie,Netherlands,Eerste Divisie,4748,20202021
data,Netherlands Eerste Divisie,Netherlands,Eerste Divisie,5950,20212022
data,Netherlands Eerste Divisie,Netherlands,Eerste Divisie,7484,20222023
data,Netherlands Eerste Divisie,Netherlands,Eerste Divisie,9654,20232024
data,Netherlands Eerste Divisie,Netherlands,Eerste Divisie,12317,20242025
data,Netherlands Eerste Divisie,Netherlands,Eerste Divisie,14987,20252026
data,Finland Veikkausliiga,Finland,Veikkausliiga,58,2017
data,Finland Veikkausliiga,Finland,Veikkausliiga,59,2016
data,Finland Veikkausliiga,Finland,Veikkausliiga,60,2014
data,Finland Veikkausliiga,Finland,Veikkausliiga,72,2015
data,Finland Veikkausliiga,Finland,Veikkausliiga,1191,2018
data,Finland Veikkausliiga,Finland,Veikkausliiga,1874,2019
data,Finland Veikkausliiga,Finland,Veikkausliiga,3645,2020
data,Finland Veikkausliiga,Finland,Veikkausliiga,5477,2021
data,Finland Veikkausliiga,Finland,Veikkausliiga,7120,2022
data,Finland Veikkausliiga,Finland,Veikkausliiga,8935,2023
data,Finland Veikkausliiga,Finland,Veikkausliiga,11120,2024
data,Finland Veikkausliiga,Finland,Veikkausliiga,14089,2025
data,Finland Ykkösliiga,Finland,Ykkösliiga,61,2017
data,Finland Ykkösliiga,Finland,Ykkösliiga,62,2016
data,Finland Ykkösliiga,Finland,Ykkösliiga,63,2015
data,Finland Ykkösliiga,Finland,Ykkösliiga,64,2014
data,Finland Ykkösliiga,Finland,Ykkösliiga,1192,2018
data,Finland Ykkösliiga,Finland,Ykkösliiga,1875,2019
data,Finland Ykkösliiga,Finland,Ykkösliiga,3818,2020
data,Finland Ykkösliiga,Finland,Ykkösliiga,5478,2021
data,Finland Ykkösliiga,Finland,Ykkösliiga,7103,2022
data,Finland Ykkösliiga,Finland,Ykkösliiga,8945,2023
data,Finland Ykkösliiga,Finland,Ykkösliiga,11167,2024
data,Finland Ykkösliiga,Finland,Ykkösliiga,14119,2025
data,France Ligue 1,France,Ligue 1,65,20162017
data,France Ligue 1,France,Ligue 1,66,20142015
data,France Ligue 1,France,Ligue 1,67,20132014
data,France Ligue 1,France,Ligue 1,75,20152016
data,France Ligue 1,France,Ligue 1,180,20172018
data,France Ligue 1,France,Ligue 1,1508,20182019
data,France Ligue 1,France,Ligue 1,2392,20192020
data,France Ligue 1,France,Ligue 1,4127,20122013
data,France Ligue 1,France,Ligue 1,4136,20112012
data,France Ligue 1,France,Ligue 1,4193,20102011
data,France Ligue 1,France,Ligue 1,4199,20092010
data,France Ligue 1,France,Ligue 1,4505,20202021
data,France Ligue 1,France,Ligue 1,6019,20212022
data,France Ligue 1,France,Ligue 1,7500,20222023
data,France Ligue 1,France,Ligue 1,9674,20232024
data,France Ligue 1,France,Ligue 1,12337,20242025
data,France Ligue 1,France,Ligue 1,14932,20252026
data,Italy Serie A,Italy,Serie A,68,20162017
data,Italy Serie A,Italy,Serie A,69,20152016
data,Italy Serie A,Italy,Serie A,70,20142015
data,Italy Serie A,Italy,Serie A,71,20132014
data,Italy Serie A,Italy,Serie A,182,20172018
data,Italy Serie A,Italy,Serie A,1680,20182019
data,Italy Serie A,Italy,Serie A,2588,20192020
data,Italy Serie A,Italy,Serie A,3940,20112012
data,Italy Serie A,Italy,Serie A,3941,20082009
data,Italy Serie A,Italy,Serie A,3942,20092010
data,Italy Serie A,Italy,Serie A,3945,20122013
data,Italy Serie A,Italy,Serie A,4889,20202021
data,Italy Serie A,Italy,Serie A,6198,20212022
data,Italy Serie A,Italy,Serie A,7608,20222023
data,Italy Serie A,Italy,Serie A,9697,20232024
data,Italy Serie A,Italy,Serie A,11181,20102011
data,Italy Serie A,Italy,Serie A,12530,20242025
data,Italy Serie A,Italy,Serie A,15068,20252026
data,France Ligue 2,France,Ligue 2,73,20162017
data,France Ligue 2,France,Ligue 2,74,20152016
data,France Ligue 2,France,Ligue 2,76,20142015
data,France Ligue 2,France,Ligue 2,181,20172018
data,France Ligue 2,France,Ligue 2,1579,20182019
data,France Ligue 2,France,Ligue 2,2396,20192020
data,France Ligue 2,France,Ligue 2,4164,20132014
data,France Ligue 2,France,Ligue 2,4185,20122013
data,France Ligue 2,France,Ligue 2,4645,20202021
data,France Ligue 2,France,Ligue 2,6018,20212022
data,France Ligue 2,France,Ligue 2,7501,20222023
data,France Ligue 2,France,Ligue 2,9621,20232024
data,France Ligue 2,France,Ligue 2,12338,20242025
data,France Ligue 2,France,Ligue 2,14954,20252026
data,Italy Serie B,Italy,Serie B,77,20162017
data,Italy Serie B,Italy,Serie B,78,20152016
data,Italy Serie B,Italy,Serie B,79,20142015
data,Italy Serie B,Italy,Serie B,80,20132014
data,Italy Serie B,Italy,Serie B,81,20122013
data,Italy Serie B,Italy,Serie B,183,20172018
data,Italy Serie B,Italy,Serie B,1749,20182019
data,Italy Serie B,Italy,Serie B,2642,20192020
data,Italy Serie B,Italy,Serie B,3946,20092010
data,Italy Serie B,Italy,Serie B,3948,20102011
data,Italy Serie B,Italy,Serie B,3949,20112012
data,Italy Serie B,Italy,Serie B,4972,20202021
data,Italy Serie B,Italy,Serie B,6205,20212022
data,Italy Serie B,Italy,Serie B,7864,20222023
data,Italy Serie B,Italy,Serie B,9808,20232024
data,Italy Serie B,Italy,Serie B,12621,20242025
data,Italy Serie B,Italy,Serie B,15632,20252026
data,Belgium Pro League,Belgium,Pro League,82,20162017
data,Belgium Pro League,Belgium,Pro League,112,20152016
data,Belgium Pro League,Belgium,Pro League,184,20172018
data,Belgium Pro League,Belgium,Pro League,1537,20182019
data,Belgium Pro League,Belgium,Pro League,2262,20192020
data,Belgium Pro League,Belgium,Pro League,4567,20202021
data,Belgium Pro League,Belgium,Pro League,6079,20212022
data,Belgium Pro League,Belgium,Pro League,7544,20222023
data,Belgium Pro League,Belgium,Pro League,9577,20232024
data,Belgium Pro League,Belgium,Pro League,12137,20242025
data,Belgium Pro League,Belgium,Pro League,14937,20252026
data,Germany 2. Bundesliga,Germany,2. Bundesliga,83,20162017
data,Germany 2. Bundesliga,Germany,2. Bundesliga,84,20152016
data,Germany 2. Bundesliga,Germany,2. Bundesliga,85,20142015
data,Germany 2. Bundesliga,Germany,2. Bundesliga,188,20172018
data,Germany 2. Bundesliga,Germany,2. Bundesliga,1578,20182019
data,Germany 2. Bundesliga,Germany,2. Bundesliga,4131,20132014
data,Germany 2. Bundesliga,Germany,2. Bundesliga,4168,20122013
data,Germany 2. Bundesliga,Germany,2. Bundesliga,4195,20112012
data,Germany 2. Bundesliga,Germany,2. Bundesliga,4200,20102011
data,Germany 2. Bundesliga,Germany,2. Bundesliga,4388,20192020
data,Germany 2. Bundesliga,Germany,2. Bundesliga,4676,20202021
data,Germany 2. Bundesliga,Germany,2. Bundesliga,6020,20212022
data,Germany 2. Bundesliga,Germany,2. Bundesliga,7499,20222023
data,Germany 2. Bundesliga,Germany,2. Bundesliga,9656,20232024
data,Germany 2. Bundesliga,Germany,2. Bundesliga,12528,20242025
data,Germany 2. Bundesliga,Germany,2. Bundesliga,14931,20252026
data,Germany 3. Liga,Germany,3. Liga,86,20162017
data,Germany 3. Liga,Germany,3. Liga,87,20152016
data,Germany 3. Liga,Germany,3. Liga,88,20142015
data,Germany 3. Liga,Germany,3. Liga,189,20172018
data,Germany 3. Liga,Germany,3. Liga,1563,20182019
data,Germany 3. Liga,Germany,3. Liga,4186,20132014
data,Germany 3. Liga,Germany,3. Liga,4386,20192020
data,Germany 3. Liga,Germany,3. Liga,4841,20202021
data,Germany 3. Liga,Germany,3. Liga,6041,20212022
data,Germany 3. Liga,Germany,3. Liga,7591,20222023
data,Germany 3. Liga,Germany,3. Liga,9741,20232024
data,Germany 3. Liga,Germany,3. Liga,12623,20242025
data,Germany 3. Liga,Germany,3. Liga,14977,20252026
data,Austria Bundesliga,Austria,Bundesliga,89,20162017
data,Austria Bundesliga,Austria,Bundesliga,90,20152016
data,Austria Bundesliga,Austria,Bundesliga,91,20142015
data,Austria Bundesliga,Austria,Bundesliga,92,20132014
data,Austria Bundesliga,Austria,Bundesliga,190,20172018
data,Austria Bundesliga,Austria,Bundesliga,1556,20182019
data,Austria Bundesliga,Austria,Bundesliga,4384,20192020
data,Austria Bundesliga,Austria,Bundesliga,4861,20202021
data,Austria Bundesliga,Austria,Bundesliga,6008,20212022
data,Austria Bundesliga,Austria,Bundesliga,7890,20222023
data,Austria Bundesliga,Austria,Bundesliga,9954,20232024
data,Austria Bundesliga,Austria,Bundesliga,12472,20242025
data,Austria Bundesliga,Austria,Bundesliga,14923,20252026
data,Austria 2. Liga,Austria,2. Liga,93,20162017
data,Austria 2. Liga,Austria,2. Liga,94,20152016
data,Austria 2. Liga,Austria,2. Liga,95,20142015
data,Austria 2. Liga,Austria,2. Liga,191,20172018
data,Austria 2. Liga,Austria,2. Liga,1550,20182019
data,Austria 2. Liga,Austria,2. Liga,2244,20192020
data,Austria 2. Liga,Austria,2. Liga,4860,20202021
data,Austria 2. Liga,Austria,2. Liga,6007,20212022
data,Austria 2. Liga,Austria,2. Liga,7584,20222023
data,Austria 2. Liga,Austria,2. Liga,9641,20232024
data,Austria 2. Liga,Austria,2. Liga,12478,20242025
data,Austria 2. Liga,Austria,2. Liga,14958,20252026
data,Australia A-League,Australia,A-League,96,20162017
data,Australia A-League,Australia,A-League,97,20152016
data,Australia A-League,Australia,A-League,98,20142015
data,Australia A-League,Australia,A-League,99,20132014
data,Australia A-League,Australia,A-League,192,20172018
data,Australia A-League,Australia,A-League,1555,20182019
data,Australia A-League,Australia,A-League,2640,20192020
data,Australia A-League,Australia,A-League,4303,20122013
data,Australia A-League,Australia,A-League,4310,20112012
data,Australia A-League,Australia,A-League,4319,20102011
data,Australia A-League,Australia,A-League,4326,20092010
data,Australia A-League,Australia,A-League,5361,20202021
data,Australia A-League,Australia,A-League,6639,20212022
data,Australia A-League,Australia,A-League,8008,20222023
data,Australia A-League,Australia,A-League,10505,20232024
data,Australia A-League,Australia,A-League,13703,20242025
data,Australia A-League,Australia,A-League,16036,20252026
data,Brazil Serie A,Brazil,Serie A,100,2017
data,Brazil Serie A,Brazil,Serie A,101,2016
data,Brazil Serie A,Brazil,Serie A,580,2015
data,Brazil Serie A,Brazil,Serie A,581,2014
data,Brazil Serie A,Brazil,Serie A,582,2013
data,Brazil Serie A,Brazil,Serie A,1198,2018
data,Brazil Serie A,Brazil,Serie A,1936,2019
data,Brazil Serie A,Brazil,Serie A,3817,2020
data,Brazil Serie A,Brazil,Serie A,5713,2021
data,Brazil Serie A,Brazil,Serie A,7097,2022
data,Brazil Serie A,Brazil,Serie A,9035,2023
data,Brazil Serie A,Brazil,Serie A,11321,2024
data,Brazil Serie A,Brazil,Serie A,14231,2025
data,Brazil Serie B,Brazil,Serie B,102,2014
data,Brazil Serie B,Brazil,Serie B,103,2013
data,Brazil Serie B,Brazil,Serie B,113,2015
data,Brazil Serie B,Brazil,Serie B,193,2017
data,Brazil Serie B,Brazil,Serie B,1199,2018
data,Brazil Serie B,Brazil,Serie B,1937,2019
data,Brazil Serie B,Brazil,Serie B,4565,2020
data,Brazil Serie B,Brazil,Serie B,5721,2021
data,Brazil Serie B,Brazil,Serie B,5855,2016
data,Brazil Serie B,Brazil,Serie B,7107,2022
data,Brazil Serie B,Brazil,Serie B,9042,2023
data,Brazil Serie B,Brazil,Serie B,11351,2024
data,Brazil Serie B,Brazil,Serie B,14305,2025
data,Sweden Allsvenskan,Sweden,Allsvenskan,104,2017
data,Sweden Allsvenskan,Sweden,Allsvenskan,105,2016
data,Sweden Allsvenskan,Sweden,Allsvenskan,106,2015
data,Sweden Allsvenskan,Sweden,Allsvenskan,107,2014
data,Sweden Allsvenskan,Sweden,Allsvenskan,994,2018
data,Sweden Allsvenskan,Sweden,Allsvenskan,1848,2019
data,Sweden Allsvenskan,Sweden,Allsvenskan,3703,2020
data,Sweden Allsvenskan,Sweden,Allsvenskan,4307,2013
data,Sweden Allsvenskan,Sweden,Allsvenskan,4315,2011
data,Sweden Allsvenskan,Sweden,Allsvenskan,4329,2010
data,Sweden Allsvenskan,Sweden,Allsvenskan,5505,2021
data,Sweden Allsvenskan,Sweden,Allsvenskan,7064,2022
data,Sweden Allsvenskan,Sweden,Allsvenskan,8737,2023
data,Sweden Allsvenskan,Sweden,Allsvenskan,10969,2024
data,Sweden Allsvenskan,Sweden,Allsvenskan,16263,2025
data,Sweden Superettan,Sweden,Superettan,108,2017
data,Sweden Superettan,Sweden,Superettan,109,2016
data,Sweden Superettan,Sweden,Superettan,110,2015
data,Sweden Superettan,Sweden,Superettan,111,2014
data,Sweden Superettan,Sweden,Superettan,995,2018
data,Sweden Superettan,Sweden,Superettan,1849,2019
data,Sweden Superettan,Sweden,Superettan,3704,2020
data,Sweden Superettan,Sweden,Superettan,5502,2021
data,Sweden Superettan,Sweden,Superettan,7065,2022
data,Sweden Superettan,Sweden,Superettan,8738,2023
data,Sweden Superettan,Sweden,Superettan,10987,2024
data,Sweden Superettan,Sweden,Superettan,13975,2025
data,Argentina Primera División,Argentina,Primera División,114,20162017
data,Argentina Primera División,Argentina,Primera División,115,2016
data,Argentina Primera División,Argentina,Primera División,116,2015
data,Argentina Primera División,Argentina,Primera División,196,20172018
data,Argentina Primera División,Argentina,Primera División,1712,20182019
data,Argentina Primera División,Argentina,Primera División,2366,20192020
data,Argentina Primera División,Argentina,Primera División,5220,20202021
data,Argentina Primera División,Argentina,Primera División,5586,2021
data,Argentina Primera División,Argentina,Primera División,7892,2022
data,Argentina Primera División,Argentina,Primera División,8595,2023
data,Argentina Primera División,Argentina,Primera División,11212,2024
data,Argentina Primera División,Argentina,Primera División,15746,2025
data,Argentina Prim B Nacional,Argentina,Prim B Nacional,117,20162017
data,Argentina Prim B Nacional,Argentina,Prim B Nacional,118,2016
data,Argentina Prim B Nacional,Argentina,Prim B Nacional,197,20172018
data,Argentina Prim B Nacional,Argentina,Prim B Nacional,1745,20182019
data,Argentina Prim B Nacional,Argentina,Prim B Nacional,3496,20192020
data,Argentina Prim B Nacional,Argentina,Prim B Nacional,5272,20202021
data,Argentina Prim B Nacional,Argentina,Prim B Nacional,5703,2021
data,Argentina Prim B Nacional,Argentina,Prim B Nacional,7032,2022
data,Argentina Prim B Nacional,Argentina,Prim B Nacional,8836,2023
data,Argentina Prim B Nacional,Argentina,Prim B Nacional,11047,2024
data,Argentina Prim B Nacional,Argentina,Prim B Nacional,14008,2025
data,Argentina Prim B Metro,Argentina,Prim B Metro,119,2016
data,Argentina Prim B Metro,Argentina,Prim B Metro,198,20172018
data,Argentina Prim B Metro,Argentina,Prim B Metro,1479,20162017
data,Argentina Prim B Metro,Argentina,Prim B Metro,1744,20182019
data,Argentina Prim B Metro,Argentina,Prim B Metro,2450,20192020
data,Argentina Prim B Metro,Argentina,Prim B Metro,5584,2021
data,Argentina Prim B Metro,Argentina,Prim B Metro,8491,2022
data,Argentina Prim B Metro,Argentina,Prim B Metro,8843,2023
data,Argentina Prim B Metro,Argentina,Prim B Metro,11046,2024
data,Argentina Prim B Metro,Argentina,Prim B Metro,16265,2025
data,Poland 1. Liga,Poland,1. Liga,120,20162017
data,Poland 1. Liga,Poland,1. Liga,121,20132014
data,Poland 1. Liga,Poland,1. Liga,199,20172018
data,Poland 1. Liga,Poland,1. Liga,220,20152016
data,Poland 1. Liga,Poland,1. Liga,221,20142015
data,Poland 1. Liga,Poland,1. Liga,1590,20182019
data,Poland 1. Liga,Poland,1. Liga,2264,20192020
data,Poland 1. Liga,Poland,1. Liga,3976,20112012
data,Poland 1. Liga,Poland,1. Liga,3977,20102011
data,Poland 1. Liga,Poland,1. Liga,3978,20122013
data,Poland 1. Liga,Poland,1. Liga,3979,20092010
data,Poland 1. Liga,Poland,1. Liga,4763,20202021
data,Poland 1. Liga,Poland,1. Liga,6110,20212022
data,Poland 1. Liga,Poland,1. Liga,7472,20222023
data,Poland 1. Liga,Poland,1. Liga,9596,20232024
data,Poland 1. Liga,Poland,1. Liga,12156,20242025
data,Poland 1. Liga,Poland,1. Liga,14877,20252026
data,Poland 2. Liga,Poland,2. Liga,122,20162017
data,Poland 2. Liga,Poland,2. Liga,123,20142015
data,Poland 2. Liga,Poland,2. Liga,200,20172018
data,Poland 2. Liga,Poland,2. Liga,222,20152016
data,Poland 2. Liga,Poland,2. Liga,1591,20182019
data,Poland 2. Liga,Poland,2. Liga,2265,20192020
data,Poland 2. Liga,Poland,2. Liga,4765,20202021
data,Poland 2. Liga,Poland,2. Liga,6297,20212022
data,Poland 2. Liga,Poland,2. Liga,7962,20222023
data,Poland 2. Liga,Poland,2. Liga,9619,20232024
data,Poland 2. Liga,Poland,2. Liga,12820,20242025
data,Poland 2. Liga,Poland,2. Liga,16152,20252026
data,Belarus Vysheyshaya Liga,Belarus,Vysheyshaya Liga,124,2016
data,Belarus Vysheyshaya Liga,Belarus,Vysheyshaya Liga,125,2015
data,Belarus Vysheyshaya Liga,Belarus,Vysheyshaya Liga,126,2014
data,Belarus Vysheyshaya Liga,Belarus,Vysheyshaya Liga,151,2017
data,Belarus Vysheyshaya Liga,Belarus,Vysheyshaya Liga,248,2013
data,Belarus Vysheyshaya Liga,Belarus,Vysheyshaya Liga,249,2012
data,Belarus Vysheyshaya Liga,Belarus,Vysheyshaya Liga,1116,2018
data,Belarus Vysheyshaya Liga,Belarus,Vysheyshaya Liga,1917,2019
data,Belarus Vysheyshaya Liga,Belarus,Vysheyshaya Liga,3811,2020
data,Belarus Vysheyshaya Liga,Belarus,Vysheyshaya Liga,5589,2021
data,Belarus Vysheyshaya Liga,Belarus,Vysheyshaya Liga,7091,2022
data,Belarus Vysheyshaya Liga,Belarus,Vysheyshaya Liga,9045,2023
data,Belarus Vysheyshaya Liga,Belarus,Vysheyshaya Liga,11310,2024
data,Belarus Vysheyshaya Liga,Belarus,Vysheyshaya Liga,16149,2025
data,China Chinese Super League,China,Chinese Super League,127,2016
data,China Chinese Super League,China,Chinese Super League,128,2015
data,China Chinese Super League,China,Chinese Super League,129,2014
data,China Chinese Super League,China,Chinese Super League,152,2017
data,China Chinese Super League,China,Chinese Super League,1072,2018
data,China Chinese Super League,China,Chinese Super League,1871,2019
data,China Chinese Super League,China,Chinese Super League,4306,2013
data,China Chinese Super League,China,Chinese Super League,4313,2012
data,China Chinese Super League,China,Chinese Super League,4330,2011
data,China Chinese Super League,China,Chinese Super League,4337,2010
data,China Chinese Super League,China,Chinese Super League,4382,2020
data,China Chinese Super League,China,Chinese Super League,5728,2021
data,China Chinese Super League,China,Chinese Super League,7356,2022
data,China Chinese Super League,China,Chinese Super League,9186,2023
data,China Chinese Super League,China,Chinese Super League,11217,2024
data,China Chinese Super League,China,Chinese Super League,14153,2025
data,Japan J2 League,Japan,J2 League,130,2016
data,Japan J2 League,Japan,J2 League,131,2015
data,Japan J2 League,Japan,J2 League,132,2014
data,Japan J2 League,Japan,J2 League,153,2017
data,Japan J2 League,Japan,J2 League,1073,2018
data,Japan J2 League,Japan,J2 League,1865,2019
data,Japan J2 League,Japan,J2 League,3684,2020
data,Japan J2 League,Japan,J2 League,5495,2021
data,Japan J2 League,Japan,J2 League,6936,2022
data,Japan J2 League,Japan,J2 League,8811,2023
data,Japan J2 League,Japan,J2 League,10995,2024
data,Japan J2 League,Japan,J2 League,16239,2025
data,Armenia Armenian Premier League,Armenia,Armenian Premier League,133,20162017
data,Armenia Armenian Premier League,Armenia,Armenian Premier League,134,20142015
data,Armenia Armenian Premier League,Armenia,Armenian Premier League,135,20132014
data,Armenia Armenian Premier League,Armenia,Armenian Premier League,185,20172018
data,Armenia Armenian Premier League,Armenia,Armenian Premier League,216,20152016
data,Armenia Armenian Premier League,Armenia,Armenian Premier League,1671,20182019
data,Armenia Armenian Premier League,Armenia,Armenian Premier League,2403,20192020
data,Armenia Armenian Premier League,Armenia,Armenian Premier League,4613,20202021
data,Armenia Armenian Premier League,Armenia,Armenian Premier League,6151,20212022
data,Armenia Armenian Premier League,Armenia,Armenian Premier League,7863,20222023
data,Armenia Armenian Premier League,Armenia,Armenian Premier League,9703,20232024
data,Armenia Armenian Premier League,Armenia,Armenian Premier League,12638,20242025
data,Armenia Armenian Premier League,Armenia,Armenian Premier League,15373,20252026
data,Switzerland Super League,Switzerland,Super League,136,20162017
data,Switzerland Super League,Switzerland,Super League,137,20152016
data,Switzerland Super League,Switzerland,Super League,138,20142015
data,Switzerland Super League,Switzerland,Super League,139,20132014
data,Switzerland Super League,Switzerland,Super League,140,20122013
data,Switzerland Super League,Switzerland,Super League,186,20172018
data,Switzerland Super League,Switzerland,Super League,1610,20182019
data,Switzerland Super League,Switzerland,Super League,2249,20192020
data,Switzerland Super League,Switzerland,Super League,4906,20202021
data,Switzerland Super League,Switzerland,Super League,6044,20212022
data,Switzerland Super League,Switzerland,Super League,7504,20222023
data,Switzerland Super League,Switzerland,Super League,9580,20232024
data,Switzerland Super League,Switzerland,Super League,12326,20242025
data,Switzerland Super League,Switzerland,Super League,15047,20252026
data,Switzerland Challenge League,Switzerland,Challenge League,141,20162017
data,Switzerland Challenge League,Switzerland,Challenge League,142,20142015
data,Switzerland Challenge League,Switzerland,Challenge League,187,20172018
data,Switzerland Challenge League,Switzerland,Challenge League,219,20152016
data,Switzerland Challenge League,Switzerland,Challenge League,1611,20182019
data,Switzerland Challenge League,Switzerland,Challenge League,2250,20192020
data,Switzerland Challenge League,Switzerland,Challenge League,4907,20202021
data,Switzerland Challenge League,Switzerland,Challenge League,6034,20212022
data,Switzerland Challenge League,Switzerland,Challenge League,7496,20222023
data,Switzerland Challenge League,Switzerland,Challenge League,9569,20232024
data,Switzerland Challenge League,Switzerland,Challenge League,12277,20242025
data,Switzerland Challenge League,Switzerland,Challenge League,14974,20252026
data,Azerbaijan Premyer Liqası,Azerbaijan,Premyer Liqası,143,20162017
data,Azerbaijan Premyer Liqası,Azerbaijan,Premyer Liqası,144,20152016
data,Azerbaijan Premyer Liqası,Azerbaijan,Premyer Liqası,145,20142015
data,Azerbaijan Premyer Liqası,Azerbaijan,Premyer Liqası,146,20132014
data,Azerbaijan Premyer Liqası,Azerbaijan,Premyer Liqası,194,20172018
data,Azerbaijan Premyer Liqası,Azerbaijan,Premyer Liqası,1713,20182019
data,Azerbaijan Premyer Liqası,Azerbaijan,Premyer Liqası,2641,20192020
data,Azerbaijan Premyer Liqası,Azerbaijan,Premyer Liqası,4754,20202021
data,Azerbaijan Premyer Liqası,Azerbaijan,Premyer Liqası,6221,20212022
data,Azerbaijan Premyer Liqası,Azerbaijan,Premyer Liqası,7850,20222023
data,Azerbaijan Premyer Liqası,Azerbaijan,Premyer Liqası,9903,20232024
data,Azerbaijan Premyer Liqası,Azerbaijan,Premyer Liqası,12740,20242025
data,Azerbaijan Premyer Liqası,Azerbaijan,Premyer Liqası,15377,20252026
data,Russia Russian Premier League,Russia,Russian Premier League,147,20162017
data,Russia Russian Premier League,Russia,Russian Premier League,148,20152016
data,Russia Russian Premier League,Russia,Russian Premier League,149,20142015
data,Russia Russian Premier League,Russia,Russian Premier League,150,20132014
data,Russia Russian Premier League,Russia,Russian Premier League,195,20172018
data,Russia Russian Premier League,Russia,Russian Premier League,1597,20182019
data,Russia Russian Premier League,Russia,Russian Premier League,2240,20192020
data,Russia Russian Premier League,Russia,Russian Premier League,4643,20202021
data,Russia Russian Premier League,Russia,Russian Premier League,5934,20212022
data,Russia Russian Premier League,Russia,Russian Premier League,7573,20222023
data,Russia Russian Premier League,Russia,Russian Premier League,9664,20232024
data,Russia Russian Premier League,Russia,Russian Premier League,12335,20242025
data,Russia Russian Premier League,Russia,Russian Premier League,14893,20252026
data,China China League One,China,China League One,154,2017
data,China China League One,China,China League One,155,2016
data,China China League One,China,China League One,156,2015
data,China China League One,China,China League One,160,2013
data,China China League One,China,China League One,1178,2018
data,China China League One,China,China League One,1919,2019
data,China China League One,China,China League One,5729,2021
data,China China League One,China,China League One,7445,2022
data,China China League One,China,China League One,8314,2020
data,China China League One,China,China League One,9220,2023
data,China China League One,China,China League One,11330,2024
data,China China League One,China,China League One,14400,2025
data,Japan J1 League,Japan,J1 League,162,2017
data,Japan J1 League,Japan,J1 League,250,2016
data,Japan J1 League,Japan,J1 League,251,2015
data,Japan J1 League,Japan,J1 League,252,2014
data,Japan J1 League,Japan,J1 League,253,2013
data,Japan J1 League,Japan,J1 League,254,2012
data,Japan J1 League,Japan,J1 League,1071,2018
data,Japan J1 League,Japan,J1 League,1864,2019
data,Japan J1 League,Japan,J1 League,3686,2020
data,Japan J1 League,Japan,J1 League,5434,2021
data,Japan J1 League,Japan,J1 League,6935,2022
data,Japan J1 League,Japan,J1 League,8810,2023
data,Japan J1 League,Japan,J1 League,10994,2024
data,Japan J1 League,Japan,J1 League,16242,2025
data,Portugal LigaPro,Portugal,LigaPro,174,20172018
data,Portugal LigaPro,Portugal,LigaPro,965,20162017
data,Portugal LigaPro,Portugal,LigaPro,966,20152016
data,Portugal LigaPro,Portugal,LigaPro,1594,20182019
data,Portugal LigaPro,Portugal,LigaPro,2320,20192020
data,Portugal LigaPro,Portugal,LigaPro,4284,20142015
data,Portugal LigaPro,Portugal,LigaPro,4291,20122013
data,Portugal LigaPro,Portugal,LigaPro,4309,20102011
data,Portugal LigaPro,Portugal,LigaPro,4322,20092010
data,Portugal LigaPro,Portugal,LigaPro,4886,20202021
data,Portugal LigaPro,Portugal,LigaPro,6116,20212022
data,Portugal LigaPro,Portugal,LigaPro,7732,20222023
data,Portugal LigaPro,Portugal,LigaPro,9704,20232024
data,Portugal LigaPro,Portugal,LigaPro,12585,20242025
data,Portugal LigaPro,Portugal,LigaPro,15717,20252026
data,Switzerland 1. Liga Promotion,Switzerland,1. Liga Promotion,201,20172018
data,Switzerland 1. Liga Promotion,Switzerland,1. Liga Promotion,213,20162017
data,Switzerland 1. Liga Promotion,Switzerland,1. Liga Promotion,214,20152016
data,Switzerland 1. Liga Promotion,Switzerland,1. Liga Promotion,215,20142015
data,Switzerland 1. Liga Promotion,Switzerland,1. Liga Promotion,217,20132014
data,Switzerland 1. Liga Promotion,Switzerland,1. Liga Promotion,1612,20182019
data,Switzerland 1. Liga Promotion,Switzerland,1. Liga Promotion,2330,20192020
data,Switzerland 1. Liga Promotion,Switzerland,1. Liga Promotion,4633,20202021
data,Switzerland 1. Liga Promotion,Switzerland,1. Liga Promotion,6319,20212022
data,Switzerland 1. Liga Promotion,Switzerland,1. Liga Promotion,7711,20222023
data,Switzerland 1. Liga Promotion,Switzerland,1. Liga Promotion,9719,20232024
data,Switzerland 1. Liga Promotion,Switzerland,1. Liga Promotion,12547,20242025
data,Switzerland 1. Liga Promotion,Switzerland,1. Liga Promotion,15039,20252026
data,Latvia Virsliga,Latvia,Virsliga,202,2017
data,Latvia Virsliga,Latvia,Virsliga,203,2016
data,Latvia Virsliga,Latvia,Virsliga,204,2015
data,Latvia Virsliga,Latvia,Virsliga,205,2014
data,Latvia Virsliga,Latvia,Virsliga,206,2013
data,Latvia Virsliga,Latvia,Virsliga,1171,2018
data,Latvia Virsliga,Latvia,Virsliga,1930,2019
data,Latvia Virsliga,Latvia,Virsliga,3566,2020
data,Latvia Virsliga,Latvia,Virsliga,5622,2021
data,Latvia Virsliga,Latvia,Virsliga,7132,2022
data,Latvia Virsliga,Latvia,Virsliga,9043,2023
data,Latvia Virsliga,Latvia,Virsliga,11280,2024
data,Latvia Virsliga,Latvia,Virsliga,14275,2025
data,Greece Super League,Greece,Super League,207,20172018
data,Greece Super League,Greece,Super League,208,20162017
data,Greece Super League,Greece,Super League,209,20152016
data,Greece Super League,Greece,Super League,933,20142015
data,Greece Super League,Greece,Super League,934,20132014
data,Greece Super League,Greece,Super League,1752,20182019
data,Greece Super League,Greece,Super League,2667,20192020
data,Greece Super League,Greece,Super League,4957,20202021
data,Greece Super League,Greece,Super League,6282,20212022
data,Greece Super League,Greece,Super League,7954,20222023
data,Greece Super League,Greece,Super League,9889,20232024
data,Greece Super League,Greece,Super League,12734,20242025
data,Greece Super League,Greece,Super League,15163,20252026
data,Egypt Egyptian Premier League,Egypt,Egyptian Premier League,210,20162017
data,Egypt Egyptian Premier League,Egypt,Egyptian Premier League,211,20152016
data,Egypt Egyptian Premier League,Egypt,Egyptian Premier League,212,20142015
data,Egypt Egyptian Premier League,Egypt,Egyptian Premier League,218,20172018
data,Egypt Egyptian Premier League,Egypt,Egyptian Premier League,1673,20182019
data,Egypt Egyptian Premier League,Egypt,Egyptian Premier League,2889,20192020
data,Egypt Egyptian Premier League,Egypt,Egyptian Premier League,5342,20202021
data,Egypt Egyptian Premier League,Egypt,Egyptian Premier League,6752,20212022
data,Egypt Egyptian Premier League,Egypt,Egyptian Premier League,8520,20222023
data,Egypt Egyptian Premier League,Egypt,Egyptian Premier League,10652,20232024
data,Egypt Egyptian Premier League,Egypt,Egyptian Premier League,13704,20242025
data,Egypt Egyptian Premier League,Egypt,Egyptian Premier League,15544,20252026
data,Scotland Championship,Scotland,Championship,224,20172018
data,Scotland Championship,Scotland,Championship,225,20162017
data,Scotland Championship,Scotland,Championship,226,20152016
data,Scotland Championship,Scotland,Championship,227,20142015
data,Scotland Championship,Scotland,Championship,228,20132014
data,Scotland Championship,Scotland,Championship,229,20122013
data,Scotland Championship,Scotland,Championship,1601,20182019
data,Scotland Championship,Scotland,Championship,2358,20192020
data,Scotland Championship,Scotland,Championship,4129,20112012
data,Scotland Championship,Scotland,Championship,4135,20102011
data,Scotland Championship,Scotland,Championship,4137,20092010
data,Scotland Championship,Scotland,Championship,4547,20202021
data,Scotland Championship,Scotland,Championship,5991,20212022
data,Scotland Championship,Scotland,Championship,7498,20222023
data,Scotland Championship,Scotland,Championship,9637,20232024
data,Scotland Championship,Scotland,Championship,12456,20242025
data,Scotland Championship,Scotland,Championship,15061,20252026
data,Scotland League One,Scotland,League One,230,20172018
data,Scotland League One,Scotland,League One,231,20162017
data,Scotland League One,Scotland,League One,232,20152016
data,Scotland League One,Scotland,League One,233,20142015
data,Scotland League One,Scotland,League One,234,20132014
data,Scotland League One,Scotland,League One,235,20122013
data,Scotland League One,Scotland,League One,1602,20182019
data,Scotland League One,Scotland,League One,2370,20192020
data,Scotland League One,Scotland,League One,4196,20112012
data,Scotland League One,Scotland,League One,4198,20102011
data,Scotland League One,Scotland,League One,4201,20092010
data,Scotland League One,Scotland,League One,4902,20202021
data,Scotland League One,Scotland,League One,5976,20212022
data,Scotland League One,Scotland,League One,7505,20222023
data,Scotland League One,Scotland,League One,9639,20232024
data,Scotland League One,Scotland,League One,12474,20242025
data,Scotland League One,Scotland,League One,14943,20252026
data,Thailand Thai League T1,Thailand,Thai League T1,236,2017
data,Thailand Thai League T1,Thailand,Thai League T1,237,2016
data,Thailand Thai League T1,Thailand,Thai League T1,238,2015
data,Thailand Thai League T1,Thailand,Thai League T1,239,2014
data,Thailand Thai League T1,Thailand,Thai League T1,240,2013
data,Thailand Thai League T1,Thailand,Thai League T1,1206,2018
data,Thailand Thai League T1,Thailand,Thai League T1,1883,2019
data,Thailand Thai League T1,Thailand,Thai League T1,3793,2020
data,Thailand Thai League T1,Thailand,Thai League T1,6340,20212022
data,Thailand Thai League T1,Thailand,Thai League T1,7636,20222023
data,Thailand Thai League T1,Thailand,Thai League T1,9702,20232024
data,Thailand Thai League T1,Thailand,Thai League T1,12475,20242025
data,Thailand Thai League T1,Thailand,Thai League T1,15140,20252026
data,Scotland League Two,Scotland,League Two,241,20172018
data,Scotland League Two,Scotland,League Two,242,20162017
data,Scotland League Two,Scotland,League Two,243,20152016
data,Scotland League Two,Scotland,League Two,244,20142015
data,Scotland League Two,Scotland,League Two,245,20132014
data,Scotland League Two,Scotland,League Two,1603,20182019
data,Scotland League Two,Scotland,League Two,2373,20192020
data,Scotland League Two,Scotland,League Two,4207,20122013
data,Scotland League Two,Scotland,League Two,4215,20112012
data,Scotland League Two,Scotland,League Two,4220,20102011
data,Scotland League Two,Scotland,League Two,4223,20092010
data,Scotland League Two,Scotland,League Two,4903,20202021
data,Scotland League Two,Scotland,League Two,5974,20212022
data,Scotland League Two,Scotland,League Two,7506,20222023
data,Scotland League Two,Scotland,League Two,9638,20232024
data,Scotland League Two,Scotland,League Two,12453,20242025
data,Scotland League Two,Scotland,League Two,15209,20252026
data,Poland Ekstraklasa,Poland,Ekstraklasa,255,20172018
data,Poland Ekstraklasa,Poland,Ekstraklasa,256,20152016
data,Poland Ekstraklasa,Poland,Ekstraklasa,257,20132014
data,Poland Ekstraklasa,Poland,Ekstraklasa,278,20162017
data,Poland Ekstraklasa,Poland,Ekstraklasa,279,20142015
data,Poland Ekstraklasa,Poland,Ekstraklasa,1589,20182019
data,Poland Ekstraklasa,Poland,Ekstraklasa,2328,20192020
data,Poland Ekstraklasa,Poland,Ekstraklasa,3972,20092010
data,Poland Ekstraklasa,Poland,Ekstraklasa,3973,20122013
data,Poland Ekstraklasa,Poland,Ekstraklasa,3974,20102011
data,Poland Ekstraklasa,Poland,Ekstraklasa,3975,20112012
data,Poland Ekstraklasa,Poland,Ekstraklasa,4760,20202021
data,Poland Ekstraklasa,Poland,Ekstraklasa,5948,20212022
data,Poland Ekstraklasa,Poland,Ekstraklasa,7428,20222023
data,Poland Ekstraklasa,Poland,Ekstraklasa,9553,20232024
data,Poland Ekstraklasa,Poland,Ekstraklasa,12120,20242025
data,Poland Ekstraklasa,Poland,Ekstraklasa,15031,20252026
data,Lithuania A Lyga,Lithuania,A Lyga,258,2017
data,Lithuania A Lyga,Lithuania,A Lyga,259,2016
data,Lithuania A Lyga,Lithuania,A Lyga,260,2015
data,Lithuania A Lyga,Lithuania,A Lyga,261,2014
data,Lithuania A Lyga,Lithuania,A Lyga,1149,2018
data,Lithuania A Lyga,Lithuania,A Lyga,1928,2019
data,Lithuania A Lyga,Lithuania,A Lyga,3825,2020
data,Lithuania A Lyga,Lithuania,A Lyga,5625,2021
data,Lithuania A Lyga,Lithuania,A Lyga,7133,2022
data,Lithuania A Lyga,Lithuania,A Lyga,8960,2023
data,Lithuania A Lyga,Lithuania,A Lyga,11246,2024
data,Lithuania A Lyga,Lithuania,A Lyga,14291,2025
data,Lithuania 1 Lyga,Lithuania,1 Lyga,262,2017
data,Lithuania 1 Lyga,Lithuania,1 Lyga,263,2016
data,Lithuania 1 Lyga,Lithuania,1 Lyga,264,2015
data,Lithuania 1 Lyga,Lithuania,1 Lyga,265,2014
data,Lithuania 1 Lyga,Lithuania,1 Lyga,266,2013
data,Lithuania 1 Lyga,Lithuania,1 Lyga,1150,2018
data,Lithuania 1 Lyga,Lithuania,1 Lyga,1935,2019
data,Lithuania 1 Lyga,Lithuania,1 Lyga,4452,2020
data,Lithuania 1 Lyga,Lithuania,1 Lyga,5758,2021
data,Lithuania 1 Lyga,Lithuania,1 Lyga,7294,2022
data,Lithuania 1 Lyga,Lithuania,1 Lyga,9069,2023
data,Lithuania 1 Lyga,Lithuania,1 Lyga,11320,2024
data,Lithuania 1 Lyga,Lithuania,1 Lyga,15910,2025
data,South Africa Premier Soccer League,South Africa,Premier Soccer League,267,20172018
data,South Africa Premier Soccer League,South Africa,Premier Soccer League,268,20162017
data,South Africa Premier Soccer League,South Africa,Premier Soccer League,269,20152016
data,South Africa Premier Soccer League,South Africa,Premier Soccer League,280,20142015
data,South Africa Premier Soccer League,South Africa,Premier Soccer League,281,20132014
data,South Africa Premier Soccer League,South Africa,Premier Soccer League,1684,20182019
data,South Africa Premier Soccer League,South Africa,Premier Soccer League,2327,20192020
data,South Africa Premier Soccer League,South Africa,Premier Soccer League,5225,20202021
data,South Africa Premier Soccer League,South Africa,Premier Soccer League,6311,20212022
data,South Africa Premier Soccer League,South Africa,Premier Soccer League,7851,20222023
data,South Africa Premier Soccer League,South Africa,Premier Soccer League,9814,20232024
data,South Africa Premier Soccer League,South Africa,Premier Soccer League,13284,20242025
data,South Africa Premier Soccer League,South Africa,Premier Soccer League,15587,20252026
data,Algeria Ligue 1,Algeria,Ligue 1,270,20172018
data,Algeria Ligue 1,Algeria,Ligue 1,271,20162017
data,Algeria Ligue 1,Algeria,Ligue 1,272,20152016
data,Algeria Ligue 1,Algeria,Ligue 1,273,20142015
data,Algeria Ligue 1,Algeria,Ligue 1,274,20132014
data,Algeria Ligue 1,Algeria,Ligue 1,1710,20182019
data,Algeria Ligue 1,Algeria,Ligue 1,2633,20192020
data,Algeria Ligue 1,Algeria,Ligue 1,5238,20202021
data,Algeria Ligue 1,Algeria,Ligue 1,6733,20212022
data,Algeria Ligue 1,Algeria,Ligue 1,7919,20222023
data,Algeria Ligue 1,Algeria,Ligue 1,10521,20232024
data,Algeria Ligue 1,Algeria,Ligue 1,12665,20242025
data,Algeria Ligue 1,Algeria,Ligue 1,15593,20252026
data,Algeria Ligue 2,Algeria,Ligue 2,275,20172018
data,Algeria Ligue 2,Algeria,Ligue 2,276,20162017
data,Algeria Ligue 2,Algeria,Ligue 2,277,20152016
data,Algeria Ligue 2,Algeria,Ligue 2,282,20142015
data,Algeria Ligue 2,Algeria,Ligue 2,283,20132014
data,Algeria Ligue 2,Algeria,Ligue 2,1711,20182019
data,Algeria Ligue 2,Algeria,Ligue 2,2636,20192020
data,Algeria Ligue 2,Algeria,Ligue 2,5460,20202021
data,Algeria Ligue 2,Algeria,Ligue 2,6734,20212022
data,Algeria Ligue 2,Algeria,Ligue 2,8177,20222023
data,Algeria Ligue 2,Algeria,Ligue 2,10727,20232024
data,Algeria Ligue 2,Algeria,Ligue 2,13109,20242025
data,Algeria Ligue 2,Algeria,Ligue 2,16118,20252026
data,Hong Kong Hong Kong Premier League,Hong Kong,Hong Kong Premier League,284,20172018
data,Hong Kong Hong Kong Premier League,Hong Kong,Hong Kong Premier League,285,20162017
data,Hong Kong Hong Kong Premier League,Hong Kong,Hong Kong Premier League,286,20152016
data,Hong Kong Hong Kong Premier League,Hong Kong,Hong Kong Premier League,287,20142015
data,Hong Kong Hong Kong Premier League,Hong Kong,Hong Kong Premier League,288,20132014
data,Hong Kong Hong Kong Premier League,Hong Kong,Hong Kong Premier League,1716,20182019
data,Hong Kong Hong Kong Premier League,Hong Kong,Hong Kong Premier League,2668,20192020
data,Hong Kong Hong Kong Premier League,Hong Kong,Hong Kong Premier League,5279,20202021
data,Hong Kong Hong Kong Premier League,Hong Kong,Hong Kong Premier League,6718,20212022
data,Hong Kong Hong Kong Premier League,Hong Kong,Hong Kong Premier League,8205,20222023
data,Hong Kong Hong Kong Premier League,Hong Kong,Hong Kong Premier League,10413,20232024
data,Hong Kong Hong Kong Premier League,Hong Kong,Hong Kong Premier League,15841,20252026
data,Hong Kong Hong Kong Premier League,Hong Kong,Hong Kong Premier League,16274,20242025
data,Japan J3 League,Japan,J3 League,289,2017
data,Japan J3 League,Japan,J3 League,290,2016
data,Japan J3 League,Japan,J3 League,291,2015
data,Japan J3 League,Japan,J3 League,292,2014
data,Japan J3 League,Japan,J3 League,1075,2018
data,Japan J3 League,Japan,J3 League,1893,2019
data,Japan J3 League,Japan,J3 League,3683,2020
data,Japan J3 League,Japan,J3 League,5508,2021
data,Japan J3 League,Japan,J3 League,6938,2022
data,Japan J3 League,Japan,J3 League,8812,2023
data,Japan J3 League,Japan,J3 League,10996,2024
data,Japan J3 League,Japan,J3 League,13956,2025
data,Armenia First League,Armenia,First League,293,20172018
data,Armenia First League,Armenia,First League,294,20162017
data,Armenia First League,Armenia,First League,295,20152016
data,Armenia First League,Armenia,First League,296,20142015
data,Armenia First League,Armenia,First League,297,20132014
data,Armenia First League,Armenia,First League,1672,20182019
data,Armenia First League,Armenia,First League,2639,20192020
data,Armenia First League,Armenia,First League,4614,20202021
data,Armenia First League,Armenia,First League,6143,20212022
data,Armenia First League,Armenia,First League,7918,20222023
data,Armenia First League,Armenia,First League,9835,20232024
data,Armenia First League,Armenia,First League,13344,20242025
data,Armenia First League,Armenia,First League,15467,20252026
data,Albania Superliga,Albania,Superliga,298,20172018
data,Albania Superliga,Albania,Superliga,299,20162017
data,Albania Superliga,Albania,Superliga,300,20142015
data,Albania Superliga,Albania,Superliga,301,20132014
data,Albania Superliga,Albania,Superliga,331,20152016
data,Albania Superliga,Albania,Superliga,1642,20182019
data,Albania Superliga,Albania,Superliga,2710,20192020
data,Albania Superliga,Albania,Superliga,4859,20202021
data,Albania Superliga,Albania,Superliga,6220,20212022
data,Albania Superliga,Albania,Superliga,7862,20222023
data,Albania Superliga,Albania,Superliga,10214,20232024
data,Albania Superliga,Albania,Superliga,12699,20242025
data,Albania Superliga,Albania,Superliga,15365,20252026
data,France National,France,National,302,20172018
data,France National,France,National,303,20162017
data,France National,France,National,304,20152016
data,France National,France,National,305,20142015
data,France National,France,National,306,20132014
data,France National,France,National,1640,20182019
data,France National,France,National,2423,20192020
data,France National,France,National,4646,20202021
data,France National,France,National,6172,20212022
data,France National,France,National,7849,20222023
data,France National,France,National,9810,20232024
data,France National,France,National,12777,20242025
data,France National,France,National,15361,20252026
data,Mexico Liga MX,Mexico,Liga MX,307,20172018
data,Mexico Liga MX,Mexico,Liga MX,308,20162017
data,Mexico Liga MX,Mexico,Liga MX,309,20152016
data,Mexico Liga MX,Mexico,Liga MX,310,20142015
data,Mexico Liga MX,Mexico,Liga MX,311,20132014
data,Mexico Liga MX,Mexico,Liga MX,312,20122013
data,Mexico Liga MX,Mexico,Liga MX,1582,20182019
data,Mexico Liga MX,Mexico,Liga MX,2270,20192020
data,Mexico Liga MX,Mexico,Liga MX,4507,20202021
data,Mexico Liga MX,Mexico,Liga MX,6038,20212022
data,Mexico Liga MX,Mexico,Liga MX,7425,20222023
data,Mexico Liga MX,Mexico,Liga MX,9525,20232024
data,Mexico Liga MX,Mexico,Liga MX,12136,20242025
data,Mexico Liga MX,Mexico,Liga MX,15234,20252026
data,Mexico Ascenso MX,Mexico,Ascenso MX,313,20172018
data,Mexico Ascenso MX,Mexico,Ascenso MX,314,20162017
data,Mexico Ascenso MX,Mexico,Ascenso MX,315,20152016
data,Mexico Ascenso MX,Mexico,Ascenso MX,316,20142015
data,Mexico Ascenso MX,Mexico,Ascenso MX,317,20132014
data,Mexico Ascenso MX,Mexico,Ascenso MX,1583,20182019
data,Mexico Ascenso MX,Mexico,Ascenso MX,2315,20192020
data,Mexico Ascenso MX,Mexico,Ascenso MX,4664,20202021
data,Mexico Ascenso MX,Mexico,Ascenso MX,6104,20212022
data,Mexico Ascenso MX,Mexico,Ascenso MX,7489,20222023
data,Mexico Ascenso MX,Mexico,Ascenso MX,9701,20232024
data,Mexico Ascenso MX,Mexico,Ascenso MX,12643,20242025
data,Mexico Ascenso MX,Mexico,Ascenso MX,15253,20252026
data,Norway First Division,Norway,First Division,318,2017
data,Norway First Division,Norway,First Division,319,2014
data,Norway First Division,Norway,First Division,320,2013
data,Norway First Division,Norway,First Division,332,2016
data,Norway First Division,Norway,First Division,333,2015
data,Norway First Division,Norway,First Division,996,2018
data,Norway First Division,Norway,First Division,1840,2019
data,Norway First Division,Norway,First Division,3696,2020
data,Norway First Division,Norway,First Division,4267,2012
data,Norway First Division,Norway,First Division,4271,2011
data,Norway First Division,Norway,First Division,4273,2010
data,Norway First Division,Norway,First Division,5497,2021
data,Norway First Division,Norway,First Division,7051,2022
data,Norway First Division,Norway,First Division,8740,2023
data,Norway First Division,Norway,First Division,10986,2024
data,Norway First Division,Norway,First Division,13990,2025
data,Russia FNL,Russia,FNL,321,20172018
data,Russia FNL,Russia,FNL,322,20162017
data,Russia FNL,Russia,FNL,323,20152016
data,Russia FNL,Russia,FNL,324,20142015
data,Russia FNL,Russia,FNL,325,20132014
data,Russia FNL,Russia,FNL,1631,20182019
data,Russia FNL,Russia,FNL,2743,20192020
data,Russia FNL,Russia,FNL,4538,20202021
data,Russia FNL,Russia,FNL,5935,20212022
data,Russia FNL,Russia,FNL,7542,20222023
data,Russia FNL,Russia,FNL,9691,20232024
data,Russia FNL,Russia,FNL,12540,20242025
data,Russia FNL,Russia,FNL,15150,20252026
data,Singapore S.League,Singapore,S.League,326,2017
data,Singapore S.League,Singapore,S.League,327,2016
data,Singapore S.League,Singapore,S.League,328,2015
data,Singapore S.League,Singapore,S.League,329,2014
data,Singapore S.League,Singapore,S.League,330,2013
data,Singapore S.League,Singapore,S.League,1126,2018
data,Singapore S.League,Singapore,S.League,1867,2019
data,Singapore S.League,Singapore,S.League,3705,2020
data,Singapore S.League,Singapore,S.League,5621,2021
data,Singapore S.League,Singapore,S.League,7059,2022
data,Singapore S.League,Singapore,S.League,8944,2023
data,Singapore S.League,Singapore,S.League,11495,2024
data,Singapore S.League,Singapore,S.League,15327,2025
data,Indonesia Liga 1,Indonesia,Liga 1,334,2017
data,Indonesia Liga 1,Indonesia,Liga 1,1207,2018
data,Indonesia Liga 1,Indonesia,Liga 1,1975,2019
data,Indonesia Liga 1,Indonesia,Liga 1,3802,2020
data,Indonesia Liga 1,Indonesia,Liga 1,5969,20212022
data,Indonesia Liga 1,Indonesia,Liga 1,9418,20232024
data,Indonesia Liga 1,Indonesia,Liga 1,9486,20222023
data,Indonesia Liga 1,Indonesia,Liga 1,13046,20242025
data,Indonesia Liga 1,Indonesia,Liga 1,15283,20252026
data,Ghana Ghana Premier League,Ghana,Ghana Premier League,335,2017
data,Ghana Ghana Premier League,Ghana,Ghana Premier League,336,2016
data,Ghana Ghana Premier League,Ghana,Ghana Premier League,337,2015
data,Ghana Ghana Premier League,Ghana,Ghana Premier League,338,20132014
data,Ghana Ghana Premier League,Ghana,Ghana Premier League,339,20122013
data,Ghana Ghana Premier League,Ghana,Ghana Premier League,1127,2018
data,Ghana Ghana Premier League,Ghana,Ghana Premier League,3564,2020
data,Ghana Ghana Premier League,Ghana,Ghana Premier League,5458,20202021
data,Ghana Ghana Premier League,Ghana,Ghana Premier League,6737,20212022
data,Ghana Ghana Premier League,Ghana,Ghana Premier League,8194,20222023
data,Ghana Ghana Premier League,Ghana,Ghana Premier League,10158,20232024
data,Ghana Ghana Premier League,Ghana,Ghana Premier League,13050,20242025
data,Ghana Ghana Premier League,Ghana,Ghana Premier League,15618,20252026
data,Germany U19 Bundesliga,Germany,U19 Bundesliga,340,20172018
data,Germany U19 Bundesliga,Germany,U19 Bundesliga,341,20162017
data,Germany U19 Bundesliga,Germany,U19 Bundesliga,342,20152016
data,Germany U19 Bundesliga,Germany,U19 Bundesliga,343,20142015
data,Germany U19 Bundesliga,Germany,U19 Bundesliga,344,20132014
data,Germany U19 Bundesliga,Germany,U19 Bundesliga,1638,20182019
data,Germany U19 Bundesliga,Germany,U19 Bundesliga,2469,20192020
data,Germany U19 Bundesliga,Germany,U19 Bundesliga,4229,20112012
data,Germany U19 Bundesliga,Germany,U19 Bundesliga,4888,20202021
data,Germany U19 Bundesliga,Germany,U19 Bundesliga,6102,20212022
data,Germany U19 Bundesliga,Germany,U19 Bundesliga,9138,20222023
data,Germany U19 Bundesliga,Germany,U19 Bundesliga,9799,20232024
data,Germany U19 Bundesliga,Germany,U19 Bundesliga,14044,20242025
data,Germany U19 Bundesliga,Germany,U19 Bundesliga,15241,20252026
data,Estonia Meistriliiga,Estonia,Meistriliiga,345,2017
data,Estonia Meistriliiga,Estonia,Meistriliiga,346,2016
data,Estonia Meistriliiga,Estonia,Meistriliiga,347,2015
data,Estonia Meistriliiga,Estonia,Meistriliiga,348,2014
data,Estonia Meistriliiga,Estonia,Meistriliiga,349,2013
data,Estonia Meistriliiga,Estonia,Meistriliiga,988,2018
data,Estonia Meistriliiga,Estonia,Meistriliiga,1882,2019
data,Estonia Meistriliiga,Estonia,Meistriliiga,3675,2020
data,Estonia Meistriliiga,Estonia,Meistriliiga,5472,2021
data,Estonia Meistriliiga,Estonia,Meistriliiga,7073,2022
data,Estonia Meistriliiga,Estonia,Meistriliiga,8898,2023
data,Estonia Meistriliiga,Estonia,Meistriliiga,11119,2024
data,Estonia Meistriliiga,Estonia,Meistriliiga,14165,2025
data,Estonia Esiliiga,Estonia,Esiliiga,350,2017
data,Estonia Esiliiga,Estonia,Esiliiga,351,2016
data,Estonia Esiliiga,Estonia,Esiliiga,352,2015
data,Estonia Esiliiga,Estonia,Esiliiga,353,2014
data,Estonia Esiliiga,Estonia,Esiliiga,357,2013
data,Estonia Esiliiga,Estonia,Esiliiga,989,2018
data,Estonia Esiliiga,Estonia,Esiliiga,1890,2019
data,Estonia Esiliiga,Estonia,Esiliiga,3678,2020
data,Estonia Esiliiga,Estonia,Esiliiga,5567,2021
data,Estonia Esiliiga,Estonia,Esiliiga,7071,2022
data,Estonia Esiliiga,Estonia,Esiliiga,9126,2023
data,Estonia Esiliiga,Estonia,Esiliiga,11133,2024
data,Estonia Esiliiga,Estonia,Esiliiga,16170,2025
data,Estonia Esiliiga B,Estonia,Esiliiga B,354,2017
data,Estonia Esiliiga B,Estonia,Esiliiga B,355,2014
data,Estonia Esiliiga B,Estonia,Esiliiga B,356,2013
data,Estonia Esiliiga B,Estonia,Esiliiga B,358,2016
data,Estonia Esiliiga B,Estonia,Esiliiga B,359,2015
data,Estonia Esiliiga B,Estonia,Esiliiga B,1204,2018
data,Estonia Esiliiga B,Estonia,Esiliiga B,1891,2019
data,Estonia Esiliiga B,Estonia,Esiliiga B,3676,2020
data,Estonia Esiliiga B,Estonia,Esiliiga B,5568,2021
data,Estonia Esiliiga B,Estonia,Esiliiga B,7072,2022
data,Estonia Esiliiga B,Estonia,Esiliiga B,8882,2023
data,Estonia Esiliiga B,Estonia,Esiliiga B,11132,2024
data,Estonia Esiliiga B,Estonia,Esiliiga B,14234,2025
data,Ukraine Ukrainian Premier League,Ukraine,Ukrainian Premier League,360,20172018
data,Ukraine Ukrainian Premier League,Ukraine,Ukrainian Premier League,361,20162017
data,Ukraine Ukrainian Premier League,Ukraine,Ukrainian Premier League,362,20152016
data,Ukraine Ukrainian Premier League,Ukraine,Ukrainian Premier League,363,20142015
data,Ukraine Ukrainian Premier League,Ukraine,Ukrainian Premier League,364,20132014
data,Ukraine Ukrainian Premier League,Ukraine,Ukrainian Premier League,1618,20182019
data,Ukraine Ukrainian Premier League,Ukraine,Ukrainian Premier League,2317,20192020
data,Ukraine Ukrainian Premier League,Ukraine,Ukrainian Premier League,4751,20202021
data,Ukraine Ukrainian Premier League,Ukraine,Ukrainian Premier League,5943,20212022
data,Ukraine Ukrainian Premier League,Ukraine,Ukrainian Premier League,8222,20222023
data,Ukraine Ukrainian Premier League,Ukraine,Ukrainian Premier League,9699,20232024
data,Ukraine Ukrainian Premier League,Ukraine,Ukrainian Premier League,12483,20242025
data,Ukraine Ukrainian Premier League,Ukraine,Ukrainian Premier League,16213,20252026
data,Ukraine Persha Liga,Ukraine,Persha Liga,365,20172018
data,Ukraine Persha Liga,Ukraine,Persha Liga,366,20152016
data,Ukraine Persha Liga,Ukraine,Persha Liga,367,20132014
data,Ukraine Persha Liga,Ukraine,Persha Liga,398,20162017
data,Ukraine Persha Liga,Ukraine,Persha Liga,1619,20182019
data,Ukraine Persha Liga,Ukraine,Persha Liga,3858,20192020
data,Ukraine Persha Liga,Ukraine,Persha Liga,4947,20202021
data,Ukraine Persha Liga,Ukraine,Persha Liga,6124,20212022
data,Ukraine Persha Liga,Ukraine,Persha Liga,8215,20222023
data,Ukraine Persha Liga,Ukraine,Persha Liga,9727,20232024
data,Ukraine Persha Liga,Ukraine,Persha Liga,13070,20242025
data,Ukraine Persha Liga,Ukraine,Persha Liga,15091,20252026
data,Ukraine Druha Liga,Ukraine,Druha Liga,368,20172018
data,Ukraine Druha Liga,Ukraine,Druha Liga,369,20162017
data,Ukraine Druha Liga,Ukraine,Druha Liga,370,20152016
data,Ukraine Druha Liga,Ukraine,Druha Liga,371,20142015
data,Ukraine Druha Liga,Ukraine,Druha Liga,372,20132014
data,Ukraine Druha Liga,Ukraine,Druha Liga,1620,20182019
data,Ukraine Druha Liga,Ukraine,Druha Liga,2411,20192020
data,Ukraine Druha Liga,Ukraine,Druha Liga,4948,20202021
data,Ukraine Druha Liga,Ukraine,Druha Liga,6214,20212022
data,Ukraine Druha Liga,Ukraine,Druha Liga,8319,20222023
data,Ukraine Druha Liga,Ukraine,Druha Liga,10260,20232024
data,Ukraine Druha Liga,Ukraine,Druha Liga,13076,20242025
data,Ukraine Druha Liga,Ukraine,Druha Liga,15488,20252026
data,Ukraine U19 League,Ukraine,U19 League,373,20172018
data,Ukraine U19 League,Ukraine,U19 League,374,20162017
data,Ukraine U19 League,Ukraine,U19 League,399,20152016
data,Ukraine U19 League,Ukraine,U19 League,1643,20182019
data,Ukraine U19 League,Ukraine,U19 League,2677,20192020
data,Ukraine U19 League,Ukraine,U19 League,4769,20202021
data,Ukraine U19 League,Ukraine,U19 League,6215,20212022
data,Ukraine U19 League,Ukraine,U19 League,8320,20222023
data,Ukraine U19 League,Ukraine,U19 League,10067,20232024
data,Ukraine U19 League,Ukraine,U19 League,13072,20242025
data,Ukraine U19 League,Ukraine,U19 League,15175,20252026
data,Ukraine U21 League,Ukraine,U21 League,375,20172018
data,Ukraine U21 League,Ukraine,U21 League,376,20162017
data,Ukraine U21 League,Ukraine,U21 League,377,20142015
data,Ukraine U21 League,Ukraine,U21 League,400,20152016
data,Ukraine U21 League,Ukraine,U21 League,1621,20182019
data,Ukraine U21 League,Ukraine,U21 League,2410,20192020
data,Ukraine U21 League,Ukraine,U21 League,4960,20202021
data,Afghanistan Afghan Premier League,Afghanistan,Afghan Premier League,378,2017
data,Afghanistan Afghan Premier League,Afghanistan,Afghan Premier League,379,2016
data,Afghanistan Afghan Premier League,Afghanistan,Afghan Premier League,380,2015
data,Afghanistan Afghan Premier League,Afghanistan,Afghan Premier League,381,2014
data,Afghanistan Afghan Premier League,Afghanistan,Afghan Premier League,382,2013
data,Afghanistan Afghan Premier League,Afghanistan,Afghan Premier League,1810,2018
data,Afghanistan Afghan Premier League,Afghanistan,Afghan Premier League,2711,2019
data,Afghanistan Afghan Premier League,Afghanistan,Afghan Premier League,5166,2020
data,Albania First Division,Albania,First Division,383,20172018
data,Albania First Division,Albania,First Division,384,20162017
data,Albania First Division,Albania,First Division,385,20152016
data,Albania First Division,Albania,First Division,386,20142015
data,Albania First Division,Albania,First Division,387,20132014
data,Albania First Division,Albania,First Division,1770,20182019
data,Albania First Division,Albania,First Division,2883,20192020
data,Albania First Division,Albania,First Division,5268,20202021
data,Albania First Division,Albania,First Division,6356,20212022
data,Albania First Division,Albania,First Division,8234,20222023
data,Albania First Division,Albania,First Division,10232,20232024
data,Albania First Division,Albania,First Division,12709,20242025
data,Albania First Division,Albania,First Division,16128,20252026
data,Albania Second Division,Albania,Second Division,389,20152016
data,Albania Second Division,Albania,Second Division,390,20142015
data,Albania Second Division,Albania,Second Division,391,20132014
data,Albania Second Division,Albania,Second Division,432,20162017
data,Albania Second Division,Albania,Second Division,1385,20172018
data,Albania Second Division,Albania,Second Division,1790,20182019
data,Albania Second Division,Albania,Second Division,4465,20192020
data,Albania Second Division,Albania,Second Division,5267,20202021
data,Albania Second Division,Albania,Second Division,6544,20212022
data,Albania Second Division,Albania,Second Division,8438,20222023
data,Albania Second Division,Albania,Second Division,10653,20232024
data,Albania Second Division,Albania,Second Division,13593,20242025
data,Albania Second Division,Albania,Second Division,16043,20252026
data,England National League,England,National League,392,20172018
data,England National League,England,National League,393,20162017
data,England National League,England,National League,394,20152016
data,England National League,England,National League,395,20142015
data,England National League,England,National League,396,20132014
data,England National League,England,National League,1576,20182019
data,England National League,England,National League,2287,20192020
data,England National League,England,National League,4124,20122013
data,England National League,England,National League,4154,20112012
data,England National League,England,National League,5018,20202021
data,England National League,England,National League,6088,20212022
data,England National League,England,National League,7729,20222023
data,England National League,England,National League,9700,20232024
data,England National League,England,National League,12622,20242025
data,England National League,England,National League,15657,20252026
data,Croatia Prva HNL,Croatia,Prva HNL,397,20172018
data,Croatia Prva HNL,Croatia,Prva HNL,401,20162017
data,Croatia Prva HNL,Croatia,Prva HNL,402,20152016
data,Croatia Prva HNL,Croatia,Prva HNL,403,20142015
data,Croatia Prva HNL,Croatia,Prva HNL,404,20132014
data,Croatia Prva HNL,Croatia,Prva HNL,1557,20182019
data,Croatia Prva HNL,Croatia,Prva HNL,2278,20192020
data,Croatia Prva HNL,Croatia,Prva HNL,4660,20202021
data,Croatia Prva HNL,Croatia,Prva HNL,5956,20212022
data,Croatia Prva HNL,Croatia,Prva HNL,7457,20222023
data,Croatia Prva HNL,Croatia,Prva HNL,9542,20232024
data,Croatia Prva HNL,Croatia,Prva HNL,12121,20242025
data,Croatia Prva HNL,Croatia,Prva HNL,15053,20252026
data,Croatia Druga HNL,Croatia,Druga HNL,405,20172018
data,Croatia Druga HNL,Croatia,Druga HNL,406,20162017
data,Croatia Druga HNL,Croatia,Druga HNL,407,20152016
data,Croatia Druga HNL,Croatia,Druga HNL,408,20142015
data,Croatia Druga HNL,Croatia,Druga HNL,409,20132014
data,Croatia Druga HNL,Croatia,Druga HNL,1701,20182019
data,Croatia Druga HNL,Croatia,Druga HNL,2617,20192020
data,Croatia Druga HNL,Croatia,Druga HNL,4662,20202021
data,Croatia Druga HNL,Croatia,Druga HNL,6006,20212022
data,Croatia Druga HNL,Croatia,Druga HNL,8626,20222023
data,Croatia Druga HNL,Croatia,Druga HNL,9757,20232024
data,Croatia Druga HNL,Croatia,Druga HNL,12471,20242025
data,Croatia Druga HNL,Croatia,Druga HNL,15191,20252026
data,Croatia Prva HNL Juniori,Croatia,Prva HNL Juniori,410,20172018
data,Croatia Prva HNL Juniori,Croatia,Prva HNL Juniori,411,20162017
data,Croatia Prva HNL Juniori,Croatia,Prva HNL Juniori,412,20152016
data,Croatia Prva HNL Juniori,Croatia,Prva HNL Juniori,1726,20182019
data,Croatia Prva HNL Juniori,Croatia,Prva HNL Juniori,2666,20192020
data,Croatia Prva HNL Juniori,Croatia,Prva HNL Juniori,4691,20202021
data,Croatia Prva HNL Juniori,Croatia,Prva HNL Juniori,6393,20212022
data,Croatia Prva HNL Juniori,Croatia,Prva HNL Juniori,8145,20222023
data,Croatia Prva HNL Juniori,Croatia,Prva HNL Juniori,10291,20232024
data,Croatia Prva HNL Juniori,Croatia,Prva HNL Juniori,13039,20242025
data,Croatia Prva HNL Juniori,Croatia,Prva HNL Juniori,15491,20252026
data,Russia Youth Championship,Russia,Youth Championship,413,20162017
data,Russia Youth Championship,Russia,Youth Championship,414,20142015
data,Russia Youth Championship,Russia,Youth Championship,415,20132014
data,Russia Youth Championship,Russia,Youth Championship,430,20172018
data,Russia Youth Championship,Russia,Youth Championship,431,20152016
data,Russia Youth Championship,Russia,Youth Championship,1598,20182019
data,Russia Youth Championship,Russia,Youth Championship,2390,20192020
data,Russia Youth Championship,Russia,Youth Championship,5061,20202021
data,Russia Youth Championship,Russia,Youth Championship,6207,20212022
data,Russia Youth Championship,Russia,Youth Championship,7710,20222023
data,Russia Youth Championship,Russia,Youth Championship,11189,2024
data,Russia Youth Championship,Russia,Youth Championship,14419,2025
data,Serbia SuperLiga,Serbia,SuperLiga,416,20172018
data,Serbia SuperLiga,Serbia,SuperLiga,417,20162017
data,Serbia SuperLiga,Serbia,SuperLiga,418,20152016
data,Serbia SuperLiga,Serbia,SuperLiga,419,20142015
data,Serbia SuperLiga,Serbia,SuperLiga,420,20132014
data,Serbia SuperLiga,Serbia,SuperLiga,1604,20182019
data,Serbia SuperLiga,Serbia,SuperLiga,2254,20192020
data,Serbia SuperLiga,Serbia,SuperLiga,4533,20202021
data,Serbia SuperLiga,Serbia,SuperLiga,6046,20212022
data,Serbia SuperLiga,Serbia,SuperLiga,7492,20222023
data,Serbia SuperLiga,Serbia,SuperLiga,10070,20232024
data,Serbia SuperLiga,Serbia,SuperLiga,12138,20242025
data,Serbia SuperLiga,Serbia,SuperLiga,15065,20252026
data,Serbia Prva Liga,Serbia,Prva Liga,421,20172018
data,Serbia Prva Liga,Serbia,Prva Liga,422,20162017
data,Serbia Prva Liga,Serbia,Prva Liga,423,20152016
data,Serbia Prva Liga,Serbia,Prva Liga,424,20142015
data,Serbia Prva Liga,Serbia,Prva Liga,425,20132014
data,Serbia Prva Liga,Serbia,Prva Liga,1605,20182019
data,Serbia Prva Liga,Serbia,Prva Liga,2782,20192020
data,Serbia Prva Liga,Serbia,Prva Liga,4605,20202021
data,Serbia Prva Liga,Serbia,Prva Liga,6047,20212022
data,Serbia Prva Liga,Serbia,Prva Liga,7493,20222023
data,Serbia Prva Liga,Serbia,Prva Liga,10071,20232024
data,Serbia Prva Liga,Serbia,Prva Liga,12140,20242025
data,Serbia Prva Liga,Serbia,Prva Liga,15523,20252026
data,Slovenia PrvaLiga,Slovenia,PrvaLiga,426,20172018
data,Slovenia PrvaLiga,Slovenia,PrvaLiga,427,20162017
data,Slovenia PrvaLiga,Slovenia,PrvaLiga,428,20152016
data,Slovenia PrvaLiga,Slovenia,PrvaLiga,429,20142015
data,Slovenia PrvaLiga,Slovenia,PrvaLiga,433,20132014
data,Slovenia PrvaLiga,Slovenia,PrvaLiga,1608,20182019
data,Slovenia PrvaLiga,Slovenia,PrvaLiga,2251,20192020
data,Slovenia PrvaLiga,Slovenia,PrvaLiga,4635,20202021
data,Slovenia PrvaLiga,Slovenia,PrvaLiga,6048,20212022
data,Slovenia PrvaLiga,Slovenia,PrvaLiga,7526,20222023
data,Slovenia PrvaLiga,Slovenia,PrvaLiga,9579,20232024
data,Slovenia PrvaLiga,Slovenia,PrvaLiga,12476,20242025
data,Slovenia PrvaLiga,Slovenia,PrvaLiga,15063,20252026
data,Slovenia 2. SNL,Slovenia,2. SNL,434,20172018
data,Slovenia 2. SNL,Slovenia,2. SNL,435,20162017
data,Slovenia 2. SNL,Slovenia,2. SNL,436,20152016
data,Slovenia 2. SNL,Slovenia,2. SNL,437,20142015
data,Slovenia 2. SNL,Slovenia,2. SNL,438,20132014
data,Slovenia 2. SNL,Slovenia,2. SNL,1609,20182019
data,Slovenia 2. SNL,Slovenia,2. SNL,2252,20192020
data,Slovenia 2. SNL,Slovenia,2. SNL,4637,20202021
data,Slovenia 2. SNL,Slovenia,2. SNL,6209,20212022
data,Slovenia 2. SNL,Slovenia,2. SNL,7543,20222023
data,Slovenia 2. SNL,Slovenia,2. SNL,9597,20232024
data,Slovenia 2. SNL,Slovenia,2. SNL,12481,20242025
data,Slovenia 2. SNL,Slovenia,2. SNL,15033,20252026
data,Slovakia Super Liga,Slovakia,Super Liga,439,20152016
data,Slovakia Super Liga,Slovakia,Super Liga,440,20142015
data,Slovakia Super Liga,Slovakia,Super Liga,441,20132014
data,Slovakia Super Liga,Slovakia,Super Liga,447,20172018
data,Slovakia Super Liga,Slovakia,Super Liga,448,20162017
data,Slovakia Super Liga,Slovakia,Super Liga,1606,20182019
data,Slovakia Super Liga,Slovakia,Super Liga,2256,20192020
data,Slovakia Super Liga,Slovakia,Super Liga,4572,20202021
data,Slovakia Super Liga,Slovakia,Super Liga,5944,20212022
data,Slovakia Super Liga,Slovakia,Super Liga,7958,20222023
data,Slovakia Super Liga,Slovakia,Super Liga,9671,20232024
data,Slovakia Super Liga,Slovakia,Super Liga,12944,20242025
data,Slovakia Super Liga,Slovakia,Super Liga,16214,20252026
data,Slovakia 2. Liga,Slovakia,2. Liga,442,20172018
data,Slovakia 2. Liga,Slovakia,2. Liga,443,20162017
data,Slovakia 2. Liga,Slovakia,2. Liga,444,20152016
data,Slovakia 2. Liga,Slovakia,2. Liga,445,20142015
data,Slovakia 2. Liga,Slovakia,2. Liga,446,20132014
data,Slovakia 2. Liga,Slovakia,2. Liga,1607,20182019
data,Slovakia 2. Liga,Slovakia,2. Liga,2261,20192020
data,Slovakia 2. Liga,Slovakia,2. Liga,4535,20202021
data,Slovakia 2. Liga,Slovakia,2. Liga,6112,20212022
data,Slovakia 2. Liga,Slovakia,2. Liga,7754,20222023
data,Slovakia 2. Liga,Slovakia,2. Liga,9722,20232024
data,Slovakia 2. Liga,Slovakia,2. Liga,12701,20242025
data,Slovakia 2. Liga,Slovakia,2. Liga,15104,20252026
data,Republic of Ireland Premier Division,Republic of Ireland,Premier Division,449,2017
data,Republic of Ireland Premier Division,Republic of Ireland,Premier Division,450,2016
data,Republic of Ireland Premier Division,Republic of Ireland,Premier Division,451,2015
data,Republic of Ireland Premier Division,Republic of Ireland,Premier Division,452,2014
data,Republic of Ireland Premier Division,Republic of Ireland,Premier Division,453,2013
data,Republic of Ireland Premier Division,Republic of Ireland,Premier Division,990,2018
data,Republic of Ireland Premier Division,Republic of Ireland,Premier Division,1844,2019
data,Republic of Ireland Premier Division,Republic of Ireland,Premier Division,3570,2020
data,Republic of Ireland Premier Division,Republic of Ireland,Premier Division,5534,2021
data,Republic of Ireland Premier Division,Republic of Ireland,Premier Division,6967,2022
data,Republic of Ireland Premier Division,Republic of Ireland,Premier Division,8741,2023
data,Republic of Ireland Premier Division,Republic of Ireland,Premier Division,10946,2024
data,Republic of Ireland Premier Division,Republic of Ireland,Premier Division,13952,2025
data,Republic of Ireland First Division,Republic of Ireland,First Division,454,2017
data,Republic of Ireland First Division,Republic of Ireland,First Division,455,2016
data,Republic of Ireland First Division,Republic of Ireland,First Division,456,2015
data,Republic of Ireland First Division,Republic of Ireland,First Division,457,2014
data,Republic of Ireland First Division,Republic of Ireland,First Division,458,2013
data,Republic of Ireland First Division,Republic of Ireland,First Division,991,2018
data,Republic of Ireland First Division,Republic of Ireland,First Division,1845,2019
data,Republic of Ireland First Division,Republic of Ireland,First Division,3697,2020
data,Republic of Ireland First Division,Republic of Ireland,First Division,5539,2021
data,Republic of Ireland First Division,Republic of Ireland,First Division,6968,2022
data,Republic of Ireland First Division,Republic of Ireland,First Division,8742,2023
data,Republic of Ireland First Division,Republic of Ireland,First Division,10968,2024
data,Republic of Ireland First Division,Republic of Ireland,First Division,13950,2025
data,Northern Ireland NIFL Premiership,Northern Ireland,NIFL Premiership,459,20172018
data,Northern Ireland NIFL Premiership,Northern Ireland,NIFL Premiership,460,20162017
data,Northern Ireland NIFL Premiership,Northern Ireland,NIFL Premiership,476,20152016
data,Northern Ireland NIFL Premiership,Northern Ireland,NIFL Premiership,477,20142015
data,Northern Ireland NIFL Premiership,Northern Ireland,NIFL Premiership,478,20132014
data,Northern Ireland NIFL Premiership,Northern Ireland,NIFL Premiership,1587,20182019
data,Northern Ireland NIFL Premiership,Northern Ireland,NIFL Premiership,2322,20192020
data,Northern Ireland NIFL Premiership,Northern Ireland,NIFL Premiership,5191,20202021
data,Northern Ireland NIFL Premiership,Northern Ireland,NIFL Premiership,6115,20212022
data,Northern Ireland NIFL Premiership,Northern Ireland,NIFL Premiership,7520,20222023
data,Northern Ireland NIFL Premiership,Northern Ireland,NIFL Premiership,9670,20232024
data,Northern Ireland NIFL Premiership,Northern Ireland,NIFL Premiership,12417,20242025
data,Northern Ireland NIFL Premiership,Northern Ireland,NIFL Premiership,15067,20252026
data,Northern Ireland NIFL Championship,Northern Ireland,NIFL Championship,461,20172018
data,Northern Ireland NIFL Championship,Northern Ireland,NIFL Championship,462,20162017
data,Northern Ireland NIFL Championship,Northern Ireland,NIFL Championship,463,20152016
data,Northern Ireland NIFL Championship,Northern Ireland,NIFL Championship,464,20142015
data,Northern Ireland NIFL Championship,Northern Ireland,NIFL Championship,465,20132014
data,Northern Ireland NIFL Championship,Northern Ireland,NIFL Championship,1588,20182019
data,Northern Ireland NIFL Championship,Northern Ireland,NIFL Championship,2427,20192020
data,Northern Ireland NIFL Championship,Northern Ireland,NIFL Championship,5303,20202021
data,Northern Ireland NIFL Championship,Northern Ireland,NIFL Championship,6103,20212022
data,Northern Ireland NIFL Championship,Northern Ireland,NIFL Championship,7517,20222023
data,Northern Ireland NIFL Championship,Northern Ireland,NIFL Championship,9623,20232024
data,Northern Ireland NIFL Championship,Northern Ireland,NIFL Championship,12454,20242025
data,Northern Ireland NIFL Championship,Northern Ireland,NIFL Championship,15071,20252026
data,Philippines PFL,Philippines,PFL,466,2017
data,Philippines PFL,Philippines,PFL,467,2016
data,Philippines PFL,Philippines,PFL,468,2015
data,Philippines PFL,Philippines,PFL,469,2014
data,Philippines PFL,Philippines,PFL,470,2013
data,Philippines PFL,Philippines,PFL,1205,2018
data,Philippines PFL,Philippines,PFL,2071,2019
data,Philippines PFL,Philippines,PFL,5254,2020
data,Philippines PFL,Philippines,PFL,8120,20222023
data,Philippines PFL,Philippines,PFL,11412,2024
data,Philippines PFL,Philippines,PFL,13668,20242025
data,Philippines PFL,Philippines,PFL,15953,20252026
data,Wales Welsh Premier League,Wales,Welsh Premier League,471,20172018
data,Wales Welsh Premier League,Wales,Welsh Premier League,472,20162017
data,Wales Welsh Premier League,Wales,Welsh Premier League,473,20152016
data,Wales Welsh Premier League,Wales,Welsh Premier League,474,20142015
data,Wales Welsh Premier League,Wales,Welsh Premier League,475,20132014
data,Wales Welsh Premier League,Wales,Welsh Premier League,1617,20182019
data,Wales Welsh Premier League,Wales,Welsh Premier League,2318,20192020
data,Wales Welsh Premier League,Wales,Welsh Premier League,4958,20202021
data,Wales Welsh Premier League,Wales,Welsh Premier League,6043,20212022
data,Wales Welsh Premier League,Wales,Welsh Premier League,7620,20222023
data,Wales Welsh Premier League,Wales,Welsh Premier League,9565,20232024
data,Wales Welsh Premier League,Wales,Welsh Premier League,12339,20242025
data,Wales Welsh Premier League,Wales,Welsh Premier League,15226,20252026
data,Colombia Categoria Primera A,Colombia,Categoria Primera A,479,2017
data,Colombia Categoria Primera A,Colombia,Categoria Primera A,480,2016
data,Colombia Categoria Primera A,Colombia,Categoria Primera A,481,2015
data,Colombia Categoria Primera A,Colombia,Categoria Primera A,482,2014
data,Colombia Categoria Primera A,Colombia,Categoria Primera A,483,2013
data,Colombia Categoria Primera A,Colombia,Categoria Primera A,1069,2018
data,Colombia Categoria Primera A,Colombia,Categoria Primera A,1828,2019
data,Colombia Categoria Primera A,Colombia,Categoria Primera A,3638,2020
data,Colombia Categoria Primera A,Colombia,Categoria Primera A,5421,2021
data,Colombia Categoria Primera A,Colombia,Categoria Primera A,6905,2022
data,Colombia Categoria Primera A,Colombia,Categoria Primera A,8936,2023
data,Colombia Categoria Primera A,Colombia,Categoria Primera A,10997,2024
data,Colombia Categoria Primera A,Colombia,Categoria Primera A,14086,2025
data,Colombia Categoria Primera B,Colombia,Categoria Primera B,484,2017
data,Colombia Categoria Primera B,Colombia,Categoria Primera B,485,2016
data,Colombia Categoria Primera B,Colombia,Categoria Primera B,486,2015
data,Colombia Categoria Primera B,Colombia,Categoria Primera B,487,2014
data,Colombia Categoria Primera B,Colombia,Categoria Primera B,488,2013
data,Colombia Categoria Primera B,Colombia,Categoria Primera B,1070,2018
data,Colombia Categoria Primera B,Colombia,Categoria Primera B,1829,2019
data,Colombia Categoria Primera B,Colombia,Categoria Primera B,3640,2020
data,Colombia Categoria Primera B,Colombia,Categoria Primera B,5431,2021
data,Colombia Categoria Primera B,Colombia,Categoria Primera B,6908,2022
data,Colombia Categoria Primera B,Colombia,Categoria Primera B,8897,2023
data,Colombia Categoria Primera B,Colombia,Categoria Primera B,10998,2024
data,Colombia Categoria Primera B,Colombia,Categoria Primera B,16290,2025
data,Taiwan Taiwan Football Premier League,Taiwan,Taiwan Football Premier League,489,2017
data,Taiwan Taiwan Football Premier League,Taiwan,Taiwan Football Premier League,490,20152016
data,Taiwan Taiwan Football Premier League,Taiwan,Taiwan Football Premier League,491,2014
data,Taiwan Taiwan Football Premier League,Taiwan,Taiwan Football Premier League,492,2013
data,Taiwan Taiwan Football Premier League,Taiwan,Taiwan Football Premier League,493,2012
data,Taiwan Taiwan Football Premier League,Taiwan,Taiwan Football Premier League,1613,2018
data,Taiwan Taiwan Football Premier League,Taiwan,Taiwan Football Premier League,1947,2019
data,Taiwan Taiwan Football Premier League,Taiwan,Taiwan Football Premier League,4342,2020
data,Taiwan Taiwan Football Premier League,Taiwan,Taiwan Football Premier League,5691,2021
data,Taiwan Taiwan Football Premier League,Taiwan,Taiwan Football Premier League,7308,2022
data,Taiwan Taiwan Football Premier League,Taiwan,Taiwan Football Premier League,9216,2023
data,Taiwan Taiwan Football Premier League,Taiwan,Taiwan Football Premier League,11418,2024
data,Taiwan Taiwan Football Premier League,Taiwan,Taiwan Football Premier League,15671,20252026
data,Chile Primera División,Chile,Primera División,494,2017
data,Chile Primera División,Chile,Primera División,495,20162017
data,Chile Primera División,Chile,Primera División,496,20152016
data,Chile Primera División,Chile,Primera División,497,20142015
data,Chile Primera División,Chile,Primera División,498,20132014
data,Chile Primera División,Chile,Primera División,1053,2018
data,Chile Primera División,Chile,Primera División,1869,2019
data,Chile Primera División,Chile,Primera División,3646,2020
data,Chile Primera División,Chile,Primera División,5682,2021
data,Chile Primera División,Chile,Primera División,7036,2022
data,Chile Primera División,Chile,Primera División,8833,2023
data,Chile Primera División,Chile,Primera División,11103,2024
data,Chile Primera División,Chile,Primera División,14116,2025
data,Chile Primera B,Chile,Primera B,499,2017
data,Chile Primera B,Chile,Primera B,500,20162017
data,Chile Primera B,Chile,Primera B,501,20152016
data,Chile Primera B,Chile,Primera B,502,20132014
data,Chile Primera B,Chile,Primera B,1202,2018
data,Chile Primera B,Chile,Primera B,1870,2019
data,Chile Primera B,Chile,Primera B,3765,2020
data,Chile Primera B,Chile,Primera B,5704,2021
data,Chile Primera B,Chile,Primera B,7114,2022
data,Chile Primera B,Chile,Primera B,8875,2023
data,Chile Primera B,Chile,Primera B,11172,2024
data,Chile Primera B,Chile,Primera B,14164,2025
data,Chile Segunda División,Chile,Segunda División,503,2017
data,Chile Segunda División,Chile,Segunda División,504,20162017
data,Chile Segunda División,Chile,Segunda División,505,20152016
data,Chile Segunda División,Chile,Segunda División,506,20132014
data,Chile Segunda División,Chile,Segunda División,1203,2018
data,Chile Segunda División,Chile,Segunda División,1951,2019
data,Chile Segunda División,Chile,Segunda División,5012,2020
data,Chile Segunda División,Chile,Segunda División,5879,2021
data,Chile Segunda División,Chile,Segunda División,7257,2022
data,Chile Segunda División,Chile,Segunda División,9040,2023
data,Chile Segunda División,Chile,Segunda División,11940,2024
data,Chile Segunda División,Chile,Segunda División,14286,2025
data,Chile Tercera División,Chile,Tercera División,507,2017
data,Chile Tercera División,Chile,Tercera División,508,2016
data,Chile Tercera División,Chile,Tercera División,509,2015
data,Chile Tercera División,Chile,Tercera División,510,2014
data,Chile Tercera División,Chile,Tercera División,511,20132014
data,Chile Tercera División,Chile,Tercera División,1128,2018
data,Chile Tercera División,Chile,Tercera División,1910,2019
data,Chile Tercera División,Chile,Tercera División,5370,20202021
data,Chile Tercera División,Chile,Tercera División,6381,2021
data,Chile Tercera División,Chile,Tercera División,7973,2022
data,Chile Tercera División,Chile,Tercera División,9075,2023
data,Chile Tercera División,Chile,Tercera División,16293,2025
data,Bolivia LFPB,Bolivia,LFPB,512,20162017
data,Bolivia LFPB,Bolivia,LFPB,513,20152016
data,Bolivia LFPB,Bolivia,LFPB,514,20142015
data,Bolivia LFPB,Bolivia,LFPB,515,20132014
data,Bolivia LFPB,Bolivia,LFPB,516,20122013
data,Bolivia LFPB,Bolivia,LFPB,997,2018
data,Bolivia LFPB,Bolivia,LFPB,1823,2019
data,Bolivia LFPB,Bolivia,LFPB,3644,2020
data,Bolivia LFPB,Bolivia,LFPB,5590,2021
data,Bolivia LFPB,Bolivia,LFPB,7033,2022
data,Bolivia LFPB,Bolivia,LFPB,8926,2023
data,Bolivia LFPB,Bolivia,LFPB,11072,2024
data,Bolivia LFPB,Bolivia,LFPB,16307,2025
data,Bolivia Liga Nacional B,Bolivia,Liga Nacional B,517,2017
data,Bolivia Liga Nacional B,Bolivia,Liga Nacional B,518,20162017
data,Bolivia Liga Nacional B,Bolivia,Liga Nacional B,519,20152016
data,Bolivia Liga Nacional B,Bolivia,Liga Nacional B,520,20142015
data,Bolivia Liga Nacional B,Bolivia,Liga Nacional B,521,20132014
data,Bolivia Liga Nacional B,Bolivia,Liga Nacional B,1777,2018
data,Bolivia Liga Nacional B,Bolivia,Liga Nacional B,2428,2019
data,Bolivia Liga Nacional B,Bolivia,Liga Nacional B,5266,2020
data,Bolivia Liga Nacional B,Bolivia,Liga Nacional B,6647,2021
data,Bolivia Liga Nacional B,Bolivia,Liga Nacional B,8350,2022
data,Bolivia Liga Nacional B,Bolivia,Liga Nacional B,10749,2023
data,Bolivia Liga Nacional B,Bolivia,Liga Nacional B,13099,2024
data,Bolivia Liga Nacional B,Bolivia,Liga Nacional B,15970,2025
data,Italy Serie C,Italy,Serie C,522,20172018
data,Italy Serie C,Italy,Serie C,523,20162017
data,Italy Serie C,Italy,Serie C,524,20152016
data,Italy Serie C,Italy,Serie C,525,20142015
data,Italy Serie C,Italy,Serie C,526,20132014
data,Italy Serie C,Italy,Serie C,1796,20182019
data,Italy Serie C,Italy,Serie C,2669,20192020
data,Italy Serie C,Italy,Serie C,3953,20122013
data,Italy Serie C,Italy,Serie C,3956,20092010
data,Italy Serie C,Italy,Serie C,3957,20102011
data,Italy Serie C,Italy,Serie C,3958,20112012
data,Italy Serie C,Italy,Serie C,4978,20202021
data,Israel Israeli Premier League,Israel,Israeli Premier League,527,20172018
data,Israel Israeli Premier League,Israel,Israeli Premier League,528,20162017
data,Israel Israeli Premier League,Israel,Israeli Premier League,529,20152016
data,Israel Israeli Premier League,Israel,Israeli Premier League,530,20142015
data,Israel Israeli Premier League,Israel,Israeli Premier League,531,20132014
data,Israel Israeli Premier League,Israel,Israeli Premier League,1568,20182019
data,Israel Israeli Premier League,Israel,Israeli Premier League,2283,20192020
data,Israel Israeli Premier League,Israel,Israeli Premier League,4695,20202021
data,Israel Israeli Premier League,Israel,Israeli Premier League,6040,20212022
data,Israel Israeli Premier League,Israel,Israeli Premier League,7448,20222023
data,Israel Israeli Premier League,Israel,Israeli Premier League,9564,20232024
data,Israel Israeli Premier League,Israel,Israeli Premier League,12377,20242025
data,Israel Israeli Premier League,Israel,Israeli Premier League,14966,20252026
data,Israel Liga Leumit,Israel,Liga Leumit,532,20172018
data,Israel Liga Leumit,Israel,Liga Leumit,533,20162017
data,Israel Liga Leumit,Israel,Liga Leumit,534,20152016
data,Israel Liga Leumit,Israel,Liga Leumit,535,20142015
data,Israel Liga Leumit,Israel,Liga Leumit,536,20132014
data,Israel Liga Leumit,Israel,Liga Leumit,1751,20182019
data,Israel Liga Leumit,Israel,Liga Leumit,2722,20192020
data,Israel Liga Leumit,Israel,Liga Leumit,4694,20202021
data,Israel Liga Leumit,Israel,Liga Leumit,6028,20212022
data,Israel Liga Leumit,Israel,Liga Leumit,7451,20222023
data,Israel Liga Leumit,Israel,Liga Leumit,9566,20232024
data,Israel Liga Leumit,Israel,Liga Leumit,12406,20242025
data,Israel Liga Leumit,Israel,Liga Leumit,15211,20252026
data,Czech Republic First League,Czech Republic,First League,537,20172018
data,Czech Republic First League,Czech Republic,First League,538,20162017
data,Czech Republic First League,Czech Republic,First League,539,20152016
data,Czech Republic First League,Czech Republic,First League,540,20142015
data,Czech Republic First League,Czech Republic,First League,541,20132014
data,Czech Republic First League,Czech Republic,First League,1545,20182019
data,Czech Republic First League,Czech Republic,First League,2268,20192020
data,Czech Republic First League,Czech Republic,First League,4308,20122013
data,Czech Republic First League,Czech Republic,First League,4314,20112012
data,Czech Republic First League,Czech Republic,First League,4328,20102011
data,Czech Republic First League,Czech Republic,First League,4335,20092010
data,Czech Republic First League,Czech Republic,First League,4801,20202021
data,Czech Republic First League,Czech Republic,First League,5938,20212022
data,Czech Republic First League,Czech Republic,First League,7586,20222023
data,Czech Republic First League,Czech Republic,First League,9592,20232024
data,Czech Republic First League,Czech Republic,First League,12336,20242025
data,Czech Republic First League,Czech Republic,First League,14973,20252026
data,Czech Republic FNL,Czech Republic,FNL,542,20172018
data,Czech Republic FNL,Czech Republic,FNL,543,20162017
data,Czech Republic FNL,Czech Republic,FNL,544,20152016
data,Czech Republic FNL,Czech Republic,FNL,545,20142015
data,Czech Republic FNL,Czech Republic,FNL,546,20132014
data,Czech Republic FNL,Czech Republic,FNL,1546,20182019
data,Czech Republic FNL,Czech Republic,FNL,2269,20192020
data,Czech Republic FNL,Czech Republic,FNL,4721,20202021
data,Czech Republic FNL,Czech Republic,FNL,5939,20212022
data,Czech Republic FNL,Czech Republic,FNL,7569,20222023
data,Czech Republic FNL,Czech Republic,FNL,9595,20232024
data,Czech Republic FNL,Czech Republic,FNL,12349,20242025
data,Czech Republic FNL,Czech Republic,FNL,16323,20252026
data,Mali Première Division,Mali,Première Division,547,2017
data,Mali Première Division,Mali,Première Division,548,20152016
data,Mali Première Division,Mali,Première Division,549,20142015
data,Mali Première Division,Mali,Première Division,550,20132014
data,Mali Première Division,Mali,Première Division,3018,20192020
data,Mali Première Division,Mali,Première Division,5634,20202021
data,Mali Première Division,Mali,Première Division,6779,20212022
data,Mali Première Division,Mali,Première Division,8512,20222023
data,Mali Première Division,Mali,Première Division,10747,20232024
data,Mali Première Division,Mali,Première Division,16132,20242025
data,Malta Maltese Premier League,Malta,Maltese Premier League,551,20172018
data,Malta Maltese Premier League,Malta,Maltese Premier League,552,20162017
data,Malta Maltese Premier League,Malta,Maltese Premier League,553,20152016
data,Malta Maltese Premier League,Malta,Maltese Premier League,554,20142015
data,Malta Maltese Premier League,Malta,Maltese Premier League,555,20132014
data,Malta Maltese Premier League,Malta,Maltese Premier League,1572,20182019
data,Malta Maltese Premier League,Malta,Maltese Premier League,2619,20192020
data,Malta Maltese Premier League,Malta,Maltese Premier League,4799,20202021
data,Malta Maltese Premier League,Malta,Maltese Premier League,6195,20212022
data,Malta Maltese Premier League,Malta,Maltese Premier League,7898,20222023
data,Malta Maltese Premier League,Malta,Maltese Premier League,9657,20232024
data,Malta Maltese Premier League,Malta,Maltese Premier League,12538,20242025
data,Malta Maltese Premier League,Malta,Maltese Premier League,15089,20252026
data,Malta First Division,Malta,First Division,556,20172018
data,Malta First Division,Malta,First Division,557,20162017
data,Malta First Division,Malta,First Division,558,20152016
data,Malta First Division,Malta,First Division,559,20142015
data,Malta First Division,Malta,First Division,560,20132014
data,Malta First Division,Malta,First Division,1573,20182019
data,Malta First Division,Malta,First Division,2674,20192020
data,Malta First Division,Malta,First Division,4798,20202021
data,Malta First Division,Malta,First Division,6196,20212022
data,Malta First Division,Malta,First Division,7899,20222023
data,Malta First Division,Malta,First Division,9658,20232024
data,Malta First Division,Malta,First Division,13171,20242025
data,Malta First Division,Malta,First Division,15177,20252026
data,Denmark Superliga,Denmark,Superliga,561,20172018
data,Denmark Superliga,Denmark,Superliga,562,20162017
data,Denmark Superliga,Denmark,Superliga,563,20152016
data,Denmark Superliga,Denmark,Superliga,564,20142015
data,Denmark Superliga,Denmark,Superliga,565,20132014
data,Denmark Superliga,Denmark,Superliga,1538,20182019
data,Denmark Superliga,Denmark,Superliga,2245,20192020
data,Denmark Superliga,Denmark,Superliga,4642,20202021
data,Denmark Superliga,Denmark,Superliga,5961,20212022
data,Denmark Superliga,Denmark,Superliga,7426,20222023
data,Denmark Superliga,Denmark,Superliga,9545,20232024
data,Denmark Superliga,Denmark,Superliga,12132,20242025
data,Denmark Superliga,Denmark,Superliga,15055,20252026
data,Morocco Botola Pro,Morocco,Botola Pro,566,20172018
data,Morocco Botola Pro,Morocco,Botola Pro,567,20162017
data,Morocco Botola Pro,Morocco,Botola Pro,568,20152016
data,Morocco Botola Pro,Morocco,Botola Pro,569,20142015
data,Morocco Botola Pro,Morocco,Botola Pro,570,20132014
data,Morocco Botola Pro,Morocco,Botola Pro,1682,20182019
data,Morocco Botola Pro,Morocco,Botola Pro,2898,20192020
data,Morocco Botola Pro,Morocco,Botola Pro,5367,20202021
data,Morocco Botola Pro,Morocco,Botola Pro,6582,20212022
data,Morocco Botola Pro,Morocco,Botola Pro,8287,20222023
data,Morocco Botola Pro,Morocco,Botola Pro,10412,20232024
data,Morocco Botola Pro,Morocco,Botola Pro,13286,20242025
data,Morocco Botola Pro,Morocco,Botola Pro,15434,20252026
data,Morocco Botola 2,Morocco,Botola 2,571,20172018
data,Morocco Botola 2,Morocco,Botola 2,572,20162017
data,Morocco Botola 2,Morocco,Botola 2,573,20152016
data,Morocco Botola 2,Morocco,Botola 2,574,20142015
data,Morocco Botola 2,Morocco,Botola 2,575,20132014
data,Morocco Botola 2,Morocco,Botola 2,1683,20182019
data,Morocco Botola 2,Morocco,Botola 2,2900,20192020
data,Morocco Botola 2,Morocco,Botola 2,5317,20202021
data,Morocco Botola 2,Morocco,Botola 2,6583,20212022
data,Morocco Botola 2,Morocco,Botola 2,8291,20222023
data,Morocco Botola 2,Morocco,Botola 2,10411,20232024
data,Morocco Botola 2,Morocco,Botola 2,13642,20242025
data,Morocco Botola 2,Morocco,Botola 2,16134,20252026
data,Belgium First Division B,Belgium,First Division B,576,20172018
data,Belgium First Division B,Belgium,First Division B,577,20162017
data,Belgium First Division B,Belgium,First Division B,578,20152016
data,Belgium First Division B,Belgium,First Division B,579,20132014
data,Belgium First Division B,Belgium,First Division B,1560,20182019
data,Belgium First Division B,Belgium,First Division B,2263,20192020
data,Belgium First Division B,Belgium,First Division B,4568,20202021
data,Belgium First Division B,Belgium,First Division B,6010,20212022
data,Belgium First Division B,Belgium,First Division B,7572,20222023
data,Belgium First Division B,Belgium,First Division B,9607,20232024
data,Belgium First Division B,Belgium,First Division B,12141,20242025
data,Belgium First Division B,Belgium,First Division B,15884,20252026
data,Brazil Serie C,Brazil,Serie C,583,2017
data,Brazil Serie C,Brazil,Serie C,584,2016
data,Brazil Serie C,Brazil,Serie C,585,2015
data,Brazil Serie C,Brazil,Serie C,586,2014
data,Brazil Serie C,Brazil,Serie C,587,2013
data,Brazil Serie C,Brazil,Serie C,1211,2018
data,Brazil Serie C,Brazil,Serie C,1938,2019
data,Brazil Serie C,Brazil,Serie C,4566,2020
data,Brazil Serie C,Brazil,Serie C,5727,2021
data,Brazil Serie C,Brazil,Serie C,7109,2022
data,Brazil Serie C,Brazil,Serie C,9087,2023
data,Brazil Serie C,Brazil,Serie C,11365,2024
data,Brazil Serie C,Brazil,Serie C,14383,2025
data,Brazil Serie D,Brazil,Serie D,588,2017
data,Brazil Serie D,Brazil,Serie D,589,2016
data,Brazil Serie D,Brazil,Serie D,590,2015
data,Brazil Serie D,Brazil,Serie D,591,2014
data,Brazil Serie D,Brazil,Serie D,1200,2018
data,Brazil Serie D,Brazil,Serie D,1939,2019
data,Brazil Serie D,Brazil,Serie D,4854,2020
data,Brazil Serie D,Brazil,Serie D,5832,2021
data,Brazil Serie D,Brazil,Serie D,7093,2022
data,Brazil Serie D,Brazil,Serie D,9086,2023
data,Brazil Serie D,Brazil,Serie D,11387,2024
data,Brazil Serie D,Brazil,Serie D,14382,2025
data,Brazil Paulista A1,Brazil,Paulista A1,592,2016
data,Brazil Paulista A1,Brazil,Paulista A1,593,2015
data,Brazil Paulista A1,Brazil,Paulista A1,594,2014
data,Brazil Paulista A1,Brazil,Paulista A1,595,2013
data,Brazil Paulista A1,Brazil,Paulista A1,985,2018
data,Brazil Paulista A1,Brazil,Paulista A1,1826,2019
data,Brazil Paulista A1,Brazil,Paulista A1,3501,2020
data,Brazil Paulista A1,Brazil,Paulista A1,5414,2021
data,Brazil Paulista A1,Brazil,Paulista A1,6885,2022
data,Brazil Paulista A1,Brazil,Paulista A1,8639,2023
data,Brazil Paulista A1,Brazil,Paulista A1,10911,2024
data,Brazil Paulista A1,Brazil,Paulista A1,13857,2025
data,Brazil Paulista A2,Brazil,Paulista A2,596,2017
data,Brazil Paulista A2,Brazil,Paulista A2,597,2016
data,Brazil Paulista A2,Brazil,Paulista A2,598,2015
data,Brazil Paulista A2,Brazil,Paulista A2,599,2014
data,Brazil Paulista A2,Brazil,Paulista A2,600,2013
data,Brazil Paulista A2,Brazil,Paulista A2,986,2018
data,Brazil Paulista A2,Brazil,Paulista A2,1825,2019
data,Brazil Paulista A2,Brazil,Paulista A2,3502,2020
data,Brazil Paulista A2,Brazil,Paulista A2,5415,2021
data,Brazil Paulista A2,Brazil,Paulista A2,6877,2022
data,Brazil Paulista A2,Brazil,Paulista A2,8632,2023
data,Brazil Paulista A2,Brazil,Paulista A2,10912,2024
data,Brazil Paulista A2,Brazil,Paulista A2,13856,2025
data,Brazil Paulista A3,Brazil,Paulista A3,601,2017
data,Brazil Paulista A3,Brazil,Paulista A3,602,2015
data,Brazil Paulista A3,Brazil,Paulista A3,603,2014
data,Brazil Paulista A3,Brazil,Paulista A3,604,2013
data,Brazil Paulista A3,Brazil,Paulista A3,987,2018
data,Brazil Paulista A3,Brazil,Paulista A3,1824,2019
data,Brazil Paulista A3,Brazil,Paulista A3,3503,2020
data,Brazil Paulista A3,Brazil,Paulista A3,5416,2021
data,Brazil Paulista A3,Brazil,Paulista A3,6881,2022
data,Brazil Paulista A3,Brazil,Paulista A3,8651,2023
data,Brazil Paulista A3,Brazil,Paulista A3,10933,2024
data,Brazil Paulista A3,Brazil,Paulista A3,13886,2025
data,Costa Rica Primera División FPD,Costa Rica,Primera División FPD,605,20172018
data,Costa Rica Primera División FPD,Costa Rica,Primera División FPD,606,20162017
data,Costa Rica Primera División FPD,Costa Rica,Primera División FPD,607,20132014
data,Costa Rica Primera División FPD,Costa Rica,Primera División FPD,791,20152016
data,Costa Rica Primera División FPD,Costa Rica,Primera División FPD,792,20142015
data,Costa Rica Primera División FPD,Costa Rica,Primera División FPD,1549,20182019
data,Costa Rica Primera División FPD,Costa Rica,Primera División FPD,4397,20192020
data,Costa Rica Primera División FPD,Costa Rica,Primera División FPD,4661,20202021
data,Costa Rica Primera División FPD,Costa Rica,Primera División FPD,6009,20212022
data,Costa Rica Primera División FPD,Costa Rica,Primera División FPD,7824,20222023
data,Costa Rica Primera División FPD,Costa Rica,Primera División FPD,9552,20232024
data,Costa Rica Primera División FPD,Costa Rica,Primera División FPD,12324,20242025
data,Costa Rica Primera División FPD,Costa Rica,Primera División FPD,15131,20252026
data,Costa Rica Liga de Ascenso,Costa Rica,Liga de Ascenso,608,20162017
data,Costa Rica Liga de Ascenso,Costa Rica,Liga de Ascenso,609,20152016
data,Costa Rica Liga de Ascenso,Costa Rica,Liga de Ascenso,610,20142015
data,Costa Rica Liga de Ascenso,Costa Rica,Liga de Ascenso,611,20132014
data,Costa Rica Liga de Ascenso,Costa Rica,Liga de Ascenso,1208,20172018
data,Costa Rica Liga de Ascenso,Costa Rica,Liga de Ascenso,1748,20182019
data,Costa Rica Liga de Ascenso,Costa Rica,Liga de Ascenso,4404,20192020
data,Costa Rica Liga de Ascenso,Costa Rica,Liga de Ascenso,4827,20202021
data,Costa Rica Liga de Ascenso,Costa Rica,Liga de Ascenso,6383,20212022
data,Costa Rica Liga de Ascenso,Costa Rica,Liga de Ascenso,8930,20222023
data,Costa Rica Liga de Ascenso,Costa Rica,Liga de Ascenso,11404,20232024
data,Costa Rica Liga de Ascenso,Costa Rica,Liga de Ascenso,12619,20242025
data,Costa Rica Liga de Ascenso,Costa Rica,Liga de Ascenso,15800,20252026
data,Peru Primera División,Peru,Primera División,612,2017
data,Peru Primera División,Peru,Primera División,613,2016
data,Peru Primera División,Peru,Primera División,614,2015
data,Peru Primera División,Peru,Primera División,615,2014
data,Peru Primera División,Peru,Primera División,616,2013
data,Peru Primera División,Peru,Primera División,1125,2018
data,Peru Primera División,Peru,Primera División,1881,2019
data,Peru Primera División,Peru,Primera División,3702,2020
data,Peru Primera División,Peru,Primera División,5627,2021
data,Peru Primera División,Peru,Primera División,6966,2022
data,Peru Primera División,Peru,Primera División,8837,2023
data,Peru Primera División,Peru,Primera División,11062,2024
data,Peru Primera División,Peru,Primera División,14912,2025
data,Peru Segunda División,Peru,Segunda División,617,2017
data,Peru Segunda División,Peru,Segunda División,618,2016
data,Peru Segunda División,Peru,Segunda División,619,2015
data,Peru Segunda División,Peru,Segunda División,620,2014
data,Peru Segunda División,Peru,Segunda División,621,2013
data,Peru Segunda División,Peru,Segunda División,1124,2018
data,Peru Segunda División,Peru,Segunda División,1946,2019
data,Peru Segunda División,Peru,Segunda División,5253,2020
data,Peru Segunda División,Peru,Segunda División,5853,2021
data,Peru Segunda División,Peru,Segunda División,7299,2022
data,Peru Segunda División,Peru,Segunda División,9134,2023
data,Peru Segunda División,Peru,Segunda División,11400,2024
data,Peru Segunda División,Peru,Segunda División,16183,2025
data,Venezuela Primera División,Venezuela,Primera División,622,2017
data,Venezuela Primera División,Venezuela,Primera División,623,2016
data,Venezuela Primera División,Venezuela,Primera División,624,2015
data,Venezuela Primera División,Venezuela,Primera División,631,20142015
data,Venezuela Primera División,Venezuela,Primera División,1102,2018
data,Venezuela Primera División,Venezuela,Primera División,1868,2019
data,Venezuela Primera División,Venezuela,Primera División,2011,20132014
data,Venezuela Primera División,Venezuela,Primera División,3714,2020
data,Venezuela Primera División,Venezuela,Primera División,5631,2021
data,Venezuela Primera División,Venezuela,Primera División,7166,2022
data,Venezuela Primera División,Venezuela,Primera División,8952,2023
data,Venezuela Primera División,Venezuela,Primera División,11063,2024
data,Venezuela Primera División,Venezuela,Primera División,15850,2025
data,Venezuela Segunda División,Venezuela,Segunda División,626,2016
data,Venezuela Segunda División,Venezuela,Segunda División,627,2015
data,Venezuela Segunda División,Venezuela,Segunda División,628,20132014
data,Venezuela Segunda División,Venezuela,Segunda División,632,2017
data,Venezuela Segunda División,Venezuela,Segunda División,633,20142015
data,Venezuela Segunda División,Venezuela,Segunda División,1103,2018
data,Venezuela Segunda División,Venezuela,Segunda División,1886,2019
data,Venezuela Segunda División,Venezuela,Segunda División,7895,2022
data,Venezuela Segunda División,Venezuela,Segunda División,7896,2021
data,Venezuela Segunda División,Venezuela,Segunda División,7897,2020
data,Venezuela Segunda División,Venezuela,Segunda División,10578,2023
data,Venezuela Segunda División,Venezuela,Segunda División,11372,2024
data,Venezuela Segunda División,Venezuela,Segunda División,14536,2025
data,Sweden Division 1,Sweden,Division 1,629,2017
data,Sweden Division 1,Sweden,Division 1,634,2016
data,Sweden Division 1,Sweden,Division 1,635,2015
data,Sweden Division 1,Sweden,Division 1,636,2013
data,Sweden Division 1,Sweden,Division 1,649,2014
data,Sweden Division 1,Sweden,Division 1,1123,2018
data,Sweden Division 1,Sweden,Division 1,1851,2019
data,Sweden Division 1,Sweden,Division 1,3784,2020
data,Sweden Division 1,Sweden,Division 1,5578,2021
data,Sweden Division 1,Sweden,Division 1,7151,2022
data,Sweden Division 2,Sweden,Division 2,630,2017
data,Sweden Division 2,Sweden,Division 2,637,2016
data,Sweden Division 2,Sweden,Division 2,638,2013
data,Sweden Division 2,Sweden,Division 2,658,2015
data,Sweden Division 2,Sweden,Division 2,659,2014
data,Sweden Division 2,Sweden,Division 2,1122,2018
data,Sweden Division 2,Sweden,Division 2,1852,2019
data,Azerbaijan First Division,Azerbaijan,First Division,639,20172018
data,Azerbaijan First Division,Azerbaijan,First Division,640,20162017
data,Azerbaijan First Division,Azerbaijan,First Division,641,20152016
data,Azerbaijan First Division,Azerbaijan,First Division,642,20142015
data,Azerbaijan First Division,Azerbaijan,First Division,643,20132014
data,Azerbaijan First Division,Azerbaijan,First Division,1776,20182019
data,Azerbaijan First Division,Azerbaijan,First Division,2663,20192020
data,Azerbaijan First Division,Azerbaijan,First Division,5171,20202021
data,Azerbaijan First Division,Azerbaijan,First Division,6551,20212022
data,Azerbaijan First Division,Azerbaijan,First Division,8178,20222023
data,Azerbaijan First Division,Azerbaijan,First Division,10515,20232024
data,Azerbaijan First Division,Azerbaijan,First Division,13346,20242025
data,Azerbaijan First Division,Azerbaijan,First Division,15861,20252026
data,Austria Regionalliga,Austria,Regionalliga,644,20172018
data,Austria Regionalliga,Austria,Regionalliga,645,20152016
data,Austria Regionalliga,Austria,Regionalliga,650,20162017
data,Austria Regionalliga,Austria,Regionalliga,651,20142015
data,Austria Regionalliga,Austria,Regionalliga,652,20132014
data,Austria Regionalliga,Austria,Regionalliga,1554,20182019
data,Austria Regionalliga,Austria,Regionalliga,2243,20192020
data,Austria Regionalliga,Austria,Regionalliga,4536,20202021
data,Austria Regionalliga,Austria,Regionalliga,6178,20212022
data,Austria Regionalliga,Austria,Regionalliga,7959,20222023
data,England National League North and South,England,National League North and South,646,20162017
data,England National League North and South,England,National League North and South,647,20152016
data,England National League North and South,England,National League North and South,648,20142015
data,England National League North and South,England,National League North and South,653,20172018
data,England National League North and South,England,National League North and South,654,20132014
data,England National League North and South,England,National League North and South,1575,20182019
data,England National League North and South,England,National League North and South,5150,20192020
data,England National League North and South,England,National League North and South,5151,20202021
data,England National League North and South,England,National League North and South,6083,20212022
data,England National League North and South,England,National League North and South,7956,20222023
data,England National League North and South,England,National League North and South,9972,20232024
data,England National League North and South,England,National League North and South,12933,20242025
data,England Non League Premier Divisions,England,Non League Premier Divisions,655,20172018
data,England Non League Premier Divisions,England,Non League Premier Divisions,656,20162017
data,England Non League Premier Divisions,England,Non League Premier Divisions,657,20152016
data,England Non League Premier Divisions,England,Non League Premier Divisions,660,20142015
data,England Non League Premier Divisions,England,Non League Premier Divisions,661,20132014
data,England Non League Premier Divisions,England,Non League Premier Divisions,1627,20182019
data,England Non League Premier Divisions,England,Non League Premier Divisions,4134,20122013
data,Andorra Primera Divisió,Andorra,Primera Divisió,662,20172018
data,Andorra Primera Divisió,Andorra,Primera Divisió,663,20162017
data,Andorra Primera Divisió,Andorra,Primera Divisió,664,20152016
data,Andorra Primera Divisió,Andorra,Primera Divisió,665,20142015
data,Andorra Primera Divisió,Andorra,Primera Divisió,666,20132014
data,Andorra Primera Divisió,Andorra,Primera Divisió,1641,20182019
data,Andorra Primera Divisió,Andorra,Primera Divisió,2820,20192020
data,Andorra Primera Divisió,Andorra,Primera Divisió,5000,20202021
data,Andorra Primera Divisió,Andorra,Primera Divisió,6069,20212022
data,Andorra Primera Divisió,Andorra,Primera Divisió,7771,20222023
data,Andorra Primera Divisió,Andorra,Primera Divisió,9978,20232024
data,Andorra Primera Divisió,Andorra,Primera Divisió,12640,20242025
data,Andorra Primera Divisió,Andorra,Primera Divisió,15057,20252026
data,Andorra Segona Divisió,Andorra,Segona Divisió,667,20172018
data,Andorra Segona Divisió,Andorra,Segona Divisió,668,20162017
data,Andorra Segona Divisió,Andorra,Segona Divisió,669,20152016
data,Andorra Segona Divisió,Andorra,Segona Divisió,670,20142015
data,Andorra Segona Divisió,Andorra,Segona Divisió,693,20132014
data,Andorra Segona Divisió,Andorra,Segona Divisió,1775,20182019
data,Andorra Segona Divisió,Andorra,Segona Divisió,4997,20192020
data,Andorra Segona Divisió,Andorra,Segona Divisió,4999,20202021
data,Andorra Segona Divisió,Andorra,Segona Divisió,6552,20212022
data,Andorra Segona Divisió,Andorra,Segona Divisió,7753,20222023
data,Andorra Segona Divisió,Andorra,Segona Divisió,10001,20232024
data,Andorra Segona Divisió,Andorra,Segona Divisió,12767,20242025
data,Austria Landesliga,Austria,Landesliga,671,20172018
data,Austria Landesliga,Austria,Landesliga,672,20162017
data,Austria Landesliga,Austria,Landesliga,673,20152016
data,Austria Landesliga,Austria,Landesliga,674,20132014
data,Austria Landesliga,Austria,Landesliga,711,20142015
data,Austria Landesliga,Austria,Landesliga,1558,20182019
data,Austria Landesliga,Austria,Landesliga,2246,20192020
data,Austria Landesliga,Austria,Landesliga,4539,20202021
data,Belarus First League,Belarus,First League,675,2017
data,Belarus First League,Belarus,First League,676,2016
data,Belarus First League,Belarus,First League,677,2015
data,Belarus First League,Belarus,First League,678,2014
data,Belarus First League,Belarus,First League,679,2013
data,Belarus First League,Belarus,First League,1201,2018
data,Belarus First League,Belarus,First League,1940,2019
data,Belarus First League,Belarus,First League,4394,2020
data,Belarus First League,Belarus,First League,5712,2021
data,Belarus First League,Belarus,First League,7232,2022
data,Belarus First League,Belarus,First League,9115,2023
data,Belarus First League,Belarus,First League,11380,2024
data,Belarus First League,Belarus,First League,16313,2025
data,Bosnia and Herzegovina Premier League of Bosnia,Bosnia and Herzegovina,Premier League of Bosnia,680,20172018
data,Bosnia and Herzegovina Premier League of Bosnia,Bosnia and Herzegovina,Premier League of Bosnia,681,20162017
data,Bosnia and Herzegovina Premier League of Bosnia,Bosnia and Herzegovina,Premier League of Bosnia,682,20152016
data,Bosnia and Herzegovina Premier League of Bosnia,Bosnia and Herzegovina,Premier League of Bosnia,683,20142015
data,Bosnia and Herzegovina Premier League of Bosnia,Bosnia and Herzegovina,Premier League of Bosnia,684,20132014
data,Bosnia and Herzegovina Premier League of Bosnia,Bosnia and Herzegovina,Premier League of Bosnia,1562,20182019
data,Bosnia and Herzegovina Premier League of Bosnia,Bosnia and Herzegovina,Premier League of Bosnia,2303,20192020
data,Bosnia and Herzegovina Premier League of Bosnia,Bosnia and Herzegovina,Premier League of Bosnia,4531,20202021
data,Bosnia and Herzegovina Premier League of Bosnia,Bosnia and Herzegovina,Premier League of Bosnia,5955,20212022
data,Bosnia and Herzegovina Premier League of Bosnia,Bosnia and Herzegovina,Premier League of Bosnia,8112,20222023
data,Bosnia and Herzegovina Premier League of Bosnia,Bosnia and Herzegovina,Premier League of Bosnia,9968,20232024
data,Bosnia and Herzegovina Premier League of Bosnia,Bosnia and Herzegovina,Premier League of Bosnia,12932,20242025
data,Bosnia and Herzegovina Premier League of Bosnia,Bosnia and Herzegovina,Premier League of Bosnia,15001,20252026
data,Bosnia and Herzegovina First League of Bosnia,Bosnia and Herzegovina,First League of Bosnia,685,20172018
data,Bosnia and Herzegovina First League of Bosnia,Bosnia and Herzegovina,First League of Bosnia,686,20162017
data,Bosnia and Herzegovina First League of Bosnia,Bosnia and Herzegovina,First League of Bosnia,687,20152016
data,Bosnia and Herzegovina First League of Bosnia,Bosnia and Herzegovina,First League of Bosnia,688,20142015
data,Bosnia and Herzegovina First League of Bosnia,Bosnia and Herzegovina,First League of Bosnia,689,20132014
data,Bosnia and Herzegovina First League of Bosnia,Bosnia and Herzegovina,First League of Bosnia,1561,20182019
data,Bosnia and Herzegovina First League of Bosnia,Bosnia and Herzegovina,First League of Bosnia,2378,20192020
data,Bulgaria First League,Bulgaria,First League,690,20172018
data,Bulgaria First League,Bulgaria,First League,691,20162017
data,Bulgaria First League,Bulgaria,First League,692,20152016
data,Bulgaria First League,Bulgaria,First League,694,20142015
data,Bulgaria First League,Bulgaria,First League,695,20132014
data,Bulgaria First League,Bulgaria,First League,1547,20182019
data,Bulgaria First League,Bulgaria,First League,2285,20192020
data,Bulgaria First League,Bulgaria,First League,4574,20202021
data,Bulgaria First League,Bulgaria,First League,6012,20212022
data,Bulgaria First League,Bulgaria,First League,7483,20222023
data,Bulgaria First League,Bulgaria,First League,9551,20232024
data,Bulgaria First League,Bulgaria,First League,13863,20242025
data,Bulgaria First League,Bulgaria,First League,15056,20252026
data,Bulgaria Second League,Bulgaria,Second League,696,20162017
data,Bulgaria Second League,Bulgaria,Second League,697,20152016
data,Bulgaria Second League,Bulgaria,Second League,698,20142015
data,Bulgaria Second League,Bulgaria,Second League,699,20132014
data,Bulgaria Second League,Bulgaria,Second League,710,20172018
data,Bulgaria Second League,Bulgaria,Second League,1548,20182019
data,Bulgaria Second League,Bulgaria,Second League,2341,20192020
data,Bulgaria Second League,Bulgaria,Second League,4576,20202021
data,Bulgaria Second League,Bulgaria,Second League,6002,20212022
data,Bulgaria Second League,Bulgaria,Second League,7585,20222023
data,Bulgaria Second League,Bulgaria,Second League,9587,20232024
data,Bulgaria Second League,Bulgaria,Second League,12157,20242025
data,Bulgaria Second League,Bulgaria,Second League,15052,20252026
data,Denmark 1st Division,Denmark,1st Division,700,20172018
data,Denmark 1st Division,Denmark,1st Division,701,20162017
data,Denmark 1st Division,Denmark,1st Division,702,20152016
data,Denmark 1st Division,Denmark,1st Division,703,20142015
data,Denmark 1st Division,Denmark,1st Division,704,20132014
data,Denmark 1st Division,Denmark,1st Division,1539,20182019
data,Denmark 1st Division,Denmark,1st Division,4389,20192020
data,Denmark 1st Division,Denmark,1st Division,4641,20202021
data,Denmark 1st Division,Denmark,1st Division,5959,20212022
data,Denmark 1st Division,Denmark,1st Division,7450,20222023
data,Denmark 1st Division,Denmark,1st Division,9567,20232024
data,Denmark 1st Division,Denmark,1st Division,12276,20242025
data,Denmark 1st Division,Denmark,1st Division,15036,20252026
data,Denmark 2nd Division,Denmark,2nd Division,705,20172018
data,Denmark 2nd Division,Denmark,2nd Division,706,20162017
data,Denmark 2nd Division,Denmark,2nd Division,707,20152016
data,Denmark 2nd Division,Denmark,2nd Division,708,20142015
data,Denmark 2nd Division,Denmark,2nd Division,709,20132014
data,Denmark 2nd Division,Denmark,2nd Division,1540,20182019
data,Denmark 2nd Division,Denmark,2nd Division,4390,20192020
data,Denmark 2nd Division,Denmark,2nd Division,6016,20212022
data,Denmark 2nd Division,Denmark,2nd Division,7635,20222023
data,Denmark 2nd Division,Denmark,2nd Division,9693,20232024
data,Denmark 2nd Division,Denmark,2nd Division,12407,20242025
data,Denmark 2nd Division,Denmark,2nd Division,14902,20252026
data,Czech Republic 1. Liga U19,Czech Republic,1. Liga U19,712,20172018
data,Czech Republic 1. Liga U19,Czech Republic,1. Liga U19,713,20142015
data,Czech Republic 1. Liga U19,Czech Republic,1. Liga U19,714,20132014
data,Czech Republic 1. Liga U19,Czech Republic,1. Liga U19,715,20162017
data,Czech Republic 1. Liga U19,Czech Republic,1. Liga U19,716,20152016
data,Czech Republic 1. Liga U19,Czech Republic,1. Liga U19,1552,20182019
data,Czech Republic 1. Liga U19,Czech Republic,1. Liga U19,2425,20192020
data,Czech Republic 1. Liga U19,Czech Republic,1. Liga U19,4650,20202021
data,Czech Republic 1. Liga U19,Czech Republic,1. Liga U19,6155,20212022
data,Czech Republic 1. Liga U19,Czech Republic,1. Liga U19,7662,20222023
data,Czech Republic 1. Liga U19,Czech Republic,1. Liga U19,9690,20232024
data,Czech Republic 1. Liga U19,Czech Republic,1. Liga U19,12978,20242025
data,Czech Republic 1. Liga U19,Czech Republic,1. Liga U19,15051,20252026
data,Cyprus First Division,Cyprus,First Division,717,20162017
data,Cyprus First Division,Cyprus,First Division,718,20152016
data,Cyprus First Division,Cyprus,First Division,719,20142015
data,Cyprus First Division,Cyprus,First Division,720,20132014
data,Cyprus First Division,Cyprus,First Division,729,20172018
data,Cyprus First Division,Cyprus,First Division,1559,20182019
data,Cyprus First Division,Cyprus,First Division,2338,20192020
data,Cyprus First Division,Cyprus,First Division,4756,20202021
data,Cyprus First Division,Cyprus,First Division,6075,20212022
data,Cyprus First Division,Cyprus,First Division,7707,20222023
data,Cyprus First Division,Cyprus,First Division,9904,20232024
data,Cyprus First Division,Cyprus,First Division,12541,20242025
data,Cyprus First Division,Cyprus,First Division,15366,20252026
data,Cyprus Second Division,Cyprus,Second Division,721,20172018
data,Cyprus Second Division,Cyprus,Second Division,722,20162017
data,Cyprus Second Division,Cyprus,Second Division,723,20152016
data,Cyprus Second Division,Cyprus,Second Division,724,20142015
data,Cyprus Second Division,Cyprus,Second Division,725,20132014
data,Cyprus Second Division,Cyprus,Second Division,1747,20182019
data,Cyprus Second Division,Cyprus,Second Division,2712,20192020
data,Cyprus Second Division,Cyprus,Second Division,4758,20202021
data,Cyprus Second Division,Cyprus,Second Division,6559,20212022
data,Cyprus Second Division,Cyprus,Second Division,8292,20222023
data,Cyprus Second Division,Cyprus,Second Division,10269,20232024
data,Cyprus Second Division,Cyprus,Second Division,12946,20242025
data,Cyprus Second Division,Cyprus,Second Division,15639,20252026
data,Hungary NB I,Hungary,NB I,726,20162017
data,Hungary NB I,Hungary,NB I,727,20152016
data,Hungary NB I,Hungary,NB I,728,20132014
data,Hungary NB I,Hungary,NB I,730,20172018
data,Hungary NB I,Hungary,NB I,731,20142015
data,Hungary NB I,Hungary,NB I,1566,20182019
data,Hungary NB I,Hungary,NB I,2282,20192020
data,Hungary NB I,Hungary,NB I,4534,20202021
data,Hungary NB I,Hungary,NB I,5936,20212022
data,Hungary NB I,Hungary,NB I,7967,20222023
data,Hungary NB I,Hungary,NB I,10007,20232024
data,Hungary NB I,Hungary,NB I,12334,20242025
data,Hungary NB I,Hungary,NB I,14963,20252026
data,Hungary NB II,Hungary,NB II,732,20172018
data,Hungary NB II,Hungary,NB II,733,20162017
data,Hungary NB II,Hungary,NB II,734,20152016
data,Hungary NB II,Hungary,NB II,735,20142015
data,Hungary NB II,Hungary,NB II,736,20132014
data,Hungary NB II,Hungary,NB II,1567,20182019
data,Hungary NB II,Hungary,NB II,2420,20192020
data,Hungary NB II,Hungary,NB II,4532,20202021
data,Hungary NB II,Hungary,NB II,6027,20212022
data,Hungary NB II,Hungary,NB II,7776,20222023
data,Hungary NB II,Hungary,NB II,9688,20232024
data,Hungary NB II,Hungary,NB II,12590,20242025
data,Hungary NB II,Hungary,NB II,15108,20252026
data,Iceland Úrvalsdeild,Iceland,Úrvalsdeild,737,2017
data,Iceland Úrvalsdeild,Iceland,Úrvalsdeild,738,2016
data,Iceland Úrvalsdeild,Iceland,Úrvalsdeild,739,2015
data,Iceland Úrvalsdeild,Iceland,Úrvalsdeild,740,2014
data,Iceland Úrvalsdeild,Iceland,Úrvalsdeild,741,2013
data,Iceland Úrvalsdeild,Iceland,Úrvalsdeild,1113,2018
data,Iceland Úrvalsdeild,Iceland,Úrvalsdeild,1832,2019
data,Iceland Úrvalsdeild,Iceland,Úrvalsdeild,3682,2020
data,Iceland Úrvalsdeild,Iceland,Úrvalsdeild,5522,2021
data,Iceland Úrvalsdeild,Iceland,Úrvalsdeild,7105,2022
data,Iceland Úrvalsdeild,Iceland,Úrvalsdeild,8784,2023
data,Iceland Úrvalsdeild,Iceland,Úrvalsdeild,10975,2024
data,Iceland Úrvalsdeild,Iceland,Úrvalsdeild,14017,2025
data,Iceland 1. Deild,Iceland,1. Deild,742,2017
data,Iceland 1. Deild,Iceland,1. Deild,743,2016
data,Iceland 1. Deild,Iceland,1. Deild,744,2015
data,Iceland 1. Deild,Iceland,1. Deild,745,2014
data,Iceland 1. Deild,Iceland,1. Deild,746,2013
data,Iceland 1. Deild,Iceland,1. Deild,1114,2018
data,Iceland 1. Deild,Iceland,1. Deild,1833,2019
data,Iceland 1. Deild,Iceland,1. Deild,3821,2020
data,Iceland 1. Deild,Iceland,1. Deild,5523,2021
data,Iceland 1. Deild,Iceland,1. Deild,6915,2022
data,Iceland 1. Deild,Iceland,1. Deild,8785,2023
data,Iceland 1. Deild,Iceland,1. Deild,10990,2024
data,Iceland 1. Deild,Iceland,1. Deild,14036,2025
data,South Korea K League 1,South Korea,K League 1,747,2017
data,South Korea K League 1,South Korea,K League 1,748,2016
data,South Korea K League 1,South Korea,K League 1,749,2015
data,South Korea K League 1,South Korea,K League 1,750,2014
data,South Korea K League 1,South Korea,K League 1,751,2013
data,South Korea K League 1,South Korea,K League 1,1115,2018
data,South Korea K League 1,South Korea,K League 1,1862,2019
data,South Korea K League 1,South Korea,K League 1,4379,2020
data,South Korea K League 1,South Korea,K League 1,5506,2021
data,South Korea K League 1,South Korea,K League 1,7061,2022
data,South Korea K League 1,South Korea,K League 1,8899,2023
data,South Korea K League 1,South Korea,K League 1,11102,2024
data,South Korea K League 1,South Korea,K League 1,16243,2025
data,South Korea K League 2,South Korea,K League 2,752,2015
data,South Korea K League 2,South Korea,K League 2,753,2013
data,South Korea K League 2,South Korea,K League 2,759,2017
data,South Korea K League 2,South Korea,K League 2,760,2016
data,South Korea K League 2,South Korea,K League 2,761,2014
data,South Korea K League 2,South Korea,K League 2,1121,2018
data,South Korea K League 2,South Korea,K League 2,1863,2019
data,South Korea K League 2,South Korea,K League 2,4381,2020
data,South Korea K League 2,South Korea,K League 2,5504,2021
data,South Korea K League 2,South Korea,K League 2,7062,2022
data,South Korea K League 2,South Korea,K League 2,8938,2023
data,South Korea K League 2,South Korea,K League 2,11156,2024
data,South Korea K League 2,South Korea,K League 2,16241,2025
data,France National 2,France,National 2,754,20172018
data,France National 2,France,National 2,755,20162017
data,France National 2,France,National 2,756,20152016
data,France National 2,France,National 2,757,20142015
data,France National 2,France,National 2,758,20132014
data,France National 2,France,National 2,1639,20182019
data,France National 2,France,National 2,2429,20192020
data,South Korea K3 League,South Korea,K3 League,762,2016
data,South Korea K3 League,South Korea,K3 League,763,2015
data,South Korea K3 League,South Korea,K3 League,764,2014
data,South Korea K3 League,South Korea,K3 League,765,2013
data,South Korea K3 League,South Korea,K3 League,790,2017
data,South Korea K3 League,South Korea,K3 League,1120,2018
data,South Korea K3 League,South Korea,K3 League,1927,2019
data,South Korea K3 League,South Korea,K3 League,4395,2020
data,South Korea K3 League,South Korea,K3 League,5860,2021
data,South Korea K3 League,South Korea,K3 League,7137,2022
data,South Korea K3 League,South Korea,K3 League,9066,2023
data,South Korea K3 League,South Korea,K3 League,11281,2024
data,South Korea K3 League,South Korea,K3 League,14301,2025
data,Luxembourg National Division,Luxembourg,National Division,766,20172018
data,Luxembourg National Division,Luxembourg,National Division,767,20162017
data,Luxembourg National Division,Luxembourg,National Division,768,20152016
data,Luxembourg National Division,Luxembourg,National Division,769,20142015
data,Luxembourg National Division,Luxembourg,National Division,770,20132014
data,Luxembourg National Division,Luxembourg,National Division,1570,20182019
data,Luxembourg National Division,Luxembourg,National Division,2417,20192020
data,Luxembourg National Division,Luxembourg,National Division,4752,20202021
data,Luxembourg National Division,Luxembourg,National Division,6094,20212022
data,Luxembourg National Division,Luxembourg,National Division,7708,20222023
data,Luxembourg National Division,Luxembourg,National Division,9550,20232024
data,Luxembourg National Division,Luxembourg,National Division,12477,20242025
data,Luxembourg National Division,Luxembourg,National Division,15081,20252026
data,Luxembourg Division of Honour,Luxembourg,Division of Honour,771,20172018
data,Luxembourg Division of Honour,Luxembourg,Division of Honour,772,20142015
data,Luxembourg Division of Honour,Luxembourg,Division of Honour,788,20162017
data,Luxembourg Division of Honour,Luxembourg,Division of Honour,789,20152016
data,Luxembourg Division of Honour,Luxembourg,Division of Honour,1571,20182019
data,Luxembourg Division of Honour,Luxembourg,Division of Honour,2672,20192020
data,Luxembourg Division of Honour,Luxembourg,Division of Honour,4753,20202021
data,Luxembourg Division of Honour,Luxembourg,Division of Honour,6444,20212022
data,Luxembourg Division of Honour,Luxembourg,Division of Honour,8114,20222023
data,Luxembourg Division of Honour,Luxembourg,Division of Honour,9620,20232024
data,Luxembourg Division of Honour,Luxembourg,Division of Honour,12942,20242025
data,Luxembourg Division of Honour,Luxembourg,Division of Honour,15080,20252026
data,USA NASL,USA,NASL,773,2017
data,USA NASL,USA,NASL,774,2016
data,USA NASL,USA,NASL,775,2015
data,USA NASL,USA,NASL,776,2014
data,USA NASL,USA,NASL,777,2013
data,USA NASL,USA,NASL,4325,2012
data,USA NASL,USA,NASL,4331,2011
data,Vietnam V.League 1,Vietnam,V.League 1,778,2017
data,Vietnam V.League 1,Vietnam,V.League 1,779,2016
data,Vietnam V.League 1,Vietnam,V.League 1,780,2015
data,Vietnam V.League 1,Vietnam,V.League 1,781,2014
data,Vietnam V.League 1,Vietnam,V.League 1,782,2013
data,Vietnam V.League 1,Vietnam,V.League 1,1119,2018
data,Vietnam V.League 1,Vietnam,V.League 1,2062,2019
data,Vietnam V.League 1,Vietnam,V.League 1,3712,2020
data,Vietnam V.League 1,Vietnam,V.League 1,5445,2021
data,Vietnam V.League 1,Vietnam,V.League 1,6972,2022
data,Vietnam V.League 1,Vietnam,V.League 1,8831,2023
data,Vietnam V.League 1,Vietnam,V.League 1,10721,20232024
data,Vietnam V.League 1,Vietnam,V.League 1,13152,20242025
data,Vietnam V.League 1,Vietnam,V.League 1,15243,20252026
data,Vietnam V.League 2,Vietnam,V.League 2,783,2017
data,Vietnam V.League 2,Vietnam,V.League 2,784,2016
data,Vietnam V.League 2,Vietnam,V.League 2,785,2015
data,Vietnam V.League 2,Vietnam,V.League 2,786,2014
data,Vietnam V.League 2,Vietnam,V.League 2,787,2013
data,Vietnam V.League 2,Vietnam,V.League 2,1210,2018
data,Vietnam V.League 2,Vietnam,V.League 2,1888,2019
data,Vietnam V.League 2,Vietnam,V.League 2,3788,2020
data,Vietnam V.League 2,Vietnam,V.League 2,5579,2021
data,Vietnam V.League 2,Vietnam,V.League 2,6973,2022
data,Vietnam V.League 2,Vietnam,V.League 2,9079,2023
data,Vietnam V.League 2,Vietnam,V.League 2,10725,20232024
data,Vietnam V.League 2,Vietnam,V.League 2,13594,20242025
data,Vietnam V.League 2,Vietnam,V.League 2,15786,20252026
data,Denmark Elitedivisionen,Denmark,Elitedivisionen,793,20172018
data,Denmark Elitedivisionen,Denmark,Elitedivisionen,794,20162017
data,Denmark Elitedivisionen,Denmark,Elitedivisionen,795,20152016
data,Denmark Elitedivisionen,Denmark,Elitedivisionen,796,20142015
data,Denmark Elitedivisionen,Denmark,Elitedivisionen,797,20132014
data,Denmark Elitedivisionen,Denmark,Elitedivisionen,1541,20182019
data,Denmark Elitedivisionen,Denmark,Elitedivisionen,2259,20192020
data,Denmark Elitedivisionen,Denmark,Elitedivisionen,4640,20202021
data,Denmark Elitedivisionen,Denmark,Elitedivisionen,6091,20212022
data,Denmark Elitedivisionen,Denmark,Elitedivisionen,7578,20222023
data,Denmark Elitedivisionen,Denmark,Elitedivisionen,9583,20232024
data,Denmark Elitedivisionen,Denmark,Elitedivisionen,12543,20242025
data,Denmark Elitedivisionen,Denmark,Elitedivisionen,15563,20252026
data,Tunisia Ligue 1,Tunisia,Ligue 1,798,20172018
data,Tunisia Ligue 1,Tunisia,Ligue 1,799,20162017
data,Tunisia Ligue 1,Tunisia,Ligue 1,800,20152016
data,Tunisia Ligue 1,Tunisia,Ligue 1,801,20142015
data,Tunisia Ligue 1,Tunisia,Ligue 1,802,20132014
data,Tunisia Ligue 1,Tunisia,Ligue 1,1644,20182019
data,Tunisia Ligue 1,Tunisia,Ligue 1,2650,20192020
data,Tunisia Ligue 1,Tunisia,Ligue 1,5257,20202021
data,Tunisia Ligue 1,Tunisia,Ligue 1,6726,20212022
data,Tunisia Ligue 1,Tunisia,Ligue 1,8428,20222023
data,Tunisia Ligue 1,Tunisia,Ligue 1,10156,20232024
data,Tunisia Ligue 1,Tunisia,Ligue 1,13307,20242025
data,Tunisia Ligue 1,Tunisia,Ligue 1,15480,20252026
data,Tunisia Ligue 2,Tunisia,Ligue 2,803,20172018
data,Tunisia Ligue 2,Tunisia,Ligue 2,804,20162017
data,Tunisia Ligue 2,Tunisia,Ligue 2,805,20152016
data,Tunisia Ligue 2,Tunisia,Ligue 2,806,20142015
data,Tunisia Ligue 2,Tunisia,Ligue 2,807,20132014
data,Tunisia Ligue 2,Tunisia,Ligue 2,1783,20182019
data,Tunisia Ligue 2,Tunisia,Ligue 2,2886,20192020
data,Tunisia Ligue 2,Tunisia,Ligue 2,5512,20202021
data,Tunisia Ligue 2,Tunisia,Ligue 2,6794,20212022
data,Tunisia Ligue 2,Tunisia,Ligue 2,8443,20222023
data,Tunisia Ligue 2,Tunisia,Ligue 2,10705,20232024
data,Tunisia Ligue 2,Tunisia,Ligue 2,13628,20242025
data,Tunisia Ligue 2,Tunisia,Ligue 2,15995,20252026
data,Qatar Stars League,Qatar,Stars League,808,20172018
data,Qatar Stars League,Qatar,Stars League,809,20162017
data,Qatar Stars League,Qatar,Stars League,810,20152016
data,Qatar Stars League,Qatar,Stars League,811,20132014
data,Qatar Stars League,Qatar,Stars League,837,20142015
data,Qatar Stars League,Qatar,Stars League,1595,20182019
data,Qatar Stars League,Qatar,Stars League,2472,20192020
data,Qatar Stars League,Qatar,Stars League,4849,20202021
data,Qatar Stars League,Qatar,Stars League,6312,20212022
data,Qatar Stars League,Qatar,Stars League,9213,20222023
data,Qatar Stars League,Qatar,Stars League,10154,20232024
data,Qatar Stars League,Qatar,Stars League,12587,20242025
data,Qatar Stars League,Qatar,Stars League,15038,20252026
data,Qatar Second Division,Qatar,Second Division,812,20132014
data,Qatar Second Division,Qatar,Second Division,839,20142015
data,Qatar Second Division,Qatar,Second Division,840,20172018
data,Qatar Second Division,Qatar,Second Division,841,20162017
data,Qatar Second Division,Qatar,Second Division,842,20152016
data,Qatar Second Division,Qatar,Second Division,1795,20182019
data,Qatar Second Division,Qatar,Second Division,2905,20192020
data,Qatar Second Division,Qatar,Second Division,5255,20202021
data,Qatar Second Division,Qatar,Second Division,6695,20212022
data,Qatar Second Division,Qatar,Second Division,8235,20222023
data,Qatar Second Division,Qatar,Second Division,10522,20232024
data,Qatar Second Division,Qatar,Second Division,13439,20242025
data,Qatar Second Division,Qatar,Second Division,15814,20252026
data,England U18 Premier League,England,U18 Premier League,813,20172018
data,England U18 Premier League,England,U18 Premier League,814,20152016
data,England U18 Premier League,England,U18 Premier League,815,20142015
data,England U18 Premier League,England,U18 Premier League,816,20132014
data,England U18 Premier League,England,U18 Premier League,838,20162017
data,England U18 Premier League,England,U18 Premier League,1727,20182019
data,England U18 Premier League,England,U18 Premier League,2583,20192020
data,England U18 Premier League,England,U18 Premier League,3959,20122013
data,England U18 Premier League,England,U18 Premier League,3960,20112012
data,England U18 Premier League,England,U18 Premier League,4956,20202021
data,England U18 Premier League,England,U18 Premier League,6350,20212022
data,England U18 Premier League,England,U18 Premier League,8038,20222023
data,England U18 Premier League,England,U18 Premier League,10215,20232024
data,England U18 Premier League,England,U18 Premier League,13092,20242025
data,England U18 Premier League,England,U18 Premier League,15518,20252026
data,France Feminine Division 1,France,Feminine Division 1,817,20172018
data,France Feminine Division 1,France,Feminine Division 1,818,20162017
data,France Feminine Division 1,France,Feminine Division 1,819,20152016
data,France Feminine Division 1,France,Feminine Division 1,820,20142015
data,France Feminine Division 1,France,Feminine Division 1,821,20132014
data,France Feminine Division 1,France,Feminine Division 1,1679,20182019
data,France Feminine Division 1,France,Feminine Division 1,2430,20192020
data,France Feminine Division 1,France,Feminine Division 1,4205,20122013
data,France Feminine Division 1,France,Feminine Division 1,4212,20112012
data,France Feminine Division 1,France,Feminine Division 1,4219,20092010
data,France Feminine Division 1,France,Feminine Division 1,4795,20202021
data,France Feminine Division 1,France,Feminine Division 1,6407,20212022
data,France Feminine Division 1,France,Feminine Division 1,8088,20222023
data,France Feminine Division 1,France,Feminine Division 1,9811,20232024
data,France Feminine Division 1,France,Feminine Division 1,12789,20242025
data,France Feminine Division 1,France,Feminine Division 1,15244,20252026
data,France Championnat National U19,France,Championnat National U19,822,20172018
data,France Championnat National U19,France,Championnat National U19,823,20162017
data,France Championnat National U19,France,Championnat National U19,824,20152016
data,France Championnat National U19,France,Championnat National U19,825,20142015
data,France Championnat National U19,France,Championnat National U19,826,20132014
data,France Championnat National U19,France,Championnat National U19,1715,20182019
data,France Championnat National U19,France,Championnat National U19,2468,20192020
data,France Championnat National U19,France,Championnat National U19,4222,20122013
data,France Championnat National U19,France,Championnat National U19,4876,20202021
data,France Championnat National U19,France,Championnat National U19,6485,20212022
data,France Championnat National U19,France,Championnat National U19,7992,20222023
data,France Championnat National U19,France,Championnat National U19,10046,20232024
data,France Championnat National U19,France,Championnat National U19,12940,20242025
data,France Championnat National U19,France,Championnat National U19,15642,20252026
data,Germany Frauen Bundesliga,Germany,Frauen Bundesliga,827,20172018
data,Germany Frauen Bundesliga,Germany,Frauen Bundesliga,828,20162017
data,Germany Frauen Bundesliga,Germany,Frauen Bundesliga,829,20152016
data,Germany Frauen Bundesliga,Germany,Frauen Bundesliga,830,20142015
data,Germany Frauen Bundesliga,Germany,Frauen Bundesliga,831,20132014
data,Germany Frauen Bundesliga,Germany,Frauen Bundesliga,1577,20182019
data,Germany Frauen Bundesliga,Germany,Frauen Bundesliga,2459,20192020
data,Germany Frauen Bundesliga,Germany,Frauen Bundesliga,4204,20122013
data,Germany Frauen Bundesliga,Germany,Frauen Bundesliga,4211,20112012
data,Germany Frauen Bundesliga,Germany,Frauen Bundesliga,4218,20102011
data,Germany Frauen Bundesliga,Germany,Frauen Bundesliga,4221,20092010
data,Germany Frauen Bundesliga,Germany,Frauen Bundesliga,4834,20202021
data,Germany Frauen Bundesliga,Germany,Frauen Bundesliga,6093,20212022
data,Germany Frauen Bundesliga,Germany,Frauen Bundesliga,7961,20222023
data,Germany Frauen Bundesliga,Germany,Frauen Bundesliga,9979,20232024
data,Germany Frauen Bundesliga,Germany,Frauen Bundesliga,12934,20242025
data,Germany Frauen Bundesliga,Germany,Frauen Bundesliga,16025,20252026
data,Germany 2. Frauen Bundesliga,Germany,2. Frauen Bundesliga,832,20172018
data,Germany 2. Frauen Bundesliga,Germany,2. Frauen Bundesliga,833,20162017
data,Germany 2. Frauen Bundesliga,Germany,2. Frauen Bundesliga,834,20152016
data,Germany 2. Frauen Bundesliga,Germany,2. Frauen Bundesliga,835,20142015
data,Germany 2. Frauen Bundesliga,Germany,2. Frauen Bundesliga,836,20132014
data,Germany 2. Frauen Bundesliga,Germany,2. Frauen Bundesliga,1580,20182019
data,Germany 2. Frauen Bundesliga,Germany,2. Frauen Bundesliga,2464,20192020
data,Germany 2. Frauen Bundesliga,Germany,2. Frauen Bundesliga,4835,20202021
data,Germany 2. Frauen Bundesliga,Germany,2. Frauen Bundesliga,6478,20212022
data,Germany 2. Frauen Bundesliga,Germany,2. Frauen Bundesliga,7769,20222023
data,Germany 2. Frauen Bundesliga,Germany,2. Frauen Bundesliga,9882,20232024
data,Germany 2. Frauen Bundesliga,Germany,2. Frauen Bundesliga,12848,20242025
data,Germany 2. Frauen Bundesliga,Germany,2. Frauen Bundesliga,15296,20252026
data,Ecuador Primera Categoría Serie A,Ecuador,Primera Categoría Serie A,843,2017
data,Ecuador Primera Categoría Serie A,Ecuador,Primera Categoría Serie A,844,2016
data,Ecuador Primera Categoría Serie A,Ecuador,Primera Categoría Serie A,845,2015
data,Ecuador Primera Categoría Serie A,Ecuador,Primera Categoría Serie A,846,2014
data,Ecuador Primera Categoría Serie A,Ecuador,Primera Categoría Serie A,847,2013
data,Ecuador Primera Categoría Serie A,Ecuador,Primera Categoría Serie A,1093,2018
data,Ecuador Primera Categoría Serie A,Ecuador,Primera Categoría Serie A,1872,2019
data,Ecuador Primera Categoría Serie A,Ecuador,Primera Categoría Serie A,3553,2020
data,Ecuador Primera Categoría Serie A,Ecuador,Primera Categoría Serie A,5580,2021
data,Ecuador Primera Categoría Serie A,Ecuador,Primera Categoría Serie A,7038,2022
data,Ecuador Primera Categoría Serie A,Ecuador,Primera Categoría Serie A,8934,2023
data,Ecuador Primera Categoría Serie A,Ecuador,Primera Categoría Serie A,11157,2024
data,Ecuador Primera Categoría Serie A,Ecuador,Primera Categoría Serie A,15842,2025
data,Ecuador Primera Categoría Serie B,Ecuador,Primera Categoría Serie B,848,2017
data,Ecuador Primera Categoría Serie B,Ecuador,Primera Categoría Serie B,849,2016
data,Ecuador Primera Categoría Serie B,Ecuador,Primera Categoría Serie B,850,2014
data,Ecuador Primera Categoría Serie B,Ecuador,Primera Categoría Serie B,851,2015
data,Ecuador Primera Categoría Serie B,Ecuador,Primera Categoría Serie B,852,2013
data,Ecuador Primera Categoría Serie B,Ecuador,Primera Categoría Serie B,1094,2018
data,Ecuador Primera Categoría Serie B,Ecuador,Primera Categoría Serie B,1873,2019
data,Ecuador Primera Categoría Serie B,Ecuador,Primera Categoría Serie B,4623,2020
data,Ecuador Primera Categoría Serie B,Ecuador,Primera Categoría Serie B,5723,2021
data,Ecuador Primera Categoría Serie B,Ecuador,Primera Categoría Serie B,7261,2022
data,Ecuador Primera Categoría Serie B,Ecuador,Primera Categoría Serie B,9084,2023
data,Ecuador Primera Categoría Serie B,Ecuador,Primera Categoría Serie B,11329,2024
data,Ecuador Primera Categoría Serie B,Ecuador,Primera Categoría Serie B,14309,2025
data,Uruguay Primera División,Uruguay,Primera División,853,2017
data,Uruguay Primera División,Uruguay,Primera División,854,2016
data,Uruguay Primera División,Uruguay,Primera División,855,20152016
data,Uruguay Primera División,Uruguay,Primera División,856,20142015
data,Uruguay Primera División,Uruguay,Primera División,857,20132014
data,Uruguay Primera División,Uruguay,Primera División,1095,2018
data,Uruguay Primera División,Uruguay,Primera División,1905,2019
data,Uruguay Primera División,Uruguay,Primera División,3789,2020
data,Uruguay Primera División,Uruguay,Primera División,5809,2021
data,Uruguay Primera División,Uruguay,Primera División,7067,2022
data,Uruguay Primera División,Uruguay,Primera División,8937,2023
data,Uruguay Primera División,Uruguay,Primera División,11209,2024
data,Uruguay Primera División,Uruguay,Primera División,14626,2025
data,Uruguay Segunda División,Uruguay,Segunda División,858,2017
data,Uruguay Segunda División,Uruguay,Segunda División,859,2016
data,Uruguay Segunda División,Uruguay,Segunda División,860,20152016
data,Uruguay Segunda División,Uruguay,Segunda División,861,20142015
data,Uruguay Segunda División,Uruguay,Segunda División,862,20132014
data,Uruguay Segunda División,Uruguay,Segunda División,1096,2018
data,Uruguay Segunda División,Uruguay,Segunda División,1949,2019
data,Uruguay Segunda División,Uruguay,Segunda División,4651,2020
data,Uruguay Segunda División,Uruguay,Segunda División,5908,2021
data,Uruguay Segunda División,Uruguay,Segunda División,7173,2022
data,Uruguay Segunda División,Uruguay,Segunda División,9288,2023
data,Uruguay Segunda División,Uruguay,Segunda División,11491,2024
data,Uruguay Segunda División,Uruguay,Segunda División,16157,2025
data,Uruguay Segunda B Nacional,Uruguay,Segunda B Nacional,863,2017
data,Uruguay Segunda B Nacional,Uruguay,Segunda B Nacional,864,20142015
data,Uruguay Segunda B Nacional,Uruguay,Segunda B Nacional,865,20132014
data,Uruguay Segunda B Nacional,Uruguay,Segunda B Nacional,1398,2018
data,Uruguay Segunda B Nacional,Uruguay,Segunda B Nacional,2151,2019
data,UAE Arabian Gulf League,UAE,Arabian Gulf League,866,20172018
data,UAE Arabian Gulf League,UAE,Arabian Gulf League,867,20162017
data,UAE Arabian Gulf League,UAE,Arabian Gulf League,868,20132014
data,UAE Arabian Gulf League,UAE,Arabian Gulf League,882,20152016
data,UAE Arabian Gulf League,UAE,Arabian Gulf League,883,20142015
data,UAE Arabian Gulf League,UAE,Arabian Gulf League,1616,20182019
data,UAE Arabian Gulf League,UAE,Arabian Gulf League,2260,20192020
data,UAE Arabian Gulf League,UAE,Arabian Gulf League,4831,20202021
data,UAE Arabian Gulf League,UAE,Arabian Gulf League,6042,20212022
data,UAE Arabian Gulf League,UAE,Arabian Gulf League,7865,20222023
data,UAE Arabian Gulf League,UAE,Arabian Gulf League,9578,20232024
data,UAE Arabian Gulf League,UAE,Arabian Gulf League,12584,20242025
data,UAE Arabian Gulf League,UAE,Arabian Gulf League,15360,20252026
data,UAE Division One,UAE,Division One,869,20152016
data,UAE Division One,UAE,Division One,870,20142015
data,UAE Division One,UAE,Division One,871,20132014
data,UAE Division One,UAE,Division One,884,20172018
data,UAE Division One,UAE,Division One,885,20162017
data,UAE Division One,UAE,Division One,1822,20182019
data,UAE Division One,UAE,Division One,2975,20192020
data,UAE Division One,UAE,Division One,5205,20202021
data,UAE Division One,UAE,Division One,6728,20212022
data,UAE Division One,UAE,Division One,8237,20222023
data,UAE Division One,UAE,Division One,10507,20232024
data,UAE Division One,UAE,Division One,13064,20242025
data,UAE Division One,UAE,Division One,15251,20252026
data,Tanzania Ligi kuu Bara,Tanzania,Ligi kuu Bara,872,20172018
data,Tanzania Ligi kuu Bara,Tanzania,Ligi kuu Bara,873,20162017
data,Tanzania Ligi kuu Bara,Tanzania,Ligi kuu Bara,874,20152016
data,Tanzania Ligi kuu Bara,Tanzania,Ligi kuu Bara,875,20142015
data,Tanzania Ligi kuu Bara,Tanzania,Ligi kuu Bara,876,20132014
data,Tanzania Ligi kuu Bara,Tanzania,Ligi kuu Bara,1781,20182019
data,Tanzania Ligi kuu Bara,Tanzania,Ligi kuu Bara,2723,20192020
data,Tanzania Ligi kuu Bara,Tanzania,Ligi kuu Bara,4905,20202021
data,Tanzania Ligi kuu Bara,Tanzania,Ligi kuu Bara,6795,20212022
data,Tanzania Ligi kuu Bara,Tanzania,Ligi kuu Bara,8092,20222023
data,Tanzania Ligi kuu Bara,Tanzania,Ligi kuu Bara,10294,20232024
data,Tanzania Ligi kuu Bara,Tanzania,Ligi kuu Bara,13245,20242025
data,Tanzania Ligi kuu Bara,Tanzania,Ligi kuu Bara,15967,20252026
data,Sweden U21 League,Sweden,U21 League,877,2017
data,Sweden U21 League,Sweden,U21 League,878,2015
data,Sweden U21 League,Sweden,U21 League,879,2014
data,Sweden U21 League,Sweden,U21 League,886,2016
data,Sweden U21 League,Sweden,U21 League,887,2013
data,Sweden U21 League,Sweden,U21 League,1111,2018
data,Sweden U21 League,Sweden,U21 League,2075,2019
data,Sweden U21 League,Sweden,U21 League,3842,2020
data,Sweden U21 League,Sweden,U21 League,5630,2021
data,Sweden U21 League,Sweden,U21 League,7150,2022
data,Sweden U21 League,Sweden,U21 League,8943,2023
data,Sweden U21 League,Sweden,U21 League,11238,2024
data,Sweden U21 League,Sweden,U21 League,15848,2025
data,Spain Segunda División B,Spain,Segunda División B,880,20142015
data,Spain Segunda División B,Spain,Segunda División B,881,20132014
data,Spain Segunda División B,Spain,Segunda División B,888,20172018
data,Spain Segunda División B,Spain,Segunda División B,889,20162017
data,Spain Segunda División B,Spain,Segunda División B,890,20152016
data,Spain Segunda División B,Spain,Segunda División B,1721,20182019
data,Spain Segunda División B,Spain,Segunda División B,2744,20192020
data,Spain Segunda División B,Spain,Segunda División B,4230,20122013
data,Spain Segunda División B,Spain,Segunda División B,4248,20112012
data,Spain Segunda División B,Spain,Segunda División B,4274,20102011
data,Spain Segunda División B,Spain,Segunda División B,4282,20092010
data,Spain Segunda División B,Spain,Segunda División B,6213,20212022
data,Spain Segunda División B,Spain,Segunda División B,8146,20222023
data,Spain División de Honor Juvenil,Spain,División de Honor Juvenil,891,20172018
data,Spain División de Honor Juvenil,Spain,División de Honor Juvenil,892,20162017
data,Spain División de Honor Juvenil,Spain,División de Honor Juvenil,893,20152016
data,Spain División de Honor Juvenil,Spain,División de Honor Juvenil,894,20132014
data,Spain División de Honor Juvenil,Spain,División de Honor Juvenil,896,20142015
data,Spain División de Honor Juvenil,Spain,División de Honor Juvenil,1722,20182019
data,Spain División de Honor Juvenil,Spain,División de Honor Juvenil,2698,20192020
data,Spain División de Honor Juvenil,Spain,División de Honor Juvenil,5199,20202021
data,Spain División de Honor Juvenil,Spain,División de Honor Juvenil,6619,20212022
data,Portugal Campeonato de Portugal Prio,Portugal,Campeonato de Portugal Prio,895,20172018
data,Portugal Campeonato de Portugal Prio,Portugal,Campeonato de Portugal Prio,897,20152016
data,Portugal Campeonato de Portugal Prio,Portugal,Campeonato de Portugal Prio,898,20162017
data,Portugal Campeonato de Portugal Prio,Portugal,Campeonato de Portugal Prio,899,20142015
data,Portugal Campeonato de Portugal Prio,Portugal,Campeonato de Portugal Prio,900,20132014
data,Portugal Campeonato de Portugal Prio,Portugal,Campeonato de Portugal Prio,1720,20182019
data,Portugal Campeonato de Portugal Prio,Portugal,Campeonato de Portugal Prio,2675,20192020
data,New Zealand Premiership,New Zealand,Premiership,901,20172018
data,New Zealand Premiership,New Zealand,Premiership,902,20162017
data,New Zealand Premiership,New Zealand,Premiership,903,20152016
data,New Zealand Premiership,New Zealand,Premiership,904,20142015
data,New Zealand Premiership,New Zealand,Premiership,905,20132014
data,New Zealand Premiership,New Zealand,Premiership,1794,20182019
data,New Zealand Premiership,New Zealand,Premiership,2970,20192020
data,New Zealand Premiership,New Zealand,Premiership,5222,20202021
data,New Zealand Regional Leagues,New Zealand,Regional Leagues,906,2017
data,New Zealand Regional Leagues,New Zealand,Regional Leagues,907,2016
data,New Zealand Regional Leagues,New Zealand,Regional Leagues,1523,2018
data,New Zealand Regional Leagues,New Zealand,Regional Leagues,1921,2019
data,New Zealand Regional Leagues,New Zealand,Regional Leagues,4434,2020
data,New Zealand Regional Leagues,New Zealand,Regional Leagues,5744,2021
data,New Zealand Regional Leagues,New Zealand,Regional Leagues,7599,2022
data,New Zealand Regional Leagues,New Zealand,Regional Leagues,9062,2023
data,New Zealand Regional Leagues,New Zealand,Regional Leagues,11334,2024
data,New Zealand Regional Leagues,New Zealand,Regional Leagues,14425,2025
data,Kenya National Super League,Kenya,National Super League,908,2017
data,Kenya National Super League,Kenya,National Super League,1209,2018
data,Kenya National Super League,Kenya,National Super League,1836,20182019
data,Kenya National Super League,Kenya,National Super League,3855,20192020
data,Kenya National Super League,Kenya,National Super League,5362,20202021
data,Kenya National Super League,Kenya,National Super League,6717,20212022
data,Kenya National Super League,Kenya,National Super League,8614,20222023
data,Kenya National Super League,Kenya,National Super League,10472,20232024
data,Kenya National Super League,Kenya,National Super League,13198,20242025
data,Kenya National Super League,Kenya,National Super League,16078,20252026
data,Kenya Kenyan Premier League,Kenya,Kenyan Premier League,909,2017
data,Kenya Kenyan Premier League,Kenya,Kenyan Premier League,910,2016
data,Kenya Kenyan Premier League,Kenya,Kenyan Premier League,911,2015
data,Kenya Kenyan Premier League,Kenya,Kenyan Premier League,912,2014
data,Kenya Kenyan Premier League,Kenya,Kenyan Premier League,998,2018
data,Kenya Kenyan Premier League,Kenya,Kenyan Premier League,1835,20182019
data,Kenya Kenyan Premier League,Kenya,Kenyan Premier League,2284,20192020
data,Kenya Kenyan Premier League,Kenya,Kenyan Premier League,5237,20202021
data,Kenya Kenyan Premier League,Kenya,Kenyan Premier League,6687,20212022
data,Kenya Kenyan Premier League,Kenya,Kenyan Premier League,8472,20222023
data,Kenya Kenyan Premier League,Kenya,Kenyan Premier League,10166,20232024
data,Kenya Kenyan Premier League,Kenya,Kenyan Premier League,13115,20242025
data,Kenya Kenyan Premier League,Kenya,Kenyan Premier League,15809,20252026
data,Japan Nadeshiko League 1,Japan,Nadeshiko League 1,913,2017
data,Japan Nadeshiko League 1,Japan,Nadeshiko League 1,914,2016
data,Japan Nadeshiko League 1,Japan,Nadeshiko League 1,915,2015
data,Japan Nadeshiko League 1,Japan,Nadeshiko League 1,925,2014
data,Japan Nadeshiko League 1,Japan,Nadeshiko League 1,926,2013
data,Japan Nadeshiko League 1,Japan,Nadeshiko League 1,1074,2018
data,Japan Nadeshiko League 1,Japan,Nadeshiko League 1,1866,2019
data,Japan Nadeshiko League 1,Japan,Nadeshiko League 1,3804,2020
data,Japan Nadeshiko League 1,Japan,Nadeshiko League 1,5740,2021
data,Japan Nadeshiko League 1,Japan,Nadeshiko League 1,7130,2022
data,Japan Nadeshiko League 1,Japan,Nadeshiko League 1,9006,2023
data,Japan Nadeshiko League 1,Japan,Nadeshiko League 1,11220,2024
data,Japan Nadeshiko League 1,Japan,Nadeshiko League 1,16275,2025
data,Saudi Arabia Professional League,Saudi Arabia,Professional League,916,20172018
data,Saudi Arabia Professional League,Saudi Arabia,Professional League,917,20162017
data,Saudi Arabia Professional League,Saudi Arabia,Professional League,918,20152016
data,Saudi Arabia Professional League,Saudi Arabia,Professional League,919,20142015
data,Saudi Arabia Professional League,Saudi Arabia,Professional League,927,20132014
data,Saudi Arabia Professional League,Saudi Arabia,Professional League,1599,20182019
data,Saudi Arabia Professional League,Saudi Arabia,Professional League,2518,20192020
data,Saudi Arabia Professional League,Saudi Arabia,Professional League,5193,20202021
data,Saudi Arabia Professional League,Saudi Arabia,Professional League,6212,20212022
data,Saudi Arabia Professional League,Saudi Arabia,Professional League,8089,20222023
data,Saudi Arabia Professional League,Saudi Arabia,Professional League,9883,20232024
data,Saudi Arabia Professional League,Saudi Arabia,Professional League,12772,20242025
data,Saudi Arabia Professional League,Saudi Arabia,Professional League,15741,20252026
data,Saudi Arabia First Division,Saudi Arabia,First Division,920,20152016
data,Saudi Arabia First Division,Saudi Arabia,First Division,921,20142015
data,Saudi Arabia First Division,Saudi Arabia,First Division,928,20172018
data,Saudi Arabia First Division,Saudi Arabia,First Division,929,20162017
data,Saudi Arabia First Division,Saudi Arabia,First Division,930,20132014
data,Saudi Arabia First Division,Saudi Arabia,First Division,1719,20182019
data,Saudi Arabia First Division,Saudi Arabia,First Division,2673,20192020
data,Saudi Arabia First Division,Saudi Arabia,First Division,5195,20202021
data,Saudi Arabia First Division,Saudi Arabia,First Division,8074,20222023
data,Saudi Arabia First Division,Saudi Arabia,First Division,9888,20232024
data,Saudi Arabia First Division,Saudi Arabia,First Division,12496,20242025
data,Saudi Arabia First Division,Saudi Arabia,First Division,13862,20212022
data,Saudi Arabia First Division,Saudi Arabia,First Division,15783,20252026
data,Saudi Arabia Second Division,Saudi Arabia,Second Division,922,20162017
data,Saudi Arabia Second Division,Saudi Arabia,Second Division,923,20142015
data,Saudi Arabia Second Division,Saudi Arabia,Second Division,924,20132014
data,Saudi Arabia Second Division,Saudi Arabia,Second Division,931,20172018
data,Saudi Arabia Second Division,Saudi Arabia,Second Division,932,20152016
data,Saudi Arabia Second Division,Saudi Arabia,Second Division,1821,20182019
data,Saudi Arabia Second Division,Saudi Arabia,Second Division,2906,20192020
data,Saudi Arabia Second Division,Saudi Arabia,Second Division,5196,20202021
data,Saudi Arabia Second Division,Saudi Arabia,Second Division,6723,20212022
data,Saudi Arabia Second Division,Saudi Arabia,Second Division,8306,20222023
data,Saudi Arabia Second Division,Saudi Arabia,Second Division,10502,20232024
data,Saudi Arabia Second Division,Saudi Arabia,Second Division,13675,20242025
data,Saudi Arabia Second Division,Saudi Arabia,Second Division,15869,20252026
data,Greece Football League,Greece,Football League,935,20172018
data,Greece Football League,Greece,Football League,936,20162017
data,Greece Football League,Greece,Football League,937,20152016
data,Greece Football League,Greece,Football League,938,20142015
data,Greece Football League,Greece,Football League,939,20132014
data,Greece Football League,Greece,Football League,1800,20182019
data,Greece Football League,Greece,Football League,2893,20192020
data,Greece Football League,Greece,Football League,5280,20202021
data,Greece Gamma Ethniki,Greece,Gamma Ethniki,940,20172018
data,Greece Gamma Ethniki,Greece,Gamma Ethniki,941,20152016
data,Greece Gamma Ethniki,Greece,Gamma Ethniki,942,20162017
data,Greece Gamma Ethniki,Greece,Gamma Ethniki,948,20142015
data,Greece Gamma Ethniki,Greece,Gamma Ethniki,949,20132014
data,Greece Gamma Ethniki,Greece,Gamma Ethniki,1792,20182019
data,Gibraltar Premier Division,Gibraltar,Premier Division,943,20172018
data,Gibraltar Premier Division,Gibraltar,Premier Division,944,20162017
data,Gibraltar Premier Division,Gibraltar,Premier Division,945,20152016
data,Gibraltar Premier Division,Gibraltar,Premier Division,946,20142015
data,Gibraltar Premier Division,Gibraltar,Premier Division,947,20132014
data,Gibraltar Premier Division,Gibraltar,Premier Division,1730,20182019
data,Gibraltar Premier Division,Gibraltar,Premier Division,2665,20192020
data,Gibraltar Premier Division,Gibraltar,Premier Division,5218,20202021
data,Gibraltar Premier Division,Gibraltar,Premier Division,6280,20212022
data,Gibraltar Premier Division,Gibraltar,Premier Division,7841,20222023
data,Gibraltar Premier Division,Gibraltar,Premier Division,10251,20232024
data,Gibraltar Premier Division,Gibraltar,Premier Division,13271,20242025
data,Gibraltar Premier Division,Gibraltar,Premier Division,15624,20252026
data,Argentina Campeonato de Fútbol Femenino,Argentina,Campeonato de Fútbol Femenino,950,20172018
data,Argentina Campeonato de Fútbol Femenino,Argentina,Campeonato de Fútbol Femenino,951,20162017
data,Argentina Campeonato de Fútbol Femenino,Argentina,Campeonato de Fútbol Femenino,952,2016
data,Argentina Campeonato de Fútbol Femenino,Argentina,Campeonato de Fútbol Femenino,953,2015
data,Argentina Campeonato de Fútbol Femenino,Argentina,Campeonato de Fútbol Femenino,1791,20182019
data,Argentina Campeonato de Fútbol Femenino,Argentina,Campeonato de Fútbol Femenino,2892,20192020
data,Argentina Campeonato de Fútbol Femenino,Argentina,Campeonato de Fútbol Femenino,5351,20202021
data,Argentina Campeonato de Fútbol Femenino,Argentina,Campeonato de Fútbol Femenino,5774,2021
data,Argentina Campeonato de Fútbol Femenino,Argentina,Campeonato de Fútbol Femenino,7183,2022
data,Argentina Campeonato de Fútbol Femenino,Argentina,Campeonato de Fútbol Femenino,9147,2023
data,Argentina Campeonato de Fútbol Femenino,Argentina,Campeonato de Fútbol Femenino,11278,2024
data,Argentina Campeonato de Fútbol Femenino,Argentina,Campeonato de Fútbol Femenino,14642,2025
data,Argentina Primera C,Argentina,Primera C,954,20172018
data,Argentina Primera C,Argentina,Primera C,955,2016
data,Argentina Primera C,Argentina,Primera C,956,2015
data,Argentina Primera C,Argentina,Primera C,957,2014
data,Argentina Primera C,Argentina,Primera C,961,20162017
data,Argentina Primera C,Argentina,Primera C,1746,20182019
data,Argentina Primera C,Argentina,Primera C,2448,20192020
data,Argentina Primera C,Argentina,Primera C,5585,2021
data,Argentina Primera C,Argentina,Primera C,7076,2022
data,Argentina Primera C,Argentina,Primera C,8844,2023
data,Argentina Primera C,Argentina,Primera C,11045,2024
data,Argentina Primera C,Argentina,Primera C,14072,2025
data,Argentina Primera D,Argentina,Primera D,958,20172018
data,Argentina Primera D,Argentina,Primera D,959,20162017
data,Argentina Primera D,Argentina,Primera D,960,2016
data,Argentina Primera D,Argentina,Primera D,962,2015
data,Argentina Primera D,Argentina,Primera D,963,2014
data,Argentina Primera D,Argentina,Primera D,1768,20182019
data,Argentina Primera D,Argentina,Primera D,2788,20192020
data,Argentina Primera D,Argentina,Primera D,5922,2021
data,Argentina Primera D,Argentina,Primera D,7352,2022
data,Argentina Primera D,Argentina,Primera D,9003,2023
data,Europe UEFA Europa League,Europe,UEFA Europa League,964,20172018
data,Europe UEFA Europa League,Europe,UEFA Europa League,1535,20182019
data,Europe UEFA Europa League,Europe,UEFA Europa League,1700,20162017
data,Europe UEFA Europa League,Europe,UEFA Europa League,1805,20142015
data,Europe UEFA Europa League,Europe,UEFA Europa League,1806,20132014
data,Europe UEFA Europa League,Europe,UEFA Europa League,2203,20192020
data,Europe UEFA Europa League,Europe,UEFA Europa League,4058,20092010
data,Europe UEFA Europa League,Europe,UEFA Europa League,4060,20122013
data,Europe UEFA Europa League,Europe,UEFA Europa League,4070,20112012
data,Europe UEFA Europa League,Europe,UEFA Europa League,4104,20102011
data,Europe UEFA Europa League,Europe,UEFA Europa League,4693,20202021
data,Europe UEFA Europa League,Europe,UEFA Europa League,6218,20212022
data,Europe UEFA Europa League,Europe,UEFA Europa League,6731,20152016
data,Europe UEFA Europa League,Europe,UEFA Europa League,7985,20222023
data,Europe UEFA Europa League,Europe,UEFA Europa League,10210,20232024
data,Europe UEFA Europa League,Europe,UEFA Europa League,12327,20242025
data,Europe UEFA Europa League,Europe,UEFA Europa League,15002,20252026
data,India Indian Super League,India,Indian Super League,967,20172018
data,India Indian Super League,India,Indian Super League,973,2016
data,India Indian Super League,India,Indian Super League,974,2015
data,India Indian Super League,India,Indian Super League,975,2014
data,India Indian Super League,India,Indian Super League,1778,20182019
data,India Indian Super League,India,Indian Super League,2844,20192020
data,India Indian Super League,India,Indian Super League,5284,20202021
data,India Indian Super League,India,Indian Super League,6659,20212022
data,India Indian Super League,India,Indian Super League,8342,20222023
data,India Indian Super League,India,Indian Super League,10625,20232024
data,India Indian Super League,India,Indian Super League,13386,20242025
data,India I-League,India,I-League,968,20172018
data,India I-League,India,I-League,976,2017
data,India I-League,India,I-League,977,20152016
data,India I-League,India,I-League,978,20142015
data,India I-League,India,I-League,979,20132014
data,India I-League,India,I-League,1801,20182019
data,India I-League,India,I-League,3092,20192020
data,India I-League,India,I-League,5369,20202021
data,India I-League,India,I-League,7046,20212022
data,India I-League,India,I-League,8590,20222023
data,India I-League,India,I-League,10753,20232024
data,India I-League,India,I-League,14392,20242025
data,Argentina Torneo Federal A,Argentina,Torneo Federal A,969,20172018
data,Argentina Torneo Federal A,Argentina,Torneo Federal A,970,20162017
data,Argentina Torneo Federal A,Argentina,Torneo Federal A,971,2016
data,Argentina Torneo Federal A,Argentina,Torneo Federal A,972,2015
data,Argentina Torneo Federal A,Argentina,Torneo Federal A,1774,20182019
data,Argentina Torneo Federal A,Argentina,Torneo Federal A,2731,20192020
data,Argentina Torneo Federal A,Argentina,Torneo Federal A,7893,2022
data,Argentina Torneo Federal A,Argentina,Torneo Federal A,7894,2021
data,Argentina Torneo Federal A,Argentina,Torneo Federal A,9046,2023
data,Argentina Torneo Federal A,Argentina,Torneo Federal A,11371,2024
data,Argentina Torneo Federal A,Argentina,Torneo Federal A,14386,2025
data,Australia National Premier Leagues,Australia,National Premier Leagues,980,2018
data,Australia National Premier Leagues,Australia,National Premier Leagues,981,2017
data,Australia National Premier Leagues,Australia,National Premier Leagues,982,2016
data,Australia National Premier Leagues,Australia,National Premier Leagues,983,2015
data,Australia National Premier Leagues,Australia,National Premier Leagues,984,2014
data,England Premier League 2 Division One U23,England,Premier League 2 Division One U23,1009,20172018
data,England Premier League 2 Division One U23,England,Premier League 2 Division One U23,1010,20162017
data,England Premier League 2 Division One U23,England,Premier League 2 Division One U23,1676,20182019
data,England Premier League 2 Division One U23,England,Premier League 2 Division One U23,2587,20192020
data,England Premier League 2 Division One U23,England,Premier League 2 Division One U23,4942,20202021
data,England Premier League 2 Division One U23,England,Premier League 2 Division One U23,6353,20212022
data,England Premier League 2 Division One U23,England,Premier League 2 Division One U23,8029,20222023
data,England Premier League 2 Division One U23,England,Premier League 2 Division One U23,10216,20232024
data,England Premier League 2 Division One U23,England,Premier League 2 Division One U23,13081,20242025
data,England Premier League 2 Division One U23,England,Premier League 2 Division One U23,15634,20252026
data,England Premier League 2 Division Two U23,England,Premier League 2 Division Two U23,1011,20172018
data,England Premier League 2 Division Two U23,England,Premier League 2 Division Two U23,1022,20162017
data,England Premier League 2 Division Two U23,England,Premier League 2 Division Two U23,1678,20182019
data,England Premier League 2 Division Two U23,England,Premier League 2 Division Two U23,2586,20192020
data,England Premier League 2 Division Two U23,England,Premier League 2 Division Two U23,4943,20202021
data,England Premier League 2 Division Two U23,England,Premier League 2 Division Two U23,6354,20212022
data,England Premier League 2 Division Two U23,England,Premier League 2 Division Two U23,8028,20222023
data,England Professional Development League,England,Professional Development League,1023,20172018
data,England Professional Development League,England,Professional Development League,1024,20162017
data,England Professional Development League,England,Professional Development League,1025,20152016
data,England Professional Development League,England,Professional Development League,1026,20142015
data,England Professional Development League,England,Professional Development League,1027,20132014
data,England Professional Development League,England,Professional Development League,1728,20182019
data,England Professional Development League,England,Professional Development League,2616,20192020
data,England Professional Development League,England,Professional Development League,4955,20202021
data,England Professional Development League,England,Professional Development League,6635,20212022
data,England Professional Development League,England,Professional Development League,8101,20222023
data,England Professional Development League,England,Professional Development League,10249,20232024
data,England Professional Development League,England,Professional Development League,12851,20242025
data,England Professional Development League,England,Professional Development League,15543,20252026
data,England FA Cup,England,FA Cup,1033,20172018
data,England FA Cup,England,FA Cup,1034,20162017
data,England FA Cup,England,FA Cup,1035,20152016
data,England FA Cup,England,FA Cup,1036,20142015
data,England FA Cup,England,FA Cup,1037,20132014
data,England FA Cup,England,FA Cup,1674,20182019
data,England FA Cup,England,FA Cup,2414,20192020
data,England FA Cup,England,FA Cup,3912,20122013
data,England FA Cup,England,FA Cup,3917,20112012
data,England FA Cup,England,FA Cup,3923,20102011
data,England FA Cup,England,FA Cup,4803,20202021
data,England FA Cup,England,FA Cup,6068,20212022
data,England FA Cup,England,FA Cup,7836,20222023
data,England FA Cup,England,FA Cup,9759,20232024
data,England FA Cup,England,FA Cup,13698,20242025
data,England FA Cup,England,FA Cup,15238,20252026
data,Italy Coppa Italia,Italy,Coppa Italia,1038,20172018
data,Italy Coppa Italia,Italy,Coppa Italia,1039,20162017
data,Italy Coppa Italia,Italy,Coppa Italia,1040,20152016
data,Italy Coppa Italia,Italy,Coppa Italia,1041,20142015
data,Italy Coppa Italia,Italy,Coppa Italia,1042,20132014
data,Italy Coppa Italia,Italy,Coppa Italia,1659,20182019
data,Italy Coppa Italia,Italy,Coppa Italia,2593,20192020
data,Italy Coppa Italia,Italy,Coppa Italia,4121,20122013
data,Italy Coppa Italia,Italy,Coppa Italia,4122,20112012
data,Italy Coppa Italia,Italy,Coppa Italia,4128,20102011
data,Italy Coppa Italia,Italy,Coppa Italia,4130,20092010
data,Italy Coppa Italia,Italy,Coppa Italia,5043,20202021
data,Italy Coppa Italia,Italy,Coppa Italia,6194,20212022
data,Italy Coppa Italia,Italy,Coppa Italia,8596,20222023
data,Italy Coppa Italia,Italy,Coppa Italia,10107,20232024
data,Italy Coppa Italia,Italy,Coppa Italia,12579,20242025
data,Italy Coppa Italia,Italy,Coppa Italia,15037,20252026
data,Spain Copa del Rey,Spain,Copa del Rey,1043,20172018
data,Spain Copa del Rey,Spain,Copa del Rey,1044,20162017
data,Spain Copa del Rey,Spain,Copa del Rey,1045,20152016
data,Spain Copa del Rey,Spain,Copa del Rey,1046,20142015
data,Spain Copa del Rey,Spain,Copa del Rey,1052,20132014
data,Spain Copa del Rey,Spain,Copa del Rey,1732,20182019
data,Spain Copa del Rey,Spain,Copa del Rey,3077,20192020
data,Spain Copa del Rey,Spain,Copa del Rey,3641,20092010
data,Spain Copa del Rey,Spain,Copa del Rey,5334,20202021
data,Spain Copa del Rey,Spain,Copa del Rey,6790,20212022
data,Spain Copa del Rey,Spain,Copa del Rey,8457,20222023
data,Spain Copa del Rey,Spain,Copa del Rey,10736,20232024
data,Spain Copa del Rey,Spain,Copa del Rey,13624,20242025
data,Spain Copa del Rey,Spain,Copa del Rey,16092,20252026
data,England League Cup,England,League Cup,1047,20172018
data,England League Cup,England,League Cup,1048,20162017
data,England League Cup,England,League Cup,1049,20152016
data,England League Cup,England,League Cup,1050,20142015
data,England League Cup,England,League Cup,1051,20132014
data,England League Cup,England,League Cup,1675,20182019
data,England League Cup,England,League Cup,2215,20192020
data,England League Cup,England,League Cup,4076,20122013
data,England League Cup,England,League Cup,4080,20112012
data,England League Cup,England,League Cup,4091,20102011
data,England League Cup,England,League Cup,4094,20092010
data,England League Cup,England,League Cup,4780,20202021
data,England League Cup,England,League Cup,7470,20212022
data,England League Cup,England,League Cup,7579,20222023
data,England League Cup,England,League Cup,9574,20232024
data,England League Cup,England,League Cup,12473,20242025
data,England League Cup,England,League Cup,15137,20252026
data,Honduras Liga Nacional de Fútbol Profesional de Honduras,Honduras,Liga Nacional de Fútbol Profesional de Honduras,1054,20172018
data,Honduras Liga Nacional de Fútbol Profesional de Honduras,Honduras,Liga Nacional de Fútbol Profesional de Honduras,1055,20162017
data,Honduras Liga Nacional de Fútbol Profesional de Honduras,Honduras,Liga Nacional de Fútbol Profesional de Honduras,1056,20152016
data,Honduras Liga Nacional de Fútbol Profesional de Honduras,Honduras,Liga Nacional de Fútbol Profesional de Honduras,1057,20142015
data,Honduras Liga Nacional de Fútbol Profesional de Honduras,Honduras,Liga Nacional de Fútbol Profesional de Honduras,1058,20132014
data,Honduras Liga Nacional de Fútbol Profesional de Honduras,Honduras,Liga Nacional de Fútbol Profesional de Honduras,1634,20182019
data,Honduras Liga Nacional de Fútbol Profesional de Honduras,Honduras,Liga Nacional de Fútbol Profesional de Honduras,2470,20192020
data,Honduras Liga Nacional de Fútbol Profesional de Honduras,Honduras,Liga Nacional de Fútbol Profesional de Honduras,5058,20202021
data,Honduras Liga Nacional de Fútbol Profesional de Honduras,Honduras,Liga Nacional de Fútbol Profesional de Honduras,6184,20212022
data,Honduras Liga Nacional de Fútbol Profesional de Honduras,Honduras,Liga Nacional de Fútbol Profesional de Honduras,7816,20222023
data,Honduras Liga Nacional de Fútbol Profesional de Honduras,Honduras,Liga Nacional de Fútbol Profesional de Honduras,9885,20232024
data,Honduras Liga Nacional de Fútbol Profesional de Honduras,Honduras,Liga Nacional de Fútbol Profesional de Honduras,12650,20242025
data,Honduras Liga Nacional de Fútbol Profesional de Honduras,Honduras,Liga Nacional de Fútbol Profesional de Honduras,15100,20252026
data,Guatemala Liga Nacional de Fútbol de Guatemala,Guatemala,Liga Nacional de Fútbol de Guatemala,1059,20172018
data,Guatemala Liga Nacional de Fútbol de Guatemala,Guatemala,Liga Nacional de Fútbol de Guatemala,1060,20162017
data,Guatemala Liga Nacional de Fútbol de Guatemala,Guatemala,Liga Nacional de Fútbol de Guatemala,1061,20152016
data,Guatemala Liga Nacional de Fútbol de Guatemala,Guatemala,Liga Nacional de Fútbol de Guatemala,1062,20142015
data,Guatemala Liga Nacional de Fútbol de Guatemala,Guatemala,Liga Nacional de Fútbol de Guatemala,1063,20132014
data,Guatemala Liga Nacional de Fútbol de Guatemala,Guatemala,Liga Nacional de Fútbol de Guatemala,1637,20182019
data,Guatemala Liga Nacional de Fútbol de Guatemala,Guatemala,Liga Nacional de Fútbol de Guatemala,2314,20192020
data,Guatemala Liga Nacional de Fútbol de Guatemala,Guatemala,Liga Nacional de Fútbol de Guatemala,5056,20202021
data,Guatemala Liga Nacional de Fútbol de Guatemala,Guatemala,Liga Nacional de Fútbol de Guatemala,5968,20212022
data,Guatemala Liga Nacional de Fútbol de Guatemala,Guatemala,Liga Nacional de Fútbol de Guatemala,7525,20222023
data,Guatemala Liga Nacional de Fútbol de Guatemala,Guatemala,Liga Nacional de Fútbol de Guatemala,9549,20232024
data,Guatemala Liga Nacional de Fútbol de Guatemala,Guatemala,Liga Nacional de Fútbol de Guatemala,12118,20242025
data,Guatemala Liga Nacional de Fútbol de Guatemala,Guatemala,Liga Nacional de Fútbol de Guatemala,16184,20252026
data,Guatemala Primera División de Ascenso,Guatemala,Primera División de Ascenso,1064,20172018
data,Guatemala Primera División de Ascenso,Guatemala,Primera División de Ascenso,1065,20162017
data,Guatemala Primera División de Ascenso,Guatemala,Primera División de Ascenso,1066,20152016
data,Guatemala Primera División de Ascenso,Guatemala,Primera División de Ascenso,1067,20142015
data,Guatemala Primera División de Ascenso,Guatemala,Primera División de Ascenso,1068,20132014
data,Guatemala Primera División de Ascenso,Guatemala,Primera División de Ascenso,1635,20182019
data,Guatemala Primera División de Ascenso,Guatemala,Primera División de Ascenso,2421,20192020
data,Guatemala Primera División de Ascenso,Guatemala,Primera División de Ascenso,5186,20202021
data,Guatemala Primera División de Ascenso,Guatemala,Primera División de Ascenso,6281,20212022
data,Guatemala Primera División de Ascenso,Guatemala,Primera División de Ascenso,7538,20222023
data,Guatemala Primera División de Ascenso,Guatemala,Primera División de Ascenso,9571,20232024
data,Guatemala Primera División de Ascenso,Guatemala,Primera División de Ascenso,12860,20242025
data,Guatemala Primera División de Ascenso,Guatemala,Primera División de Ascenso,15437,20252026
data,Georgia Erovnuli Liga,Georgia,Erovnuli Liga,1077,20152016
data,Georgia Erovnuli Liga,Georgia,Erovnuli Liga,1078,2018
data,Georgia Erovnuli Liga,Georgia,Erovnuli Liga,1079,2017
data,Georgia Erovnuli Liga,Georgia,Erovnuli Liga,1080,2016
data,Georgia Erovnuli Liga,Georgia,Erovnuli Liga,1831,2019
data,Georgia Erovnuli Liga,Georgia,Erovnuli Liga,3680,2020
data,Georgia Erovnuli Liga,Georgia,Erovnuli Liga,5481,2021
data,Georgia Erovnuli Liga,Georgia,Erovnuli Liga,7029,2022
data,Georgia Erovnuli Liga,Georgia,Erovnuli Liga,8989,2023
data,Georgia Erovnuli Liga,Georgia,Erovnuli Liga,11233,2024
data,Georgia Erovnuli Liga,Georgia,Erovnuli Liga,16047,2025
data,Mexico Liga Premier de México,Mexico,Liga Premier de México,1081,20172018
data,Mexico Liga Premier de México,Mexico,Liga Premier de México,1082,20162017
data,Mexico Liga Premier de México,Mexico,Liga Premier de México,1083,20152016
data,Mexico Liga Premier de México,Mexico,Liga Premier de México,1084,20142015
data,Mexico Liga Premier de México,Mexico,Liga Premier de México,1085,20132014
data,Romania Liga I,Romania,Liga I,1086,20172018
data,Romania Liga I,Romania,Liga I,1087,20162017
data,Romania Liga I,Romania,Liga I,1088,20152016
data,Romania Liga I,Romania,Liga I,1089,20142015
data,Romania Liga I,Romania,Liga I,1090,20132014
data,Romania Liga I,Romania,Liga I,1596,20182019
data,Romania Liga I,Romania,Liga I,2312,20192020
data,Romania Liga I,Romania,Liga I,4764,20202021
data,Romania Liga I,Romania,Liga I,6037,20212022
data,Romania Liga I,Romania,Liga I,7663,20222023
data,Romania Liga I,Romania,Liga I,9622,20232024
data,Romania Liga I,Romania,Liga I,12495,20242025
data,Romania Liga I,Romania,Liga I,15015,20252026
data,Romania Liga II,Romania,Liga II,1091,20172018
data,Romania Liga II,Romania,Liga II,1092,20162017
data,Romania Liga II,Romania,Liga II,1097,20152016
data,Romania Liga II,Romania,Liga II,1098,20142015
data,Romania Liga II,Romania,Liga II,1632,20182019
data,Romania Liga II,Romania,Liga II,2463,20192020
data,Romania Liga II,Romania,Liga II,4815,20202021
data,Romania Liga II,Romania,Liga II,6156,20212022
data,Romania Liga II,Romania,Liga II,7910,20222023
data,Romania Liga II,Romania,Liga II,9923,20232024
data,Romania Liga II,Romania,Liga II,12782,20242025
data,Romania Liga II,Romania,Liga II,15431,20252026
data,Paraguay Division Profesional,Paraguay,Division Profesional,1099,2018
data,Paraguay Division Profesional,Paraguay,Division Profesional,1100,2017
data,Paraguay Division Profesional,Paraguay,Division Profesional,1101,2016
data,Paraguay Division Profesional,Paraguay,Division Profesional,1104,2015
data,Paraguay Division Profesional,Paraguay,Division Profesional,1105,2014
data,Paraguay Division Profesional,Paraguay,Division Profesional,1843,2019
data,Paraguay Division Profesional,Paraguay,Division Profesional,3643,2020
data,Paraguay Division Profesional,Paraguay,Division Profesional,5503,2021
data,Paraguay Division Profesional,Paraguay,Division Profesional,6960,2022
data,Paraguay Division Profesional,Paraguay,Division Profesional,8783,2023
data,Paraguay Division Profesional,Paraguay,Division Profesional,11141,2024
data,Paraguay Division Profesional,Paraguay,Division Profesional,16333,2025
data,Paraguay Division Intermedia,Paraguay,Division Intermedia,1106,2018
data,Paraguay Division Intermedia,Paraguay,Division Intermedia,1107,2017
data,Paraguay Division Intermedia,Paraguay,Division Intermedia,1108,2016
data,Paraguay Division Intermedia,Paraguay,Division Intermedia,1109,2015
data,Paraguay Division Intermedia,Paraguay,Division Intermedia,1110,2014
data,Paraguay Division Intermedia,Paraguay,Division Intermedia,1880,2019
data,Paraguay Division Intermedia,Paraguay,Division Intermedia,4883,2020
data,Paraguay Division Intermedia,Paraguay,Division Intermedia,5761,2021
data,Paraguay Division Intermedia,Paraguay,Division Intermedia,6963,2022
data,Paraguay Division Intermedia,Paraguay,Division Intermedia,8774,2023
data,Paraguay Division Intermedia,Paraguay,Division Intermedia,11314,2024
data,Paraguay Division Intermedia,Paraguay,Division Intermedia,14174,2025
data,Montenegro Montenegrin First League,Montenegro,Montenegrin First League,1130,20162017
data,Montenegro Montenegrin First League,Montenegro,Montenegrin First League,1131,20172018
data,Montenegro Montenegrin First League,Montenegro,Montenegrin First League,1132,20152016
data,Montenegro Montenegrin First League,Montenegro,Montenegrin First League,1133,20142015
data,Montenegro Montenegrin First League,Montenegro,Montenegrin First League,1134,20132014
data,Montenegro Montenegrin First League,Montenegro,Montenegrin First League,1633,20182019
data,Montenegro Montenegrin First League,Montenegro,Montenegrin First League,2271,20192020
data,Montenegro Montenegrin First League,Montenegro,Montenegrin First League,4773,20202021
data,Montenegro Montenegrin First League,Montenegro,Montenegrin First League,5971,20212022
data,Montenegro Montenegrin First League,Montenegro,Montenegrin First League,7473,20222023
data,Montenegro Montenegrin First League,Montenegro,Montenegrin First League,9602,20232024
data,Montenegro Montenegrin First League,Montenegro,Montenegrin First League,12821,20242025
data,Montenegro Montenegrin First League,Montenegro,Montenegrin First League,15111,20252026
data,Germany Regionalliga,Germany,Regionalliga,1135,20172018
data,Germany Regionalliga,Germany,Regionalliga,1136,20162017
data,Germany Regionalliga,Germany,Regionalliga,1137,20152016
data,Germany Regionalliga,Germany,Regionalliga,1138,20142015
data,Germany Regionalliga,Germany,Regionalliga,1151,20132014
data,Germany Regionalliga,Germany,Regionalliga,1565,20182019
data,Germany Regionalliga,Germany,Regionalliga,2280,20192020
data,Germany Regionalliga,Germany,Regionalliga,4233,20122013
data,Germany Regionalliga,Germany,Regionalliga,4692,20202021
data,Kazakhstan Kazakhstan Premier League,Kazakhstan,Kazakhstan Premier League,1140,2017
data,Kazakhstan Kazakhstan Premier League,Kazakhstan,Kazakhstan Premier League,1141,2016
data,Kazakhstan Kazakhstan Premier League,Kazakhstan,Kazakhstan Premier League,1142,2015
data,Kazakhstan Kazakhstan Premier League,Kazakhstan,Kazakhstan Premier League,1143,2014
data,Kazakhstan Kazakhstan Premier League,Kazakhstan,Kazakhstan Premier League,1896,2019
data,Kazakhstan Kazakhstan Premier League,Kazakhstan,Kazakhstan Premier League,1988,2018
data,Kazakhstan Kazakhstan Premier League,Kazakhstan,Kazakhstan Premier League,3688,2020
data,Kazakhstan Kazakhstan Premier League,Kazakhstan,Kazakhstan Premier League,5617,2021
data,Kazakhstan Kazakhstan Premier League,Kazakhstan,Kazakhstan Premier League,7128,2022
data,Kazakhstan Kazakhstan Premier League,Kazakhstan,Kazakhstan Premier League,8953,2023
data,Kazakhstan Kazakhstan Premier League,Kazakhstan,Kazakhstan Premier League,11279,2024
data,Kazakhstan Kazakhstan Premier League,Kazakhstan,Kazakhstan Premier League,14276,2025
data,Kazakhstan First Division,Kazakhstan,First Division,1144,2018
data,Kazakhstan First Division,Kazakhstan,First Division,1145,2017
data,Kazakhstan First Division,Kazakhstan,First Division,1146,2016
data,Kazakhstan First Division,Kazakhstan,First Division,1147,2015
data,Kazakhstan First Division,Kazakhstan,First Division,1148,2014
data,Kazakhstan First Division,Kazakhstan,First Division,1955,2019
data,Kazakhstan First Division,Kazakhstan,First Division,5141,2020
data,Kazakhstan First Division,Kazakhstan,First Division,5750,2021
data,Kazakhstan First Division,Kazakhstan,First Division,7280,2022
data,Kazakhstan First Division,Kazakhstan,First Division,9122,2023
data,Kazakhstan First Division,Kazakhstan,First Division,11420,2024
data,Kazakhstan First Division,Kazakhstan,First Division,16140,2025
data,Faroe Islands Faroe Islands Premier League,Faroe Islands,Faroe Islands Premier League,1152,2018
data,Faroe Islands Faroe Islands Premier League,Faroe Islands,Faroe Islands Premier League,1153,2017
data,Faroe Islands Faroe Islands Premier League,Faroe Islands,Faroe Islands Premier League,1154,2016
data,Faroe Islands Faroe Islands Premier League,Faroe Islands,Faroe Islands Premier League,1155,2015
data,Faroe Islands Faroe Islands Premier League,Faroe Islands,Faroe Islands Premier League,1165,2014
data,Faroe Islands Faroe Islands Premier League,Faroe Islands,Faroe Islands Premier League,1906,2019
data,Faroe Islands Faroe Islands Premier League,Faroe Islands,Faroe Islands Premier League,4385,2020
data,Faroe Islands Faroe Islands Premier League,Faroe Islands,Faroe Islands Premier League,5519,2021
data,Faroe Islands Faroe Islands Premier League,Faroe Islands,Faroe Islands Premier League,7117,2022
data,Faroe Islands Faroe Islands Premier League,Faroe Islands,Faroe Islands Premier League,8855,2023
data,Faroe Islands Faroe Islands Premier League,Faroe Islands,Faroe Islands Premier League,11160,2024
data,Faroe Islands Faroe Islands Premier League,Faroe Islands,Faroe Islands Premier League,14084,2025
data,Faroe Islands 1. Deild,Faroe Islands,1. Deild,1157,2018
data,Faroe Islands 1. Deild,Faroe Islands,1. Deild,1158,2017
data,Faroe Islands 1. Deild,Faroe Islands,1. Deild,1159,2016
data,Faroe Islands 1. Deild,Faroe Islands,1. Deild,1160,2015
data,Faroe Islands 1. Deild,Faroe Islands,1. Deild,1161,2014
data,Faroe Islands 1. Deild,Faroe Islands,1. Deild,1907,2019
data,Faroe Islands 1. Deild,Faroe Islands,1. Deild,4387,2020
data,Faroe Islands 1. Deild,Faroe Islands,1. Deild,5593,2021
data,Faroe Islands 1. Deild,Faroe Islands,1. Deild,7102,2022
data,Faroe Islands 1. Deild,Faroe Islands,1. Deild,8857,2023
data,Faroe Islands 1. Deild,Faroe Islands,1. Deild,11236,2024
data,Faroe Islands 1. Deild,Faroe Islands,1. Deild,14079,2025
data,Faroe Islands 2. Deild,Faroe Islands,2. Deild,1162,2018
data,Faroe Islands 2. Deild,Faroe Islands,2. Deild,1163,2017
data,Faroe Islands 2. Deild,Faroe Islands,2. Deild,1164,2016
data,Faroe Islands 2. Deild,Faroe Islands,2. Deild,1166,2015
data,Faroe Islands 2. Deild,Faroe Islands,2. Deild,1167,2014
data,Faroe Islands 2. Deild,Faroe Islands,2. Deild,1908,2019
data,Faroe Islands 2. Deild,Faroe Islands,2. Deild,4767,2020
data,Faroe Islands 2. Deild,Faroe Islands,2. Deild,5596,2021
data,Faroe Islands 2. Deild,Faroe Islands,2. Deild,7104,2022
data,Faroe Islands 2. Deild,Faroe Islands,2. Deild,8991,2023
data,Faroe Islands 2. Deild,Faroe Islands,2. Deild,11117,2024
data,Faroe Islands 2. Deild,Faroe Islands,2. Deild,14082,2025
data,FYR Macedonia First Football League,FYR Macedonia,First Football League,1168,20172018
data,FYR Macedonia First Football League,FYR Macedonia,First Football League,1173,20162017
data,FYR Macedonia First Football League,FYR Macedonia,First Football League,1174,20152016
data,FYR Macedonia First Football League,FYR Macedonia,First Football League,1175,20142015
data,FYR Macedonia First Football League,FYR Macedonia,First Football League,1176,20132014
data,FYR Macedonia First Football League,FYR Macedonia,First Football League,1714,20182019
data,FYR Macedonia First Football League,FYR Macedonia,First Football League,2585,20192020
data,FYR Macedonia First Football League,FYR Macedonia,First Football League,4594,20202021
data,FYR Macedonia First Football League,FYR Macedonia,First Football League,6219,20212022
data,FYR Macedonia First Football League,FYR Macedonia,First Football League,8498,20222023
data,FYR Macedonia First Football League,FYR Macedonia,First Football League,10253,20232024
data,FYR Macedonia First Football League,FYR Macedonia,First Football League,13053,20242025
data,FYR Macedonia First Football League,FYR Macedonia,First Football League,15548,20252026
data,Japan J-League Cup,Japan,J-League Cup,1169,2018
data,Japan J-League Cup,Japan,J-League Cup,1170,2017
data,Japan J-League Cup,Japan,J-League Cup,1877,2019
data,Japan J-League Cup,Japan,J-League Cup,3752,2020
data,Japan J-League Cup,Japan,J-League Cup,5509,2021
data,Japan J-League Cup,Japan,J-League Cup,7047,2022
data,Japan J-League Cup,Japan,J-League Cup,8929,2023
data,Japan J-League Cup,Japan,J-League Cup,11130,2024
data,Japan J-League Cup,Japan,J-League Cup,13995,2025
data,Sweden U19 League,Sweden,U19 League,1177,2018
data,Sweden U19 League,Sweden,U19 League,1184,2017
data,Sweden U19 League,Sweden,U19 League,1185,2016
data,Sweden U19 League,Sweden,U19 League,1186,2015
data,Sweden U19 League,Sweden,U19 League,1187,2014
data,Sweden U19 League,Sweden,U19 League,1924,2019
data,Sweden U19 League,Sweden,U19 League,3835,2020
data,Sweden U19 League,Sweden,U19 League,5507,2021
data,Sweden U19 League,Sweden,U19 League,7158,2022
data,Sweden U19 League,Sweden,U19 League,8979,2023
data,Sweden U19 League,Sweden,U19 League,11268,2024
data,Sweden U19 League,Sweden,U19 League,14158,2025
data,FYR Macedonia Second Football League,FYR Macedonia,Second Football League,1179,20172018
data,FYR Macedonia Second Football League,FYR Macedonia,Second Football League,1180,20162017
data,FYR Macedonia Second Football League,FYR Macedonia,Second Football League,1181,20152016
data,FYR Macedonia Second Football League,FYR Macedonia,Second Football League,1182,20142015
data,FYR Macedonia Second Football League,FYR Macedonia,Second Football League,1183,20132014
data,FYR Macedonia Second Football League,FYR Macedonia,Second Football League,1729,20182019
data,FYR Macedonia Second Football League,FYR Macedonia,Second Football League,2664,20192020
data,FYR Macedonia Second Football League,FYR Macedonia,Second Football League,4770,20202021
data,FYR Macedonia Second Football League,FYR Macedonia,Second Football League,6462,20212022
data,FYR Macedonia Second Football League,FYR Macedonia,Second Football League,8574,20222023
data,FYR Macedonia Second Football League,FYR Macedonia,Second Football League,10380,20232024
data,FYR Macedonia Second Football League,FYR Macedonia,Second Football League,13184,20242025
data,FYR Macedonia Second Football League,FYR Macedonia,Second Football League,15865,20252026
data,South America Copa Libertadores,South America,Copa Libertadores,1188,2018
data,South America Copa Libertadores,South America,Copa Libertadores,1189,2017
data,South America Copa Libertadores,South America,Copa Libertadores,1190,2016
data,South America Copa Libertadores,South America,Copa Libertadores,1904,2019
data,South America Copa Libertadores,South America,Copa Libertadores,3852,2020
data,South America Copa Libertadores,South America,Copa Libertadores,5640,2021
data,South America Copa Libertadores,South America,Copa Libertadores,6957,2022
data,South America Copa Libertadores,South America,Copa Libertadores,8781,2023
data,South America Copa Libertadores,South America,Copa Libertadores,10971,2024
data,South America Copa Libertadores,South America,Copa Libertadores,16261,2025
data,Kosovo Superleague of Kosovo,Kosovo,Superleague of Kosovo,1193,20172018
data,Kosovo Superleague of Kosovo,Kosovo,Superleague of Kosovo,1194,20162017
data,Kosovo Superleague of Kosovo,Kosovo,Superleague of Kosovo,1195,20152016
data,Kosovo Superleague of Kosovo,Kosovo,Superleague of Kosovo,1196,20142015
data,Kosovo Superleague of Kosovo,Kosovo,Superleague of Kosovo,1197,20132014
data,Kosovo Superleague of Kosovo,Kosovo,Superleague of Kosovo,3856,20192020
data,Kosovo Superleague of Kosovo,Kosovo,Superleague of Kosovo,3859,20182019
data,Kosovo Superleague of Kosovo,Kosovo,Superleague of Kosovo,4884,20202021
data,Kosovo Superleague of Kosovo,Kosovo,Superleague of Kosovo,6095,20212022
data,Kosovo Superleague of Kosovo,Kosovo,Superleague of Kosovo,7924,20222023
data,Kosovo Superleague of Kosovo,Kosovo,Superleague of Kosovo,10126,20232024
data,Kosovo Superleague of Kosovo,Kosovo,Superleague of Kosovo,12842,20242025
data,Kosovo Superleague of Kosovo,Kosovo,Superleague of Kosovo,15429,20252026
data,Latvia 1. Liga,Latvia,1. Liga,1212,2018
data,Latvia 1. Liga,Latvia,1. Liga,1213,2017
data,Latvia 1. Liga,Latvia,1. Liga,1214,2016
data,Latvia 1. Liga,Latvia,1. Liga,1215,2015
data,Latvia 1. Liga,Latvia,1. Liga,1216,2014
data,Latvia 1. Liga,Latvia,1. Liga,1943,2019
data,Latvia 1. Liga,Latvia,1. Liga,4582,2020
data,Latvia 1. Liga,Latvia,1. Liga,6029,2021
data,Latvia 1. Liga,Latvia,1. Liga,7286,2022
data,Latvia 1. Liga,Latvia,1. Liga,9136,2023
data,Latvia 1. Liga,Latvia,1. Liga,11381,2024
data,Latvia 1. Liga,Latvia,1. Liga,14429,2025
data,France Coupe de France,France,Coupe de France,1217,20172018
data,France Coupe de France,France,Coupe de France,1218,20162017
data,France Coupe de France,France,Coupe de France,1219,20152016
data,France Coupe de France,France,Coupe de France,1220,20142015
data,France Coupe de France,France,Coupe de France,1804,20182019
data,France Coupe de France,France,Coupe de France,3080,20192020
data,France Coupe de France,France,Coupe de France,4125,20122013
data,France Coupe de France,France,Coupe de France,4132,20112012
data,France Coupe de France,France,Coupe de France,4138,20102011
data,France Coupe de France,France,Coupe de France,4139,20092010
data,France Coupe de France,France,Coupe de France,5345,20202021
data,France Coupe de France,France,Coupe de France,8550,20222023
data,France Coupe de France,France,Coupe de France,8881,20212022
data,France Coupe de France,France,Coupe de France,10827,20232024
data,France Coupe de France,France,Coupe de France,13729,20242025
data,Brazil Copa do Brasil,Brazil,Copa do Brasil,1221,2018
data,Brazil Copa do Brasil,Brazil,Copa do Brasil,1222,2017
data,Brazil Copa do Brasil,Brazil,Copa do Brasil,1223,2016
data,Brazil Copa do Brasil,Brazil,Copa do Brasil,1224,2015
data,Brazil Copa do Brasil,Brazil,Copa do Brasil,1225,2014
data,Brazil Copa do Brasil,Brazil,Copa do Brasil,1827,2019
data,Brazil Copa do Brasil,Brazil,Copa do Brasil,3667,2020
data,Brazil Copa do Brasil,Brazil,Copa do Brasil,5840,2021
data,Brazil Copa do Brasil,Brazil,Copa do Brasil,7018,2022
data,Brazil Copa do Brasil,Brazil,Copa do Brasil,9009,2023
data,Brazil Copa do Brasil,Brazil,Copa do Brasil,11184,2024
data,Brazil Copa do Brasil,Brazil,Copa do Brasil,14210,2025
data,Sweden Damallsvenskan,Sweden,Damallsvenskan,1226,2018
data,Sweden Damallsvenskan,Sweden,Damallsvenskan,1227,2017
data,Sweden Damallsvenskan,Sweden,Damallsvenskan,1228,2016
data,Sweden Damallsvenskan,Sweden,Damallsvenskan,1229,2015
data,Sweden Damallsvenskan,Sweden,Damallsvenskan,1230,2014
data,Sweden Damallsvenskan,Sweden,Damallsvenskan,1850,2019
data,Sweden Damallsvenskan,Sweden,Damallsvenskan,3723,2020
data,Sweden Damallsvenskan,Sweden,Damallsvenskan,5501,2021
data,Sweden Damallsvenskan,Sweden,Damallsvenskan,7066,2022
data,Sweden Damallsvenskan,Sweden,Damallsvenskan,8838,2023
data,Sweden Damallsvenskan,Sweden,Damallsvenskan,10962,2024
data,Sweden Damallsvenskan,Sweden,Damallsvenskan,13957,2025
data,Denmark Denmark Series,Denmark,Denmark Series,1231,20172018
data,Denmark Denmark Series,Denmark,Denmark Series,1232,20162017
data,Denmark Denmark Series,Denmark,Denmark Series,1233,20152016
data,Denmark Denmark Series,Denmark,Denmark Series,1234,20142015
data,Denmark Denmark Series,Denmark,Denmark Series,1235,20132014
data,Denmark Denmark Series,Denmark,Denmark Series,1542,20182019
data,Denmark Denmark Series,Denmark,Denmark Series,4391,20192020
data,Algeria U21 League,Algeria,U21 League,1236,20172018
data,Algeria U21 League,Algeria,U21 League,1237,20162017
data,Algeria U21 League,Algeria,U21 League,1238,20152016
data,Algeria U21 League,Algeria,U21 League,1239,20142015
data,Algeria U21 League,Algeria,U21 League,1240,20132014
data,Algeria U21 League,Algeria,U21 League,1743,20182019
data,Algeria U21 League,Algeria,U21 League,2637,20192020
data,Algeria U21 League,Algeria,U21 League,5318,20202021
data,Algeria U21 League,Algeria,U21 League,6736,20212022
data,Algeria U21 League,Algeria,U21 League,9117,20222023
data,Algeria U21 League,Algeria,U21 League,10624,20232024
data,Algeria U21 League,Algeria,U21 League,16138,20242025
data,Australia State Leagues,Australia,State Leagues,1242,2018
data,Australia State Leagues,Australia,State Leagues,1247,2017
data,Australia State Leagues,Australia,State Leagues,1248,2016
data,Australia NPL Youth League,Australia,NPL Youth League,1245,2018
data,Australia NPL Youth League,Australia,NPL Youth League,1246,2017
data,Australia NPL Youth League,Australia,NPL Youth League,1249,2016
data,Australia NPL Youth League,Australia,NPL Youth League,1250,2015
data,Australia NPL Youth League,Australia,NPL Youth League,1251,2014
data,Norway 2. Division,Norway,2. Division,1255,2018
data,Norway 2. Division,Norway,2. Division,1256,2017
data,Norway 2. Division,Norway,2. Division,1257,2016
data,Norway 2. Division,Norway,2. Division,1879,2019
data,Norway 2. Division,Norway,2. Division,4013,2013
data,Norway 2. Division,Norway,2. Division,4014,2014
data,Norway 2. Division,Norway,2. Division,4487,2020
data,Norway 2. Division,Norway,2. Division,5618,2021
data,Norway 2. Division,Norway,2. Division,6953,2022
data,Norway 2. Division,Norway,2. Division,8965,2023
data,Norway 2. Division,Norway,2. Division,11205,2024
data,Jordan Jordanian Pro League,Jordan,Jordanian Pro League,1275,20172018
data,Jordan Jordanian Pro League,Jordan,Jordanian Pro League,1276,20162017
data,Jordan Jordanian Pro League,Jordan,Jordanian Pro League,1277,20152016
data,Jordan Jordanian Pro League,Jordan,Jordanian Pro League,1278,20142015
data,Jordan Jordanian Pro League,Jordan,Jordanian Pro League,1717,20182019
data,Jordan Jordanian Pro League,Jordan,Jordanian Pro League,3823,2020
data,Jordan Jordanian Pro League,Jordan,Jordanian Pro League,5701,2021
data,Jordan Jordanian Pro League,Jordan,Jordanian Pro League,7124,2022
data,Jordan Jordanian Pro League,Jordan,Jordanian Pro League,9237,20232024
data,Jordan Jordanian Pro League,Jordan,Jordanian Pro League,12919,20242025
data,Jordan Jordanian Pro League,Jordan,Jordanian Pro League,15248,20252026
data,Jordan Division 1,Jordan,Division 1,1279,2018
data,Jordan Division 1,Jordan,Division 1,1280,2017
data,Jordan Division 1,Jordan,Division 1,1281,20152016
data,Jordan Division 1,Jordan,Division 1,1282,20142015
data,Jordan Division 1,Jordan,Division 1,1895,20182019
data,Jordan Division 1,Jordan,Division 1,5250,2020
data,Jordan Division 1,Jordan,Division 1,6409,2021
data,Jordan Division 1,Jordan,Division 1,7527,2022
data,Jordan Division 1,Jordan,Division 1,10315,2023
data,Jordan Division 1,Jordan,Division 1,13446,20242025
data,Jordan Division 1,Jordan,Division 1,15855,20252026
data,Indonesia Liga 2,Indonesia,Liga 2,1283,2018
data,Indonesia Liga 2,Indonesia,Liga 2,1284,2017
data,Indonesia Liga 2,Indonesia,Liga 2,1285,2015
data,Indonesia Liga 2,Indonesia,Liga 2,1286,2014
data,Indonesia Liga 2,Indonesia,Liga 2,2085,2019
data,Indonesia Liga 2,Indonesia,Liga 2,4416,2020
data,Indonesia Liga 2,Indonesia,Liga 2,6715,2021
data,Indonesia Liga 2,Indonesia,Liga 2,8309,20222023
data,Indonesia Liga 2,Indonesia,Liga 2,11053,20232024
data,Indonesia Liga 2,Indonesia,Liga 2,13558,20242025
data,Indonesia Liga 2,Indonesia,Liga 2,16094,20252026
data,International WC Qualification Europe,International,WC Qualification Europe,1287,20162018
data,International WC Qualification Europe,International,WC Qualification Europe,5678,2022
data,International WC Qualification Europe,International,WC Qualification Europe,13964,2026
data,Uganda Uganda Premier League,Uganda,Uganda Premier League,1288,20172018
data,Uganda Uganda Premier League,Uganda,Uganda Premier League,1289,20162017
data,Uganda Uganda Premier League,Uganda,Uganda Premier League,1858,20182019
data,Uganda Uganda Premier League,Uganda,Uganda Premier League,4383,20192020
data,Uganda Uganda Premier League,Uganda,Uganda Premier League,5325,20202021
data,Uganda Uganda Premier League,Uganda,Uganda Premier League,6729,20212022
data,Uganda Uganda Premier League,Uganda,Uganda Premier League,8349,20222023
data,Uganda Uganda Premier League,Uganda,Uganda Premier League,10466,20232024
data,Uganda Uganda Premier League,Uganda,Uganda Premier League,13320,20242025
data,Uganda Uganda Premier League,Uganda,Uganda Premier League,16017,20252026
data,USA USL Championship,USA,USL Championship,1290,2018
data,USA USL Championship,USA,USL Championship,1291,2017
data,USA USL Championship,USA,USL Championship,1292,2016
data,USA USL Championship,USA,USL Championship,1857,2019
data,USA USL Championship,USA,USL Championship,3710,2020
data,USA USL Championship,USA,USL Championship,4279,2015
data,USA USL Championship,USA,USL Championship,4283,2014
data,USA USL Championship,USA,USL Championship,4288,2013
data,USA USL Championship,USA,USL Championship,6541,2021
data,USA USL Championship,USA,USL Championship,6970,2022
data,USA USL Championship,USA,USL Championship,8845,2023
data,USA USL Championship,USA,USL Championship,10970,2024
data,USA USL Championship,USA,USL Championship,13967,2025
data,Australia Womens National Premier Leagues,Australia,Womens National Premier Leagues,1293,2018
data,Australia Womens National Premier Leagues,Australia,Womens National Premier Leagues,1294,2017
data,Fiji National Football League,Fiji,National Football League,1295,2018
data,Fiji National Football League,Fiji,National Football League,1296,2017
data,Fiji National Football League,Fiji,National Football League,1297,2016
data,Fiji National Football League,Fiji,National Football League,1298,2015
data,Fiji National Football League,Fiji,National Football League,1909,2019
data,Fiji National Football League,Fiji,National Football League,3677,2020
data,Fiji National Football League,Fiji,National Football League,5600,2021
data,Fiji National Football League,Fiji,National Football League,7119,2022
data,Fiji National Football League,Fiji,National Football League,8947,2023
data,Fiji National Football League,Fiji,National Football League,11182,2024
data,Fiji National Football League,Fiji,National Football League,14288,2025
data,Aruba Division di Honor,Aruba,Division di Honor,1299,20172018
data,Aruba Division di Honor,Aruba,Division di Honor,1300,20162017
data,Aruba Division di Honor,Aruba,Division di Honor,1301,20152016
data,Aruba Division di Honor,Aruba,Division di Honor,1302,20142015
data,Aruba Division di Honor,Aruba,Division di Honor,1918,20182019
data,Aruba Division di Honor,Aruba,Division di Honor,2891,20192020
data,Aruba Division di Honor,Aruba,Division di Honor,5819,20202021
data,Aruba Division di Honor,Aruba,Division di Honor,6816,20212022
data,Aruba Division di Honor,Aruba,Division di Honor,8209,20222023
data,Aruba Division di Honor,Aruba,Division di Honor,10702,20232024
data,Aruba Division di Honor,Aruba,Division di Honor,13656,20242025
data,Barbados Premier Division,Barbados,Premier Division,1303,2018
data,Barbados Premier Division,Barbados,Premier Division,1304,2017
data,Barbados Premier Division,Barbados,Premier Division,1305,2016
data,Barbados Premier Division,Barbados,Premier Division,1306,2015
data,Barbados Premier Division,Barbados,Premier Division,1307,2014
data,Barbados Premier Division,Barbados,Premier Division,1820,20182019
data,Barbados Premier Division,Barbados,Premier Division,3800,2020
data,Barbados Premier Division,Barbados,Premier Division,8890,2023
data,Barbados Premier Division,Barbados,Premier Division,11178,2024
data,Barbados Premier Division,Barbados,Premier Division,14098,2025
data,Japan Japan Football League,Japan,Japan Football League,1308,2018
data,Japan Japan Football League,Japan,Japan Football League,1309,2017
data,Japan Japan Football League,Japan,Japan Football League,1310,2016
data,Japan Japan Football League,Japan,Japan Football League,1311,2015
data,Japan Japan Football League,Japan,Japan Football League,1312,2014
data,Japan Japan Football League,Japan,Japan Football League,1920,2019
data,Japan Japan Football League,Japan,Japan Football League,3691,2020
data,Japan Japan Football League,Japan,Japan Football League,5510,2021
data,Japan Japan Football League,Japan,Japan Football League,7045,2022
data,Japan Japan Football League,Japan,Japan Football League,8894,2023
data,Japan Japan Football League,Japan,Japan Football League,11073,2024
data,Japan Japan Football League,Japan,Japan Football League,14078,2025
data,Vietnam Second Division,Vietnam,Second Division,1314,2017
data,Vietnam Second Division,Vietnam,Second Division,1315,2016
data,Vietnam Second Division,Vietnam,Second Division,1316,2015
data,Vietnam Second Division,Vietnam,Second Division,1317,2014
data,Vietnam Second Division,Vietnam,Second Division,1522,2018
data,Vietnam Second Division,Vietnam,Second Division,2070,2019
data,Vietnam Second Division,Vietnam,Second Division,4486,2020
data,Vietnam Second Division,Vietnam,Second Division,5813,2021
data,Vietnam Second Division,Vietnam,Second Division,7311,2022
data,Vietnam Second Division,Vietnam,Second Division,9245,2023
data,Vietnam Second Division,Vietnam,Second Division,11354,2024
data,Vietnam Second Division,Vietnam,Second Division,14545,2025
data,India I League 2nd Division,India,I League 2nd Division,1318,2018
data,India I League 2nd Division,India,I League 2nd Division,1319,2017
data,India I League 2nd Division,India,I League 2nd Division,1320,20152016
data,India I League 2nd Division,India,I League 2nd Division,1321,2015
data,India I League 2nd Division,India,I League 2nd Division,1322,2014
data,India I League 2nd Division,India,I League 2nd Division,1834,2019
data,India I League 2nd Division,India,I League 2nd Division,3685,2020
data,India I League 2nd Division,India,I League 2nd Division,6764,2021
data,India I League 2nd Division,India,I League 2nd Division,8948,2023
data,India I League 2nd Division,India,I League 2nd Division,11249,20232024
data,India I League 2nd Division,India,I League 2nd Division,13797,20242025
data,South Korea WK League,South Korea,WK League,1323,2018
data,South Korea WK League,South Korea,WK League,1324,2017
data,South Korea WK League,South Korea,WK League,1325,2016
data,South Korea WK League,South Korea,WK League,1326,2015
data,South Korea WK League,South Korea,WK League,1327,2014
data,South Korea WK League,South Korea,WK League,1926,2019
data,South Korea WK League,South Korea,WK League,4466,2020
data,South Korea WK League,South Korea,WK League,5820,2021
data,South Korea WK League,South Korea,WK League,7307,2022
data,South Korea WK League,South Korea,WK League,9081,2023
data,South Korea WK League,South Korea,WK League,11315,2024
data,South Korea WK League,South Korea,WK League,14410,2025
data,Scotland SPFL Development League,Scotland,SPFL Development League,1329,20172018
data,Scotland SPFL Development League,Scotland,SPFL Development League,1330,20162017
data,Scotland SPFL Development League,Scotland,SPFL Development League,1331,20152016
data,Scotland SPFL Development League,Scotland,SPFL Development League,1332,20142015
data,Scotland SPFL Development League 2,Scotland,SPFL Development League 2,1333,20172018
data,Scotland SPFL Development League 2,Scotland,SPFL Development League 2,1334,20162017
data,Scotland SPFL Development League 2,Scotland,SPFL Development League 2,1335,20152016
data,Scotland SPFL Development League 2,Scotland,SPFL Development League 2,1336,20142015
data,Poland 3. Liga,Poland,3. Liga,1337,20172018
data,Poland 3. Liga,Poland,3. Liga,1338,20162017
data,Poland 3. Liga,Poland,3. Liga,1592,20182019
data,Poland 3. Liga,Poland,3. Liga,2419,20192020
data,Poland 3. Liga,Poland,3. Liga,4537,20202021
data,Poland 3. Liga,Poland,3. Liga,6294,20212022
data,Poland 3. Liga,Poland,3. Liga,7993,20222023
data,Brazil Paulista A4,Brazil,Paulista A4,1339,2018
data,Brazil Paulista A4,Brazil,Paulista A4,1340,2017
data,Brazil Paulista A4,Brazil,Paulista A4,1341,2016
data,Brazil Paulista A4,Brazil,Paulista A4,1944,2019
data,Brazil Paulista A4,Brazil,Paulista A4,3814,2020
data,Brazil Paulista A4,Brazil,Paulista A4,6378,2021
data,Brazil Paulista A4,Brazil,Paulista A4,7239,2022
data,Brazil Paulista A4,Brazil,Paulista A4,9109,2023
data,Brazil Paulista A4,Brazil,Paulista A4,11215,2024
data,Brazil Paulista A4,Brazil,Paulista A4,13899,2025
data,Sudan Sudani Premier League,Sudan,Sudani Premier League,1342,2018
data,Sudan Sudani Premier League,Sudan,Sudani Premier League,1343,2017
data,Sudan Sudani Premier League,Sudan,Sudani Premier League,1344,2016
data,Sudan Sudani Premier League,Sudan,Sudani Premier League,1345,2015
data,Sudan Sudani Premier League,Sudan,Sudani Premier League,1346,2014
data,Sudan Sudani Premier League,Sudan,Sudani Premier League,1847,20182019
data,Sudan Sudani Premier League,Sudan,Sudani Premier League,2960,20192020
data,Sudan Sudani Premier League,Sudan,Sudani Premier League,5375,20202021
data,Sudan Sudani Premier League,Sudan,Sudani Premier League,7063,2022
data,Sudan Sudani Premier League,Sudan,Sudani Premier League,8484,20222023
data,Sudan Sudani Premier League,Sudan,Sudani Premier League,14077,20232024
data,Sudan Sudani Premier League,Sudan,Sudani Premier League,16087,20252026
data,Thailand Thai League 2,Thailand,Thai League 2,1347,2018
data,Thailand Thai League 2,Thailand,Thai League 2,1348,2017
data,Thailand Thai League 2,Thailand,Thai League 2,1349,2016
data,Thailand Thai League 2,Thailand,Thai League 2,1350,2015
data,Thailand Thai League 2,Thailand,Thai League 2,1351,2014
data,Thailand Thai League 2,Thailand,Thai League 2,1884,2019
data,Thailand Thai League 2,Thailand,Thai League 2,3794,2020
data,Thailand Thai League 2,Thailand,Thai League 2,6540,20212022
data,Thailand Thai League 2,Thailand,Thai League 2,7648,20222023
data,Thailand Thai League 2,Thailand,Thai League 2,9927,20232024
data,Thailand Thai League 2,Thailand,Thai League 2,13824,20242025
data,Thailand Thai League 2,Thailand,Thai League 2,16139,20252026
data,Botswana Botswana Premier League,Botswana,Botswana Premier League,1352,20172018
data,Botswana Botswana Premier League,Botswana,Botswana Premier League,1353,20162017
data,Botswana Botswana Premier League,Botswana,Botswana Premier League,1354,20152016
data,Botswana Botswana Premier League,Botswana,Botswana Premier League,1355,20142015
data,Botswana Botswana Premier League,Botswana,Botswana Premier League,1725,20182019
data,Botswana Botswana Premier League,Botswana,Botswana Premier League,2826,20192020
data,Botswana Botswana Premier League,Botswana,Botswana Premier League,6768,20212022
data,Botswana Botswana Premier League,Botswana,Botswana Premier League,8455,20222023
data,Botswana Botswana Premier League,Botswana,Botswana Premier League,10734,20232024
data,Botswana Botswana Premier League,Botswana,Botswana Premier League,13372,20242025
data,Botswana Botswana Premier League,Botswana,Botswana Premier League,15167,20252026
data,Hong Kong HKFA First Division League,Hong Kong,HKFA First Division League,1357,20172018
data,Hong Kong HKFA First Division League,Hong Kong,HKFA First Division League,1358,20162017
data,Hong Kong HKFA First Division League,Hong Kong,HKFA First Division League,1359,20152016
data,Hong Kong HKFA First Division League,Hong Kong,HKFA First Division League,1360,20142015
data,Hong Kong HKFA First Division League,Hong Kong,HKFA First Division League,1361,20132014
data,Hong Kong HKFA First Division League,Hong Kong,HKFA First Division League,1782,20182019
data,Hong Kong HKFA First Division League,Hong Kong,HKFA First Division League,3848,20192020
data,Hong Kong HKFA First Division League,Hong Kong,HKFA First Division League,5281,20202021
data,Hong Kong HKFA First Division League,Hong Kong,HKFA First Division League,6653,20212022
data,Hong Kong HKFA First Division League,Hong Kong,HKFA First Division League,8446,20222023
data,Hong Kong HKFA First Division League,Hong Kong,HKFA First Division League,10696,20232024
data,Hong Kong HKFA First Division League,Hong Kong,HKFA First Division League,13416,20242025
data,Hong Kong HKFA First Division League,Hong Kong,HKFA First Division League,15985,20252026
data,Italy Campionato Primavera 1,Italy,Campionato Primavera 1,1362,20162017
data,Italy Campionato Primavera 1,Italy,Campionato Primavera 1,1363,20152016
data,Italy Campionato Primavera 1,Italy,Campionato Primavera 1,1364,20172018
data,Italy Campionato Primavera 1,Italy,Campionato Primavera 1,1365,20142015
data,Italy Campionato Primavera 1,Italy,Campionato Primavera 1,1780,20182019
data,Italy Campionato Primavera 1,Italy,Campionato Primavera 1,3903,20122013
data,Italy Campionato Primavera 1,Italy,Campionato Primavera 1,3904,20132014
data,Italy Campionato Primavera 1,Italy,Campionato Primavera 1,4961,20202021
data,Italy Campionato Primavera 1,Italy,Campionato Primavera 1,5773,20192020
data,Italy Campionato Primavera 1,Italy,Campionato Primavera 1,6405,20212022
data,Italy Campionato Primavera 1,Italy,Campionato Primavera 1,8105,20222023
data,Italy Campionato Primavera 1,Italy,Campionato Primavera 1,10089,20232024
data,Italy Campionato Primavera 1,Italy,Campionato Primavera 1,12892,20242025
data,Italy Campionato Primavera 1,Italy,Campionato Primavera 1,15606,20252026
data,Netherlands Tweede Divisie,Netherlands,Tweede Divisie,1366,20172018
data,Netherlands Tweede Divisie,Netherlands,Tweede Divisie,1367,20162017
data,Netherlands Tweede Divisie,Netherlands,Tweede Divisie,1586,20182019
data,Netherlands Tweede Divisie,Netherlands,Tweede Divisie,2275,20192020
data,Netherlands Tweede Divisie,Netherlands,Tweede Divisie,4749,20202021
data,Netherlands Tweede Divisie,Netherlands,Tweede Divisie,6098,20212022
data,Netherlands Tweede Divisie,Netherlands,Tweede Divisie,7702,20222023
data,Netherlands Tweede Divisie,Netherlands,Tweede Divisie,9743,20232024
data,Netherlands Tweede Divisie,Netherlands,Tweede Divisie,12635,20242025
data,Netherlands Tweede Divisie,Netherlands,Tweede Divisie,15147,20252026
data,Zimbabwe Premier Soccer League,Zimbabwe,Premier Soccer League,1368,2017
data,Zimbabwe Premier Soccer League,Zimbabwe,Premier Soccer League,1370,2016
data,Zimbabwe Premier Soccer League,Zimbabwe,Premier Soccer League,1371,2015
data,Zimbabwe Premier Soccer League,Zimbabwe,Premier Soccer League,1377,2018
data,Zimbabwe Premier Soccer League,Zimbabwe,Premier Soccer League,1929,2019
data,Zimbabwe Premier Soccer League,Zimbabwe,Premier Soccer League,6836,20212022
data,Zimbabwe Premier Soccer League,Zimbabwe,Premier Soccer League,9072,20222023
data,Zimbabwe Premier Soccer League,Zimbabwe,Premier Soccer League,11259,20232024
data,Zimbabwe Premier Soccer League,Zimbabwe,Premier Soccer League,15851,2025
data,Zambia Super League,Zambia,Super League,1372,2017
data,Zambia Super League,Zambia,Super League,1373,2016
data,Zambia Super League,Zambia,Super League,1375,2015
data,Zambia Super League,Zambia,Super League,1379,2018
data,Zambia Super League,Zambia,Super League,2064,2019
data,Zambia Super League,Zambia,Super League,3581,20192020
data,Zambia Super League,Zambia,Super League,5259,20202021
data,Zambia Super League,Zambia,Super League,6623,20212022
data,Zambia Super League,Zambia,Super League,7830,20222023
data,Zambia Super League,Zambia,Super League,9905,20232024
data,Zambia Super League,Zambia,Super League,12127,20242025
data,Zambia Super League,Zambia,Super League,15029,20252026
data,Rwanda National Soccer League,Rwanda,National Soccer League,1374,20172018
data,Rwanda National Soccer League,Rwanda,National Soccer League,1376,20162017
data,Rwanda National Soccer League,Rwanda,National Soccer League,1378,20152016
data,Rwanda National Soccer League,Rwanda,National Soccer League,1380,20142015
data,Rwanda National Soccer League,Rwanda,National Soccer League,1382,20132014
data,Rwanda National Soccer League,Rwanda,National Soccer League,1902,20182019
data,Rwanda National Soccer League,Rwanda,National Soccer League,2902,20192020
data,Rwanda National Soccer League,Rwanda,National Soccer League,5323,20202021
data,Rwanda National Soccer League,Rwanda,National Soccer League,6785,20212022
data,Rwanda National Soccer League,Rwanda,National Soccer League,8172,20222023
data,Rwanda National Soccer League,Rwanda,National Soccer League,10293,20232024
data,Rwanda National Soccer League,Rwanda,National Soccer League,13077,20242025
data,Rwanda National Soccer League,Rwanda,National Soccer League,15948,20252026
data,Italy Campionato Primavera 2,Italy,Campionato Primavera 2,1381,20172018
data,Italy Campionato Primavera 2,Italy,Campionato Primavera 2,1793,20182019
data,Italy Campionato Primavera 2,Italy,Campionato Primavera 2,2756,20192020
data,Italy Campionato Primavera 2,Italy,Campionato Primavera 2,5168,20202021
data,Italy Campionato Primavera 2,Italy,Campionato Primavera 2,6576,20212022
data,Italy Campionato Primavera 2,Italy,Campionato Primavera 2,8497,20222023
data,Italy Campionato Primavera 2,Italy,Campionato Primavera 2,10622,20232024
data,Italy Campionato Primavera 2,Italy,Campionato Primavera 2,13054,20242025
data,Italy Campionato Primavera 2,Italy,Campionato Primavera 2,15934,20252026
data,International WC Qualification Asia,International,WC Qualification Asia,1383,20162018
data,International WC Qualification Asia,International,WC Qualification Asia,2785,2022
data,International WC Qualification Asia,International,WC Qualification Asia,10117,2026
data,International FIFA World Cup 2014 Brazil,International,FIFA World Cup 2014 Brazil,1384,2014
data,Macau Liga de Elite,Macau,Liga de Elite,1386,2018
data,Macau Liga de Elite,Macau,Liga de Elite,1391,2017
data,Macau Liga de Elite,Macau,Liga de Elite,1392,2016
data,Macau Liga de Elite,Macau,Liga de Elite,1393,2015
data,Macau Liga de Elite,Macau,Liga de Elite,1394,2014
data,Macau Liga de Elite,Macau,Liga de Elite,1878,2019
data,Macau Liga de Elite,Macau,Liga de Elite,5080,2020
data,Macau Liga de Elite,Macau,Liga de Elite,5670,2021
data,Macau Liga de Elite,Macau,Liga de Elite,7041,2022
data,Macau Liga de Elite,Macau,Liga de Elite,9070,2023
data,Macau Liga de Elite,Macau,Liga de Elite,11237,2024
data,Macau Liga de Elite,Macau,Liga de Elite,16154,2025
data,International International Friendlies,International,International Friendlies,1387,2018
data,International International Friendlies,International,International Friendlies,1399,2017
data,International International Friendlies,International,International Friendlies,1401,2016
data,International International Friendlies,International,International Friendlies,1412,2015
data,International International Friendlies,International,International Friendlies,1856,2019
data,International International Friendlies,International,International Friendlies,4409,2020
data,International International Friendlies,International,International Friendlies,5516,2021
data,International International Friendlies,International,International Friendlies,6991,2022
data,International International Friendlies,International,International Friendlies,8839,2023
data,International International Friendlies,International,International Friendlies,11052,2024
data,International International Friendlies,International,International Friendlies,14019,2025
data,International WC Qualification Africa,International,WC Qualification Africa,1388,20162018
data,International WC Qualification Africa,International,WC Qualification Africa,2787,2022
data,International WC Qualification Africa,International,WC Qualification Africa,12061,2026
data,International FIFA World Cup 2010 South Africa,International,FIFA World Cup 2010 South Africa,1389,2010
data,International WC Qualification Intercontinental Playoffs,International,WC Qualification Intercontinental Playoffs,1390,2018
data,International WC Qualification Intercontinental Playoffs,International,WC Qualification Intercontinental Playoffs,7465,2022
data,South America Copa Sudamericana,South America,Copa Sudamericana,1395,2018
data,South America Copa Sudamericana,South America,Copa Sudamericana,1396,2017
data,South America Copa Sudamericana,South America,Copa Sudamericana,1397,2016
data,South America Copa Sudamericana,South America,Copa Sudamericana,1855,2019
data,South America Copa Sudamericana,South America,Copa Sudamericana,3707,2020
data,South America Copa Sudamericana,South America,Copa Sudamericana,5639,2021
data,South America Copa Sudamericana,South America,Copa Sudamericana,6958,2022
data,South America Copa Sudamericana,South America,Copa Sudamericana,8782,2023
data,South America Copa Sudamericana,South America,Copa Sudamericana,10972,2024
data,South America Copa Sudamericana,South America,Copa Sudamericana,16262,2025
data,International UEFA Euro Championship,International,UEFA Euro Championship,1400,2016
data,International UEFA Euro Championship,International,UEFA Euro Championship,5635,2020
data,International UEFA Euro Championship,International,UEFA Euro Championship,11084,2024
data,USA PDL,USA,PDL,1402,2018
data,USA PDL,USA,PDL,1403,2017
data,USA NWSL,USA,NWSL,1405,2018
data,USA NWSL,USA,NWSL,1406,2017
data,USA NWSL,USA,NWSL,1407,2016
data,USA NWSL,USA,NWSL,1408,2015
data,USA NWSL,USA,NWSL,1925,2019
data,USA NWSL,USA,NWSL,3828,2021
data,USA NWSL,USA,NWSL,4332,2014
data,USA NWSL,USA,NWSL,4336,2013
data,USA NWSL,USA,NWSL,7179,2022
data,USA NWSL,USA,NWSL,9017,2023
data,USA NWSL,USA,NWSL,13690,2024
data,USA NWSL,USA,NWSL,14122,2025
data,International FIFA Confederations Cup,International,FIFA Confederations Cup,1410,2017
data,International UEFA Euro Qualifiers,International,UEFA Euro Qualifiers,1411,2016
data,International UEFA Euro Qualifiers,International,UEFA Euro Qualifiers,1931,2020
data,International UEFA Euro Qualifiers,International,UEFA Euro Qualifiers,9128,2024
data,International UEFA Nations League,International,UEFA Nations League,1413,20182019
data,International UEFA Nations League,International,UEFA Nations League,4796,20202021
data,International UEFA Nations League,International,UEFA Nations League,7339,20222023
data,International UEFA Nations League,International,UEFA Nations League,13734,20242025
data,International WC Qualification South America,International,WC Qualification South America,1416,20162018
data,International WC Qualification South America,International,WC Qualification South America,5163,2022
data,International WC Qualification South America,International,WC Qualification South America,10121,2026
data,Asia AFC Champions League,Asia,AFC Champions League,1417,2018
data,Asia AFC Champions League,Asia,AFC Champions League,1418,2017
data,Asia AFC Champions League,Asia,AFC Champions League,1903,2019
data,Asia AFC Champions League,Asia,AFC Champions League,3845,2020
data,Asia AFC Champions League,Asia,AFC Champions League,4074,2016
data,Asia AFC Champions League,Asia,AFC Champions League,4085,2015
data,Asia AFC Champions League,Asia,AFC Champions League,4092,2013
data,Asia AFC Champions League,Asia,AFC Champions League,4097,2012
data,Asia AFC Champions League,Asia,AFC Champions League,4102,2011
data,Asia AFC Champions League,Asia,AFC Champions League,4112,2010
data,Asia AFC Champions League,Asia,AFC Champions League,5667,2021
data,Asia AFC Champions League,Asia,AFC Champions League,5983,2014
data,Asia AFC Champions League,Asia,AFC Champions League,7078,2022
data,Asia AFC Champions League,Asia,AFC Champions League,9594,20232024
data,Asia AFC Champions League,Asia,AFC Champions League,13356,20242025
data,Asia AFC Champions League,Asia,AFC Champions League,14891,20252026
data,International FIFA World Cup 2006 Germany,International,FIFA World Cup 2006 Germany,1419,2006
data,Africa CAF Champions League,Africa,CAF Champions League,1420,2018
data,Africa CAF Champions League,Africa,CAF Champions League,1422,2017
data,Africa CAF Champions League,Africa,CAF Champions League,1424,2016
data,Africa CAF Champions League,Africa,CAF Champions League,1854,20182019
data,Africa CAF Champions League,Africa,CAF Champions League,2634,20192020
data,Africa CAF Champions League,Africa,CAF Champions League,4073,2015
data,Africa CAF Champions League,Africa,CAF Champions League,4078,2014
data,Africa CAF Champions League,Africa,CAF Champions League,4087,2013
data,Africa CAF Champions League,Africa,CAF Champions League,4093,2012
data,Africa CAF Champions League,Africa,CAF Champions League,4099,2010
data,Africa CAF Champions League,Africa,CAF Champions League,5311,20202021
data,Africa CAF Champions League,Africa,CAF Champions League,6449,20212022
data,Africa CAF Champions League,Africa,CAF Champions League,8173,20222023
data,Africa CAF Champions League,Africa,CAF Champions League,12633,20242025
data,Africa CAF Champions League,Africa,CAF Champions League,14607,20232024
data,Africa CAF Champions League,Africa,CAF Champions League,16135,20252026
data,International FIFA World Cup 2002 Korea Japan,International,FIFA World Cup 2002 Korea Japan,1421,2002
data,International FIFA World Cup 2018 Russia,International,FIFA World Cup 2018 Russia,1425,2018
data,Dominican Republic Liga Mayor,Dominican Republic,Liga Mayor,1426,2018
data,Dominican Republic Liga Mayor,Dominican Republic,Liga Mayor,1427,2017
data,Dominican Republic Liga Mayor,Dominican Republic,Liga Mayor,1428,2016
data,Dominican Republic Liga Mayor,Dominican Republic,Liga Mayor,1429,2015
data,Dominican Republic Liga Mayor,Dominican Republic,Liga Mayor,1952,2019
data,Dominican Republic Liga Mayor,Dominican Republic,Liga Mayor,5165,2020
data,Dominican Republic Liga Mayor,Dominican Republic,Liga Mayor,5724,2021
data,Dominican Republic Liga Mayor,Dominican Republic,Liga Mayor,7260,2022
data,Dominican Republic Liga Mayor,Dominican Republic,Liga Mayor,9112,2023
data,Dominican Republic Liga Mayor,Dominican Republic,Liga Mayor,11208,2024
data,Dominican Republic Liga Mayor,Dominican Republic,Liga Mayor,15626,2025
data,Norway 3. Division,Norway,3. Division,1430,2018
data,Norway 3. Division,Norway,3. Division,1431,2017
data,Norway 3. Division,Norway,3. Division,1432,2016
data,Norway 3. Division,Norway,3. Division,1433,2015
data,Norway 3. Division,Norway,3. Division,1923,2019
data,Norway 3. Division,Norway,3. Division,5917,2020
data,Norway 3. Division,Norway,3. Division,6030,2021
data,Czech Republic U21 Youth League,Czech Republic,U21 Youth League,1434,20162017
data,Czech Republic U21 Youth League,Czech Republic,U21 Youth League,1435,20152016
data,Czech Republic U21 Youth League,Czech Republic,U21 Youth League,1436,20142015
data,Czech Republic U21 Youth League,Czech Republic,U21 Youth League,1437,20132014
data,Czech Republic U21 Youth League,Czech Republic,U21 Youth League,1438,20172018
data,Czech Republic U21 Youth League,Czech Republic,U21 Youth League,1553,20182019
data,Denmark U21 Ligaen,Denmark,U21 Ligaen,1439,2017
data,Denmark U21 Ligaen,Denmark,U21 Ligaen,1440,20162017
data,Denmark U21 Ligaen,Denmark,U21 Ligaen,1441,2016
data,Denmark U21 Ligaen,Denmark,U21 Ligaen,1442,2015
data,Denmark U21 Ligaen,Denmark,U21 Ligaen,1443,2018
data,Denmark U21 Ligaen,Denmark,U21 Ligaen,1444,20172018
data,Denmark U21 Ligaen,Denmark,U21 Ligaen,1830,20182019
data,Denmark U21 Ligaen,Denmark,U21 Ligaen,2286,2019
data,Denmark U21 Ligaen,Denmark,U21 Ligaen,2581,20192020
data,Denmark U21 Ligaen,Denmark,U21 Ligaen,4686,2020
data,Denmark U21 Ligaen,Denmark,U21 Ligaen,5777,20202021
data,Denmark U21 Ligaen,Denmark,U21 Ligaen,6455,2021
data,Denmark U21 Ligaen,Denmark,U21 Ligaen,7115,20212022
data,Denmark U21 Ligaen,Denmark,U21 Ligaen,7950,2022
data,Denmark U21 Ligaen,Denmark,U21 Ligaen,8174,20222023
data,Denmark U21 Ligaen,Denmark,U21 Ligaen,10370,20232024
data,Denmark U21 Ligaen,Denmark,U21 Ligaen,13065,20242025
data,Denmark U21 Ligaen,Denmark,U21 Ligaen,15654,20252026
data,Denmark U19 Ligaen,Denmark,U19 Ligaen,1445,20172018
data,Denmark U19 Ligaen,Denmark,U19 Ligaen,1446,20162017
data,Denmark U19 Ligaen,Denmark,U19 Ligaen,1447,20152016
data,Denmark U19 Ligaen,Denmark,U19 Ligaen,1544,20182019
data,Denmark U19 Ligaen,Denmark,U19 Ligaen,2258,20192020
data,Denmark U19 Ligaen,Denmark,U19 Ligaen,4639,20202021
data,Denmark U19 Ligaen,Denmark,U19 Ligaen,6395,20212022
data,Denmark U19 Ligaen,Denmark,U19 Ligaen,7588,20222023
data,Denmark U19 Ligaen,Denmark,U19 Ligaen,9588,20232024
data,Denmark U19 Ligaen,Denmark,U19 Ligaen,12554,20242025
data,Denmark U19 Ligaen,Denmark,U19 Ligaen,15162,20252026
data,Iceland 2. Deild,Iceland,2. Deild,1448,2018
data,Iceland 2. Deild,Iceland,2. Deild,1449,2017
data,Iceland 2. Deild,Iceland,2. Deild,1452,2016
data,Iceland 2. Deild,Iceland,2. Deild,1453,2015
data,Iceland 2. Deild,Iceland,2. Deild,1454,2014
data,Iceland 2. Deild,Iceland,2. Deild,1876,2019
data,Iceland 2. Deild,Iceland,2. Deild,4443,2020
data,Iceland 2. Deild,Iceland,2. Deild,5524,2021
data,Iceland 2. Deild,Iceland,2. Deild,6920,2022
data,Iceland 2. Deild,Iceland,2. Deild,8797,2023
data,Iceland 2. Deild,Iceland,2. Deild,10991,2024
data,Iceland 2. Deild,Iceland,2. Deild,14053,2025
data,France Ligue 1 2 Play offs,France,Ligue 1 2 Play offs,1450,20172018
data,France Ligue 1 2 Play offs,France,Ligue 1 2 Play offs,1983,20182019
data,France Ligue 1 2 Play offs,France,Ligue 1 2 Play offs,5866,20202021
data,France Ligue 1 2 Play offs,France,Ligue 1 2 Play offs,7354,20212022
data,France Ligue 1 2 Play offs,France,Ligue 1 2 Play offs,12032,20232024
data,France Ligue 1 2 Play offs,France,Ligue 1 2 Play offs,14743,20242025
data,France Ligue 2/3 Play-offs,France,Ligue 2/3 Play-offs,1451,20172018
data,France Ligue 2/3 Play-offs,France,Ligue 2/3 Play-offs,1986,20182019
data,France Ligue 2/3 Play-offs,France,Ligue 2/3 Play-offs,5867,20202021
data,France Ligue 2/3 Play-offs,France,Ligue 2/3 Play-offs,7355,20212022
data,France Ligue 2/3 Play-offs,France,Ligue 2/3 Play-offs,14755,20242025
data,Iceland 3. Deild,Iceland,3. Deild,1455,2015
data,Iceland 3. Deild,Iceland,3. Deild,1456,2018
data,Iceland 3. Deild,Iceland,3. Deild,1457,2014
data,Iceland 3. Deild,Iceland,3. Deild,1458,2017
data,Iceland 3. Deild,Iceland,3. Deild,1459,2016
data,Iceland 3. Deild,Iceland,3. Deild,1892,2019
data,Iceland 3. Deild,Iceland,3. Deild,4450,2020
data,Iceland 3. Deild,Iceland,3. Deild,5602,2021
data,Iceland 3. Deild,Iceland,3. Deild,7027,2022
data,Iceland 3. Deild,Iceland,3. Deild,8798,2023
data,Iceland 3. Deild,Iceland,3. Deild,11000,2024
data,Iceland 3. Deild,Iceland,3. Deild,14052,2025
data,Malaysia Malaysia Premier League,Malaysia,Malaysia Premier League,1460,2016
data,Malaysia Malaysia Premier League,Malaysia,Malaysia Premier League,1461,2018
data,Malaysia Malaysia Premier League,Malaysia,Malaysia Premier League,1462,2015
data,Malaysia Malaysia Premier League,Malaysia,Malaysia Premier League,1463,2017
data,Malaysia Malaysia Premier League,Malaysia,Malaysia Premier League,1860,2019
data,Malaysia Malaysia Premier League,Malaysia,Malaysia Premier League,3786,2020
data,Malaysia Malaysia Premier League,Malaysia,Malaysia Premier League,5609,2021
data,Malaysia Malaysia Premier League,Malaysia,Malaysia Premier League,7043,2022
data,Cambodia Cambodian League,Cambodia,Cambodian League,1464,2018
data,Cambodia Cambodian League,Cambodia,Cambodian League,1465,2017
data,Cambodia Cambodian League,Cambodia,Cambodian League,1466,2016
data,Cambodia Cambodian League,Cambodia,Cambodian League,1467,2015
data,Cambodia Cambodian League,Cambodia,Cambodian League,1468,20132014
data,Cambodia Cambodian League,Cambodia,Cambodian League,2631,2019
data,Cambodia Cambodian League,Cambodia,Cambodian League,3647,2020
data,Cambodia Cambodian League,Cambodia,Cambodian League,5689,2021
data,Cambodia Cambodian League,Cambodia,Cambodian League,8648,2022
data,Cambodia Cambodian League,Cambodia,Cambodian League,9738,2023
data,Cambodia Cambodian League,Cambodia,Cambodian League,12795,20242025
data,Cambodia Cambodian League,Cambodia,Cambodian League,15028,20252026
data,Japan Nadeshiko League 2,Japan,Nadeshiko League 2,1469,2018
data,Japan Nadeshiko League 2,Japan,Nadeshiko League 2,1470,2017
data,Japan Nadeshiko League 2,Japan,Nadeshiko League 2,1471,2016
data,Japan Nadeshiko League 2,Japan,Nadeshiko League 2,1472,2015
data,Japan Nadeshiko League 2,Japan,Nadeshiko League 2,1473,2014
data,Japan Nadeshiko League 2,Japan,Nadeshiko League 2,1894,2019
data,Japan Nadeshiko League 2,Japan,Nadeshiko League 2,3805,2020
data,Japan Nadeshiko League 2,Japan,Nadeshiko League 2,5741,2021
data,Japan Nadeshiko League 2,Japan,Nadeshiko League 2,7131,2022
data,Japan Nadeshiko League 2,Japan,Nadeshiko League 2,9016,2023
data,Japan Nadeshiko League 2,Japan,Nadeshiko League 2,11218,2024
data,Japan Nadeshiko League 2,Japan,Nadeshiko League 2,14292,2025
data,Brazil Paulista U20,Brazil,Paulista U20,1474,2018
data,Brazil Paulista U20,Brazil,Paulista U20,1475,2017
data,Brazil Paulista U20,Brazil,Paulista U20,1942,2019
data,Brazil Paulista U20,Brazil,Paulista U20,5241,2020
data,Brazil Paulista U20,Brazil,Paulista U20,6232,2021
data,Brazil Paulista U20,Brazil,Paulista U20,7359,2022
data,Brazil Paulista U20,Brazil,Paulista U20,9143,2023
data,Brazil Paulista U20,Brazil,Paulista U20,11411,2024
data,Brazil Paulista U20,Brazil,Paulista U20,14583,2025
data,Croatia HNL Play-offs 1/2,Croatia,HNL Play-offs 1/2,1476,20172018
data,Croatia HNL Play-offs 1/2,Croatia,HNL Play-offs 1/2,3552,20182019
data,Croatia HNL Play-offs 1/2,Croatia,HNL Play-offs 1/2,4542,20192020
data,Netherlands Netherlands Playoffs 1 2,Netherlands,Netherlands Playoffs 1 2,1477,20172018
data,Netherlands Netherlands Playoffs 1 2,Netherlands,Netherlands Playoffs 1 2,1981,20182019
data,Netherlands Netherlands Playoffs 1 2,Netherlands,Netherlands Playoffs 1 2,7323,20212022
data,Netherlands Netherlands Playoffs 1 2,Netherlands,Netherlands Playoffs 1 2,8846,20202021
data,Netherlands Netherlands Playoffs 1 2,Netherlands,Netherlands Playoffs 1 2,9386,20222023
data,Netherlands Netherlands Playoffs 1 2,Netherlands,Netherlands Playoffs 1 2,11945,20232024
data,Netherlands Netherlands Playoffs 1 2,Netherlands,Netherlands Playoffs 1 2,14712,20242025
data,Netherlands Netherlands Playoffs 3 4,Netherlands,Netherlands Playoffs 3 4,1478,20172018
data,Netherlands Netherlands Playoffs 3 4,Netherlands,Netherlands Playoffs 3 4,3568,20182019
data,Netherlands Netherlands Playoffs 3 4,Netherlands,Netherlands Playoffs 3 4,7502,20212022
data,Netherlands Netherlands Playoffs 3 4,Netherlands,Netherlands Playoffs 3 4,9430,20222023
data,Netherlands Netherlands Playoffs 3 4,Netherlands,Netherlands Playoffs 3 4,12035,20232024
data,Netherlands Netherlands Playoffs 3 4,Netherlands,Netherlands Playoffs 3 4,14773,20242025
data,Japan Emperor Cup,Japan,Emperor Cup,1481,2017
data,Japan Emperor Cup,Japan,Emperor Cup,1482,2016
data,Japan Emperor Cup,Japan,Emperor Cup,1750,2018
data,Japan Emperor Cup,Japan,Emperor Cup,1954,2019
data,Japan Emperor Cup,Japan,Emperor Cup,4311,2015
data,Japan Emperor Cup,Japan,Emperor Cup,4312,2014
data,Japan Emperor Cup,Japan,Emperor Cup,4316,2013
data,Japan Emperor Cup,Japan,Emperor Cup,4320,2012
data,Japan Emperor Cup,Japan,Emperor Cup,4323,2011
data,Japan Emperor Cup,Japan,Emperor Cup,4324,2010
data,Japan Emperor Cup,Japan,Emperor Cup,5045,2020
data,Japan Emperor Cup,Japan,Emperor Cup,5850,2021
data,Japan Emperor Cup,Japan,Emperor Cup,8452,2022
data,Japan Emperor Cup,Japan,Emperor Cup,9310,2023
data,Japan Emperor Cup,Japan,Emperor Cup,11975,2024
data,Japan Emperor Cup,Japan,Emperor Cup,14727,2025
data,Northern Ireland Premiership Women,Northern Ireland,Premiership Women,1483,2018
data,Northern Ireland Premiership Women,Northern Ireland,Premiership Women,1484,2017
data,Northern Ireland Premiership Women,Northern Ireland,Premiership Women,1485,2016
data,Northern Ireland Premiership Women,Northern Ireland,Premiership Women,1486,2015
data,Northern Ireland Premiership Women,Northern Ireland,Premiership Women,1487,2014
data,Northern Ireland Premiership Women,Northern Ireland,Premiership Women,1922,2019
data,Northern Ireland Premiership Women,Northern Ireland,Premiership Women,4663,2020
data,Northern Ireland Premiership Women,Northern Ireland,Premiership Women,5762,2021
data,Northern Ireland Premiership Women,Northern Ireland,Premiership Women,7127,2022
data,Northern Ireland Premiership Women,Northern Ireland,Premiership Women,9085,2023
data,Northern Ireland Premiership Women,Northern Ireland,Premiership Women,11327,2024
data,Northern Ireland Premiership Women,Northern Ireland,Premiership Women,16200,2025
data,Northern Ireland Championship Women,Northern Ireland,Championship Women,1488,2018
data,Northern Ireland Championship Women,Northern Ireland,Championship Women,1489,2017
data,Northern Ireland Championship Women,Northern Ireland,Championship Women,1490,2016
data,Northern Ireland Championship Women,Northern Ireland,Championship Women,1491,2015
data,Northern Ireland Championship Women,Northern Ireland,Championship Women,1492,2014
data,Northern Ireland Championship Women,Northern Ireland,Championship Women,1945,2019
data,Northern Ireland Championship Women,Northern Ireland,Championship Women,5881,2021
data,Northern Ireland Championship Women,Northern Ireland,Championship Women,7362,2022
data,Northern Ireland Championship Women,Northern Ireland,Championship Women,9225,2023
data,Northern Ireland Championship Women,Northern Ireland,Championship Women,11496,2024
data,Northern Ireland Championship Women,Northern Ireland,Championship Women,14469,2025
data,Finland Kakkonen,Finland,Kakkonen,1494,2018
data,Finland Kakkonen,Finland,Kakkonen,1495,2017
data,Finland Kakkonen,Finland,Kakkonen,1496,2016
data,Finland Kakkonen,Finland,Kakkonen,1497,2015
data,Finland Kakkonen,Finland,Kakkonen,1911,2019
data,Finland Kakkonen,Finland,Kakkonen,3868,2020
data,Finland Kakkonen,Finland,Kakkonen,5599,2021
data,Finland Kakkonen,Finland,Kakkonen,7272,2022
data,Finland Kakkonen,Finland,Kakkonen,8966,2023
data,Finland Kakkonen,Finland,Kakkonen,11271,2024
data,Finland Kakkonen,Finland,Kakkonen,14311,2025
data,Czech Republic 3. Liga MSFL CFL,Czech Republic,3. Liga MSFL CFL,1498,20172018
data,Czech Republic 3. Liga MSFL CFL,Czech Republic,3. Liga MSFL CFL,1499,20162017
data,Czech Republic 3. Liga MSFL CFL,Czech Republic,3. Liga MSFL CFL,1500,20152016
data,Czech Republic 3. Liga MSFL CFL,Czech Republic,3. Liga MSFL CFL,1501,20142015
data,Czech Republic 3. Liga MSFL CFL,Czech Republic,3. Liga MSFL CFL,1502,20132014
data,Czech Republic 3. Liga MSFL CFL,Czech Republic,3. Liga MSFL CFL,1551,20182019
data,Czech Republic 3. Liga MSFL CFL,Czech Republic,3. Liga MSFL CFL,3861,20192020
data,Czech Republic 3. Liga MSFL CFL,Czech Republic,3. Liga MSFL CFL,4556,20202021
data,Czech Republic 3. Liga MSFL CFL,Czech Republic,3. Liga MSFL CFL,6260,20212022
data,Iceland 4. Deild,Iceland,4. Deild,1503,2018
data,Iceland 4. Deild,Iceland,4. Deild,1504,2017
data,Iceland 4. Deild,Iceland,4. Deild,1505,2016
data,Iceland 4. Deild,Iceland,4. Deild,1506,2015
data,Iceland 4. Deild,Iceland,4. Deild,1507,2014
data,Iceland 4. Deild,Iceland,4. Deild,1915,2019
data,Iceland 4. Deild,Iceland,4. Deild,4449,2020
data,Iceland 4. Deild,Iceland,4. Deild,5603,2021
data,Iceland 4. Deild,Iceland,4. Deild,7111,2022
data,Iceland 4. Deild,Iceland,4. Deild,8799,2023
data,Iceland 4. Deild,Iceland,4. Deild,11136,2024
data,Iceland 4. Deild,Iceland,4. Deild,14026,2025
data,Thailand Thai League 3,Thailand,Thai League 3,1509,2018
data,Thailand Thai League 3,Thailand,Thai League 3,1511,2017
data,Thailand Thai League 3,Thailand,Thai League 3,1885,2019
data,Thailand Thai League 3,Thailand,Thai League 3,5217,20202021
data,Thailand Thai League 3,Thailand,Thai League 3,6622,20212022
data,Thailand Thai League 3,Thailand,Thai League 3,9164,20222023
data,Myanmar National League,Myanmar,National League,1512,2018
data,Myanmar National League,Myanmar,National League,1513,2017
data,Myanmar National League,Myanmar,National League,1514,2016
data,Myanmar National League,Myanmar,National League,1515,2015
data,Myanmar National League,Myanmar,National League,1516,2014
data,Myanmar National League,Myanmar,National League,1837,2019
data,Myanmar National League,Myanmar,National League,3694,2020
data,Myanmar National League,Myanmar,National League,7531,2022
data,Myanmar National League,Myanmar,National League,8999,2023
data,Myanmar National League,Myanmar,National League,12363,20242025
data,Myanmar National League,Myanmar,National League,15764,20252026
data,Iceland Úrvalsdeild Women,Iceland,Úrvalsdeild Women,1517,2018
data,Iceland Úrvalsdeild Women,Iceland,Úrvalsdeild Women,1518,2017
data,Iceland Úrvalsdeild Women,Iceland,Úrvalsdeild Women,1519,2016
data,Iceland Úrvalsdeild Women,Iceland,Úrvalsdeild Women,1520,2015
data,Iceland Úrvalsdeild Women,Iceland,Úrvalsdeild Women,1521,2014
data,Iceland Úrvalsdeild Women,Iceland,Úrvalsdeild Women,1914,2019
data,Iceland Úrvalsdeild Women,Iceland,Úrvalsdeild Women,3822,2020
data,Iceland Úrvalsdeild Women,Iceland,Úrvalsdeild Women,5576,2021
data,Iceland Úrvalsdeild Women,Iceland,Úrvalsdeild Women,7121,2022
data,Iceland Úrvalsdeild Women,Iceland,Úrvalsdeild Women,8791,2023
data,Iceland Úrvalsdeild Women,Iceland,Úrvalsdeild Women,10979,2024
data,Iceland Úrvalsdeild Women,Iceland,Úrvalsdeild Women,16143,2025
data,Norway First Division Women,Norway,First Division Women,1524,2018
data,Norway First Division Women,Norway,First Division Women,1525,2017
data,Norway First Division Women,Norway,First Division Women,1526,2016
data,Norway First Division Women,Norway,First Division Women,1527,2015
data,Norway First Division Women,Norway,First Division Women,1842,2019
data,Norway First Division Women,Norway,First Division Women,4522,2020
data,Norway First Division Women,Norway,First Division Women,5500,2021
data,Norway First Division Women,Norway,First Division Women,7053,2022
data,Norway First Division Women,Norway,First Division Women,8963,2023
data,Norway First Division Women,Norway,First Division Women,10993,2024
data,Norway First Division Women,Norway,First Division Women,14012,2025
data,Norway Toppserien,Norway,Toppserien,1528,2017
data,Norway Toppserien,Norway,Toppserien,1529,2016
data,Norway Toppserien,Norway,Toppserien,1531,2018
data,Norway Toppserien,Norway,Toppserien,1532,2015
data,Norway Toppserien,Norway,Toppserien,1533,2014
data,Norway Toppserien,Norway,Toppserien,1841,2019
data,Norway Toppserien,Norway,Toppserien,4302,2013
data,Norway Toppserien,Norway,Toppserien,4474,2020
data,Norway Toppserien,Norway,Toppserien,5498,2021
data,Norway Toppserien,Norway,Toppserien,7052,2022
data,Norway Toppserien,Norway,Toppserien,8961,2023
data,Norway Toppserien,Norway,Toppserien,10988,2024
data,Norway Toppserien,Norway,Toppserien,16259,2025
data,France Trophee des Champions - Super Cup,France,Trophee des Champions - Super Cup,1581,20182019
data,France Trophee des Champions - Super Cup,France,Trophee des Champions - Super Cup,2424,20192020
data,France Trophee des Champions - Super Cup,France,Trophee des Champions - Super Cup,4113,20172018
data,France Trophee des Champions - Super Cup,France,Trophee des Champions - Super Cup,4114,20162017
data,France Trophee des Champions - Super Cup,France,Trophee des Champions - Super Cup,4115,20152016
data,France Trophee des Champions - Super Cup,France,Trophee des Champions - Super Cup,4116,20142015
data,France Trophee des Champions - Super Cup,France,Trophee des Champions - Super Cup,4118,20122013
data,France Trophee des Champions - Super Cup,France,Trophee des Champions - Super Cup,4119,20112012
data,France Trophee des Champions - Super Cup,France,Trophee des Champions - Super Cup,4120,20102011
data,France Trophee des Champions - Super Cup,France,Trophee des Champions - Super Cup,4156,20132014
data,France Trophee des Champions - Super Cup,France,Trophee des Champions - Super Cup,5430,20202021
data,France Trophee des Champions - Super Cup,France,Trophee des Champions - Super Cup,5937,20212022
data,France Trophee des Champions - Super Cup,France,Trophee des Champions - Super Cup,7349,20222023
data,France Trophee des Champions - Super Cup,France,Trophee des Champions - Super Cup,9415,20232024
data,France Trophee des Champions - Super Cup,France,Trophee des Champions - Super Cup,12051,20242025
data,Germany Oberliga,Germany,Oberliga,1622,20182019
data,Germany Oberliga,Germany,Oberliga,1665,20172018
data,Germany Oberliga,Germany,Oberliga,2281,20192020
data,Germany Oberliga,Germany,Oberliga,4277,20162017
data,England Community Shield,England,Community Shield,1626,20182019
data,England Community Shield,England,Community Shield,2196,20192020
data,England Community Shield,England,Community Shield,3870,20172018
data,England Community Shield,England,Community Shield,3871,20162017
data,England Community Shield,England,Community Shield,3872,20152016
data,England Community Shield,England,Community Shield,3873,20142015
data,England Community Shield,England,Community Shield,3874,20132014
data,England Community Shield,England,Community Shield,3875,20122013
data,England Community Shield,England,Community Shield,3876,20112012
data,England Community Shield,England,Community Shield,3877,20102011
data,England Community Shield,England,Community Shield,3878,20092010
data,England Community Shield,England,Community Shield,4657,20202021
data,England Community Shield,England,Community Shield,5962,20212022
data,England Community Shield,England,Community Shield,7348,20222023
data,England Community Shield,England,Community Shield,9541,20232024
data,England Community Shield,England,Community Shield,12036,20242025
data,England Community Shield,England,Community Shield,15119,20252026
data,International International Champions Cup,International,International Champions Cup,1628,2018
data,International International Champions Cup,International,International Champions Cup,1629,2017
data,International International Champions Cup,International,International Champions Cup,1630,2016
data,International International Champions Cup,International,International Champions Cup,2193,2019
data,Angola Girabola,Angola,Girabola,1645,2018
data,Angola Girabola,Angola,Girabola,1646,2017
data,Angola Girabola,Angola,Girabola,1647,2016
data,Angola Girabola,Angola,Girabola,1648,2015
data,Angola Girabola,Angola,Girabola,1649,2014
data,Angola Girabola,Angola,Girabola,1650,2013
data,Angola Girabola,Angola,Girabola,1814,20182019
data,Angola Girabola,Angola,Girabola,3844,20192020
data,Angola Girabola,Angola,Girabola,5346,20202021
data,Angola Girabola,Angola,Girabola,6711,20212022
data,Angola Girabola,Angola,Girabola,8341,20222023
data,Angola Girabola,Angola,Girabola,10563,20232024
data,Angola Girabola,Angola,Girabola,13428,20242025
data,Angola Girabola,Angola,Girabola,15994,20252026
data,Argentina Copa Argentina,Argentina,Copa Argentina,1651,2018
data,Argentina Copa Argentina,Argentina,Copa Argentina,1652,2017
data,Argentina Copa Argentina,Argentina,Copa Argentina,1653,2016
data,Argentina Copa Argentina,Argentina,Copa Argentina,1654,20142015
data,Argentina Copa Argentina,Argentina,Copa Argentina,1815,2019
data,Argentina Copa Argentina,Argentina,Copa Argentina,3629,2020
data,Argentina Copa Argentina,Argentina,Copa Argentina,8757,2023
data,Argentina Copa Argentina,Argentina,Copa Argentina,10985,2024
data,Argentina Copa Argentina,Argentina,Copa Argentina,12685,2022
data,Argentina Copa Argentina,Argentina,Copa Argentina,16208,2025
data,Scotland Scottish League Cup,Scotland,Scottish League Cup,1655,20182019
data,Scotland Scottish League Cup,Scotland,Scottish League Cup,1656,20172018
data,Scotland Scottish League Cup,Scotland,Scottish League Cup,1657,20162017
data,Scotland Scottish League Cup,Scotland,Scottish League Cup,1658,20142015
data,Scotland Scottish League Cup,Scotland,Scottish League Cup,2386,20192020
data,Scotland Scottish League Cup,Scotland,Scottish League Cup,4904,20202021
data,Scotland Scottish League Cup,Scotland,Scottish League Cup,5993,20212022
data,Scotland Scottish League Cup,Scotland,Scottish League Cup,7357,20222023
data,Scotland Scottish League Cup,Scotland,Scottish League Cup,9527,20232024
data,Scotland Scottish League Cup,Scotland,Scottish League Cup,12055,20242025
data,Scotland Scottish League Cup,Scotland,Scottish League Cup,14801,20252026
data,Mexico Liga MX Femenil,Mexico,Liga MX Femenil,1660,20172018
data,Mexico Liga MX Femenil,Mexico,Liga MX Femenil,1666,20182019
data,Mexico Liga MX Femenil,Mexico,Liga MX Femenil,2316,20192020
data,Mexico Liga MX Femenil,Mexico,Liga MX Femenil,4620,20202021
data,Mexico Liga MX Femenil,Mexico,Liga MX Femenil,6099,20212022
data,Mexico Liga MX Femenil,Mexico,Liga MX Femenil,9413,20222023
data,Mexico Liga MX Femenil,Mexico,Liga MX Femenil,9575,20232024
data,Mexico Liga MX Femenil,Mexico,Liga MX Femenil,12323,20242025
data,Mexico Liga MX Femenil,Mexico,Liga MX Femenil,15020,20252026
data,Mexico U20 League,Mexico,U20 League,1661,20172018
data,Mexico U20 League,Mexico,U20 League,1662,20162017
data,Mexico U20 League,Mexico,U20 League,1663,20152016
data,Mexico U20 League,Mexico,U20 League,1664,20142015
data,Mexico U20 League,Mexico,U20 League,1667,20182019
data,Mexico U20 League,Mexico,U20 League,2329,20192020
data,Mexico U20 League,Mexico,U20 League,4555,20202021
data,Mexico U20 League,Mexico,U20 League,6097,20212022
data,Mexico U20 League,Mexico,U20 League,7479,20222023
data,Spain Supercopa de Espana,Spain,Supercopa de Espana,1685,20182019
data,Spain Supercopa de Espana,Spain,Supercopa de Espana,3363,20192020
data,Spain Supercopa de Espana,Spain,Supercopa de Espana,4933,20172018
data,Spain Supercopa de Espana,Spain,Supercopa de Espana,4934,20162017
data,Spain Supercopa de Espana,Spain,Supercopa de Espana,4935,20152016
data,Spain Supercopa de Espana,Spain,Supercopa de Espana,4936,20142015
data,Spain Supercopa de Espana,Spain,Supercopa de Espana,4937,20132014
data,Spain Supercopa de Espana,Spain,Supercopa de Espana,4938,20122013
data,Spain Supercopa de Espana,Spain,Supercopa de Espana,4939,20112012
data,Spain Supercopa de Espana,Spain,Supercopa de Espana,4940,20102011
data,Spain Supercopa de Espana,Spain,Supercopa de Espana,5374,20202021
data,Spain Supercopa de Espana,Spain,Supercopa de Espana,6045,20212022
data,Spain Supercopa de Espana,Spain,Supercopa de Espana,7490,20222023
data,Spain Supercopa de Espana,Spain,Supercopa de Espana,10803,20232024
data,Spain Supercopa de Espana,Spain,Supercopa de Espana,12535,20242025
data,Spain Supercopa de Espana,Spain,Supercopa de Espana,15989,20252026
data,El Salvador Salvadoran Primera División,El Salvador,Salvadoran Primera División,1686,20182019
data,El Salvador Salvadoran Primera División,El Salvador,Salvadoran Primera División,1687,20172018
data,El Salvador Salvadoran Primera División,El Salvador,Salvadoran Primera División,1688,20162017
data,El Salvador Salvadoran Primera División,El Salvador,Salvadoran Primera División,1689,20152016
data,El Salvador Salvadoran Primera División,El Salvador,Salvadoran Primera División,2451,20192020
data,El Salvador Salvadoran Primera División,El Salvador,Salvadoran Primera División,5106,20202021
data,El Salvador Salvadoran Primera División,El Salvador,Salvadoran Primera División,6157,20212022
data,El Salvador Salvadoran Primera División,El Salvador,Salvadoran Primera División,8218,20222023
data,El Salvador Salvadoran Primera División,El Salvador,Salvadoran Primera División,10326,20232024
data,El Salvador Salvadoran Primera División,El Salvador,Salvadoran Primera División,12819,20242025
data,El Salvador Salvadoran Primera División,El Salvador,Salvadoran Primera División,15231,20252026
data,England FA Women's Super League,England,FA Women's Super League,1690,20172018
data,England FA Women's Super League,England,FA Women's Super League,1691,2017
data,England FA Women's Super League,England,FA Women's Super League,1692,2016
data,England FA Women's Super League,England,FA Women's Super League,1699,20182019
data,England FA Women's Super League,England,FA Women's Super League,2337,20192020
data,England FA Women's Super League,England,FA Women's Super League,4098,2015
data,England FA Women's Super League,England,FA Women's Super League,4101,2014
data,England FA Women's Super League,England,FA Women's Super League,4103,2013
data,England FA Women's Super League,England,FA Women's Super League,4106,2012
data,England FA Women's Super League,England,FA Women's Super League,4108,2011
data,England FA Women's Super League,England,FA Women's Super League,4658,20202021
data,England FA Women's Super League,England,FA Women's Super League,6173,20212022
data,England FA Women's Super League,England,FA Women's Super League,7821,20222023
data,England FA Women's Super League,England,FA Women's Super League,9890,20232024
data,England FA Women's Super League,England,FA Women's Super League,12827,20242025
data,England FA Women's Super League,England,FA Women's Super League,15478,20252026
data,Brazil Paranaense U19,Brazil,Paranaense U19,1695,2018
data,Brazil Paranaense U19,Brazil,Paranaense U19,1696,2017
data,Brazil Paranaense U19,Brazil,Paranaense U19,2147,2019
data,Turkey 2. Lig,Turkey,2. Lig,1697,20182019
data,Turkey 2. Lig,Turkey,2. Lig,1698,20172018
data,Turkey 2. Lig,Turkey,2. Lig,2678,20192020
data,Turkey 2. Lig,Turkey,2. Lig,4021,20162017
data,Turkey 2. Lig,Turkey,2. Lig,4022,20152016
data,Turkey 2. Lig,Turkey,2. Lig,4023,20132014
data,Turkey 2. Lig,Turkey,2. Lig,4024,20142015
data,Turkey 2. Lig,Turkey,2. Lig,4909,20202021
data,Brazil Paulista Women,Brazil,Paulista Women,1702,2015
data,Brazil Paulista Women,Brazil,Paulista Women,1703,2017
data,Brazil Paulista Women,Brazil,Paulista Women,1704,2016
data,Brazil Paulista Women,Brazil,Paulista Women,1708,2018
data,Brazil Paulista Women,Brazil,Paulista Women,1941,2019
data,Brazil Paulista Women,Brazil,Paulista Women,5057,2020
data,Brazil Paulista Women,Brazil,Paulista Women,6230,2021
data,Brazil Paulista Women,Brazil,Paulista Women,8073,2022
data,Brazil Paulista Women,Brazil,Paulista Women,9221,2023
data,Brazil Paulista Women,Brazil,Paulista Women,11533,2024
data,Brazil Paulista Women,Brazil,Paulista Women,14634,2025
data,Brazil Copa Paulista,Brazil,Copa Paulista,1705,2017
data,Brazil Copa Paulista,Brazil,Copa Paulista,1706,2016
data,Brazil Copa Paulista,Brazil,Copa Paulista,1709,2018
data,Brazil Copa Paulista,Brazil,Copa Paulista,2149,2019
data,Brazil Copa Paulista,Brazil,Copa Paulista,5245,2020
data,Brazil Copa Paulista,Brazil,Copa Paulista,6556,2021
data,Brazil Copa Paulista,Brazil,Copa Paulista,7363,2022
data,Brazil Copa Paulista,Brazil,Copa Paulista,9293,2023
data,Brazil Copa Paulista,Brazil,Copa Paulista,9884,2015
data,Brazil Copa Paulista,Brazil,Copa Paulista,11936,2024
data,Brazil Copa Paulista,Brazil,Copa Paulista,14696,2025
data,Finland Kolmonen,Finland,Kolmonen,1723,2018
data,Finland Kolmonen,Finland,Kolmonen,1724,2017
data,Finland Kolmonen,Finland,Kolmonen,1738,2016
data,Finland Kolmonen,Finland,Kolmonen,1912,2019
data,Finland Kolmonen,Finland,Kolmonen,4408,2020
data,Finland Kolmonen,Finland,Kolmonen,5770,2021
data,Argentina Reserve League,Argentina,Reserve League,1733,20182019
data,Argentina Reserve League,Argentina,Reserve League,1734,20172018
data,Argentina Reserve League,Argentina,Reserve League,1735,20162017
data,Argentina Reserve League,Argentina,Reserve League,1736,2016
data,Argentina Reserve League,Argentina,Reserve League,1737,2015
data,Argentina Reserve League,Argentina,Reserve League,2462,20192020
data,Argentina Reserve League,Argentina,Reserve League,5538,2021
data,Argentina Reserve League,Argentina,Reserve League,7075,2022
data,Argentina Reserve League,Argentina,Reserve League,8848,2023
data,Argentina Reserve League,Argentina,Reserve League,11162,2024
data,Argentina Reserve League,Argentina,Reserve League,16186,2025
data,Iceland U19 League,Iceland,U19 League,1739,2017
data,Iceland U19 League,Iceland,U19 League,1740,2016
data,Iceland U19 League,Iceland,U19 League,1741,2018
data,Iceland U19 League,Iceland,U19 League,1953,2019
data,Iceland U19 League,Iceland,U19 League,4423,2020
data,Iceland U19 League,Iceland,U19 League,5733,2021
data,Iceland U19 League,Iceland,U19 League,7276,2022
data,Iceland U19 League,Iceland,U19 League,9064,2023
data,Iceland U19 League,Iceland,U19 League,11176,2024
data,Iceland U19 League,Iceland,U19 League,16317,2025
data,Scotland Highland / Lowland Football Leagues,Scotland,Highland / Lowland Football Leagues,1753,20172018
data,Scotland Highland / Lowland Football Leagues,Scotland,Highland / Lowland Football Leagues,1754,20162017
data,Scotland Highland / Lowland Football Leagues,Scotland,Highland / Lowland Football Leagues,1755,20152016
data,Scotland Highland / Lowland Football Leagues,Scotland,Highland / Lowland Football Leagues,1756,20142015
data,Scotland Highland / Lowland Football Leagues,Scotland,Highland / Lowland Football Leagues,2367,20192020
data,Scotland Highland / Lowland Football Leagues,Scotland,Highland / Lowland Football Leagues,3863,20182019
data,Scotland Highland / Lowland Football Leagues,Scotland,Highland / Lowland Football Leagues,5223,20202021
data,Scotland Highland / Lowland Football Leagues,Scotland,Highland / Lowland Football Leagues,6111,20212022
data,Scotland Highland / Lowland Football Leagues,Scotland,Highland / Lowland Football Leagues,7946,20222023
data,Scotland Highland / Lowland Football Leagues,Scotland,Highland / Lowland Football Leagues,9650,20232024
data,Scotland Highland / Lowland Football Leagues,Scotland,Highland / Lowland Football Leagues,12822,20242025
data,Slovakia 3. Liga,Slovakia,3. Liga,1759,20172018
data,Slovakia 3. Liga,Slovakia,3. Liga,1760,20162017
data,Slovakia 3. Liga,Slovakia,3. Liga,1761,20152016
data,Slovakia 3. Liga,Slovakia,3. Liga,1762,20142015
data,Slovakia 3. Liga,Slovakia,3. Liga,1788,20182019
data,Slovakia 3. Liga,Slovakia,3. Liga,2336,20192020
data,Slovakia 3. Liga,Slovakia,3. Liga,4544,20202021
data,Slovakia 3. Liga,Slovakia,3. Liga,6315,20212022
data,Turkey 3. Lig,Turkey,3. Lig,1764,20162017
data,Turkey 3. Lig,Turkey,3. Lig,1765,20152016
data,Turkey 3. Lig,Turkey,3. Lig,1766,20142015
data,Turkey 3. Lig,Turkey,3. Lig,1767,20132014
data,Turkey 3. Lig,Turkey,3. Lig,1789,20182019
data,Turkey 3. Lig,Turkey,3. Lig,2697,20192020
data,Nigeria NPFL,Nigeria,NPFL,1784,2018
data,Nigeria NPFL,Nigeria,NPFL,1785,2017
data,Nigeria NPFL,Nigeria,NPFL,1786,2016
data,Nigeria NPFL,Nigeria,NPFL,1787,20142015
data,Nigeria NPFL,Nigeria,NPFL,1838,2019
data,Nigeria NPFL,Nigeria,NPFL,3569,20192020
data,Nigeria NPFL,Nigeria,NPFL,5291,20202021
data,Nigeria NPFL,Nigeria,NPFL,6826,20212022
data,Nigeria NPFL,Nigeria,NPFL,8835,20222023
data,Nigeria NPFL,Nigeria,NPFL,10543,20232024
data,Nigeria NPFL,Nigeria,NPFL,12762,20242025
data,Nigeria NPFL,Nigeria,NPFL,15762,20252026
data,Scotland SPFL Reserve League,Scotland,SPFL Reserve League,1811,20182019
data,Scotland SPFL Reserve League,Scotland,SPFL Reserve League,2473,20192020
data,Scotland SPFL Reserve League,Scotland,SPFL Reserve League,7952,20222023
data,Scotland SPFL Reserve League,Scotland,SPFL Reserve League,10207,20232024
data,Scotland SPFL Reserve League,Scotland,SPFL Reserve League,13068,20242025
data,Scotland SPFL Reserve League 2,Scotland,SPFL Reserve League 2,1812,20182019
data,Scotland SPFL Reserve League 2,Scotland,SPFL Reserve League 2,2646,20192020
data,International FIFA Club World Cup,International,FIFA Club World Cup,1813,2018
data,International FIFA Club World Cup,International,FIFA Club World Cup,3370,2019
data,International FIFA Club World Cup,International,FIFA Club World Cup,5517,2020
data,International FIFA Club World Cup,International,FIFA Club World Cup,7069,2021
data,International FIFA Club World Cup,International,FIFA Club World Cup,8830,2022
data,International FIFA Club World Cup,International,FIFA Club World Cup,10958,2023
data,International FIFA Club World Cup,International,FIFA Club World Cup,13557,2024
data,International FIFA Club World Cup,International,FIFA Club World Cup,13878,2025
data,Iran Persian Gulf Pro League,Iran,Persian Gulf Pro League,1897,20182019
data,Iran Persian Gulf Pro League,Iran,Persian Gulf Pro League,1898,20172018
data,Iran Persian Gulf Pro League,Iran,Persian Gulf Pro League,2717,20192020
data,Iran Persian Gulf Pro League,Iran,Persian Gulf Pro League,3278,20162017
data,Iran Persian Gulf Pro League,Iran,Persian Gulf Pro League,3279,20152016
data,Iran Persian Gulf Pro League,Iran,Persian Gulf Pro League,3280,20142015
data,Iran Persian Gulf Pro League,Iran,Persian Gulf Pro League,5219,20202021
data,Iran Persian Gulf Pro League,Iran,Persian Gulf Pro League,6757,20212022
data,Iran Persian Gulf Pro League,Iran,Persian Gulf Pro League,8103,20222023
data,Iran Persian Gulf Pro League,Iran,Persian Gulf Pro League,9902,20232024
data,Iran Persian Gulf Pro League,Iran,Persian Gulf Pro League,12915,20242025
data,Iran Persian Gulf Pro League,Iran,Persian Gulf Pro League,15566,20252026
data,Iran Azadegan League,Iran,Azadegan League,1899,20182019
data,Iran Azadegan League,Iran,Azadegan League,2719,20192020
data,Iran Azadegan League,Iran,Azadegan League,5289,20202021
data,Iran Azadegan League,Iran,Azadegan League,6814,20212022
data,Iran Azadegan League,Iran,Azadegan League,8226,20222023
data,Iran Azadegan League,Iran,Azadegan League,10443,20232024
data,Iran Azadegan League,Iran,Azadegan League,13360,20242025
data,Iran Azadegan League,Iran,Azadegan League,15829,20252026
data,Mexico Liga Premier Serie A,Mexico,Liga Premier Serie A,1933,20182019
data,Mexico Liga Premier Serie A,Mexico,Liga Premier Serie A,2643,20192020
data,Mexico Liga Premier Serie A,Mexico,Liga Premier Serie A,5187,20202021
data,Mexico Liga Premier Serie A,Mexico,Liga Premier Serie A,6688,20212022
data,Mexico Liga Premier Serie A,Mexico,Liga Premier Serie A,7846,20222023
data,Mexico Liga Premier Serie A,Mexico,Liga Premier Serie A,10250,20232024
data,Mexico Liga Premier Serie A,Mexico,Liga Premier Serie A,13433,20242025
data,Mexico Liga Premier Serie A,Mexico,Liga Premier Serie A,15640,20252026
data,Mexico Liga Premier Serie B,Mexico,Liga Premier Serie B,1934,20182019
data,Mexico Liga Premier Serie B,Mexico,Liga Premier Serie B,2644,20192020
data,Mexico Liga Premier Serie B,Mexico,Liga Premier Serie B,6679,20212022
data,Mexico Liga Premier Serie B,Mexico,Liga Premier Serie B,7845,20222023
data,Mexico Liga Premier Serie B,Mexico,Liga Premier Serie B,10155,20232024
data,Mexico Liga Premier Serie B,Mexico,Liga Premier Serie B,13453,20242025
data,Mexico Liga Premier Serie B,Mexico,Liga Premier Serie B,15655,20252026
data,International Copa America,International,Copa America,1956,2019
data,International Copa America,International,Copa America,5862,2021
data,International Copa America,International,Copa America,12076,2024
data,Australia Victoria NPL,Australia,Victoria NPL,1958,2019
data,Australia Victoria NPL,Australia,Victoria NPL,3494,2020
data,Australia Victoria NPL,Australia,Victoria NPL,5384,2021
data,Australia Victoria NPL,Australia,Victoria NPL,6912,2022
data,Australia Victoria NPL,Australia,Victoria NPL,8734,2023
data,Australia Victoria NPL,Australia,Victoria NPL,10886,2024
data,Australia Victoria NPL,Australia,Victoria NPL,16202,2025
data,Australia Queensland NPL,Australia,Queensland NPL,1959,2019
data,Australia Queensland NPL,Australia,Queensland NPL,3850,2020
data,Australia Queensland NPL,Australia,Queensland NPL,5540,2021
data,Australia Queensland NPL,Australia,Queensland NPL,7460,2022
data,Australia Queensland NPL,Australia,Queensland NPL,8859,2023
data,Australia Queensland NPL,Australia,Queensland NPL,11104,2024
data,Australia Queensland NPL,Australia,Queensland NPL,13891,2025
data,Australia New South Wales NPL,Australia,New South Wales NPL,1960,2019
data,Australia New South Wales NPL,Australia,New South Wales NPL,3495,2020
data,Australia New South Wales NPL,Australia,New South Wales NPL,5386,2021
data,Australia New South Wales NPL,Australia,New South Wales NPL,6913,2022
data,Australia New South Wales NPL,Australia,New South Wales NPL,8987,2023
data,Australia New South Wales NPL,Australia,New South Wales NPL,10952,2024
data,Australia New South Wales NPL,Australia,New South Wales NPL,14032,2025
data,Australia Tasmania NPL,Australia,Tasmania NPL,1961,2019
data,Australia Tasmania NPL,Australia,Tasmania NPL,3493,2020
data,Australia Tasmania NPL,Australia,Tasmania NPL,5385,2021
data,Australia Tasmania NPL,Australia,Tasmania NPL,7209,2022
data,Australia Tasmania NPL,Australia,Tasmania NPL,9047,2023
data,Australia Tasmania NPL,Australia,Tasmania NPL,11110,2024
data,Australia Tasmania NPL,Australia,Tasmania NPL,13976,2025
data,Australia South Australia NPL,Australia,South Australia NPL,1962,2019
data,Australia South Australia NPL,Australia,South Australia NPL,3652,2020
data,Australia South Australia NPL,Australia,South Australia NPL,5707,2021
data,Australia South Australia NPL,Australia,South Australia NPL,7084,2022
data,Australia South Australia NPL,Australia,South Australia NPL,8828,2023
data,Australia South Australia NPL,Australia,South Australia NPL,10890,2024
data,Australia South Australia NPL,Australia,South Australia NPL,13921,2025
data,Australia Capital Territory NPL,Australia,Capital Territory NPL,1964,2019
data,Australia Capital Territory NPL,Australia,Capital Territory NPL,3633,2020
data,Australia Capital Territory NPL,Australia,Capital Territory NPL,5398,2021
data,Australia Capital Territory NPL,Australia,Capital Territory NPL,7080,2022
data,Australia Capital Territory NPL,Australia,Capital Territory NPL,8804,2023
data,Australia Capital Territory NPL,Australia,Capital Territory NPL,11199,2024
data,Australia Capital Territory NPL,Australia,Capital Territory NPL,14009,2025
data,Australia Queensland Premier League,Australia,Queensland Premier League,1965,2019
data,Australia Queensland Premier League,Australia,Queensland Premier League,3721,2020
data,Australia Queensland Premier League,Australia,Queensland Premier League,5541,2021
data,Australia Queensland Premier League,Australia,Queensland Premier League,7087,2022
data,Australia Queensland Premier League,Australia,Queensland Premier League,8867,2023
data,Australia Queensland Premier League,Australia,Queensland Premier League,11088,2024
data,Australia Queensland Premier League,Australia,Queensland Premier League,16142,2025
data,Australia South Australia State League 1,Australia,South Australia State League 1,1966,2019
data,Australia South Australia State League 1,Australia,South Australia State League 1,3722,2020
data,Australia South Australia State League 1,Australia,South Australia State League 1,5711,2021
data,Australia South Australia State League 1,Australia,South Australia State League 1,7088,2022
data,Australia South Australia State League 1,Australia,South Australia State League 1,8829,2023
data,Australia South Australia State League 1,Australia,South Australia State League 1,10891,2024
data,Australia South Australia State League 1,Australia,South Australia State League 1,13933,2025
data,Australia Victoria NPL 2,Australia,Victoria NPL 2,1967,2019
data,Australia Victoria NPL 2,Australia,Victoria NPL 2,3634,2020
data,Australia Victoria NPL 2,Australia,Victoria NPL 2,5383,2021
data,Australia Victoria NPL 2,Australia,Victoria NPL 2,6889,2022
data,Australia Victoria NPL 2,Australia,Victoria NPL 2,8733,2023
data,Australia Victoria NPL 2,Australia,Victoria NPL 2,10924,2024
data,Australia Victoria NPL 2,Australia,Victoria NPL 2,13831,2025
data,Australia New South Wales NPL 2,Australia,New South Wales NPL 2,1968,2019
data,Australia New South Wales NPL 2,Australia,New South Wales NPL 2,3656,2020
data,Australia New South Wales NPL 2,Australia,New South Wales NPL 2,5461,2021
data,Australia New South Wales NPL 2,Australia,New South Wales NPL 2,6914,2022
data,Australia New South Wales NPL 2,Australia,New South Wales NPL 2,8967,2023
data,Australia New South Wales NPL 2,Australia,New South Wales NPL 2,10956,2024
data,Australia New South Wales NPL 2,Australia,New South Wales NPL 2,13966,2025
data,Australia Northern NSW State League 1,Australia,Northern NSW State League 1,1969,2019
data,Australia Northern NSW State League 1,Australia,Northern NSW State League 1,3778,2020
data,Australia Northern NSW State League 1,Australia,Northern NSW State League 1,5399,2021
data,Australia Northern NSW State League 1,Australia,Northern NSW State League 1,6907,2022
data,Australia Northern NSW State League 1,Australia,Northern NSW State League 1,8973,2023
data,Australia Northern NSW State League 1,Australia,Northern NSW State League 1,10955,2024
data,Australia Northern NSW State League 1,Australia,Northern NSW State League 1,13937,2025
data,Australia Tasmania Northern Championship,Australia,Tasmania Northern Championship,1970,2019
data,Australia Tasmania Northern Championship,Australia,Tasmania Northern Championship,3658,2020
data,Australia Tasmania Northern Championship,Australia,Tasmania Northern Championship,5462,2021
data,Australia Tasmania Northern Championship,Australia,Tasmania Northern Championship,7185,2022
data,Australia Tasmania Northern Championship,Australia,Tasmania Northern Championship,9106,2023
data,Australia Tasmania Northern Championship,Australia,Tasmania Northern Championship,11290,2024
data,Australia Tasmania Northern Championship,Australia,Tasmania Northern Championship,14336,2025
data,Australia Capital Territory NPL 2,Australia,Capital Territory NPL 2,1971,2019
data,Australia Capital Territory NPL 2,Australia,Capital Territory NPL 2,3653,2020
data,Australia Capital Territory NPL 2,Australia,Capital Territory NPL 2,5400,2021
data,Australia Capital Territory NPL 2,Australia,Capital Territory NPL 2,7085,2022
data,Australia Capital Territory NPL 2,Australia,Capital Territory NPL 2,8805,2023
data,Australia Capital Territory NPL 2,Australia,Capital Territory NPL 2,11025,2024
data,Australia Capital Territory NPL 2,Australia,Capital Territory NPL 2,14031,2025
data,Australia Western Australia State League 1,Australia,Western Australia State League 1,1972,2019
data,Australia Western Australia State League 1,Australia,Western Australia State League 1,3775,2020
data,Australia Western Australia State League 1,Australia,Western Australia State League 1,5710,2021
data,Australia Western Australia State League 1,Australia,Western Australia State League 1,7186,2022
data,Australia Western Australia State League 1,Australia,Western Australia State League 1,9098,2023
data,Australia Western Australia State League 1,Australia,Western Australia State League 1,11190,2024
data,Australia Western Australia State League 1,Australia,Western Australia State League 1,14207,2025
data,Australia Northern NSW NPL,Australia,Northern NSW NPL,1973,2019
data,Australia Northern NSW NPL,Australia,Northern NSW NPL,3497,2020
data,Australia Northern NSW NPL,Australia,Northern NSW NPL,5387,2021
data,Australia Northern NSW NPL,Australia,Northern NSW NPL,6906,2022
data,Australia Northern NSW NPL,Australia,Northern NSW NPL,8775,2023
data,Australia Northern NSW NPL,Australia,Northern NSW NPL,10943,2024
data,Australia Northern NSW NPL,Australia,Northern NSW NPL,13923,2025
data,Australia Western Australia NPL,Australia,Western Australia NPL,1976,2019
data,Australia Western Australia NPL,Australia,Western Australia NPL,4471,2020
data,Australia Western Australia NPL,Australia,Western Australia NPL,5706,2021
data,Australia Western Australia NPL,Australia,Western Australia NPL,7208,2022
data,Australia Western Australia NPL,Australia,Western Australia NPL,10605,2023
data,Australia Western Australia NPL,Australia,Western Australia NPL,11148,2024
data,Australia Western Australia NPL,Australia,Western Australia NPL,14177,2025
data,Germany Germany Play offs 1 2,Germany,Germany Play offs 1 2,1977,20182019
data,Germany Germany Play offs 1 2,Germany,Germany Play offs 1 2,4470,20192020
data,Germany Germany Play offs 1 2,Germany,Germany Play offs 1 2,5851,20202021
data,Germany Germany Play offs 1 2,Germany,Germany Play offs 1 2,7325,20212022
data,Germany Germany Play offs 1 2,Germany,Germany Play offs 1 2,9408,20222023
data,Germany Germany Play offs 1 2,Germany,Germany Play offs 1 2,12000,20232024
data,Germany Germany Play offs 1 2,Germany,Germany Play offs 1 2,14739,20242025
data,Germany Germany Play offs 2 3,Germany,Germany Play offs 2 3,1978,20182019
data,Germany Germany Play offs 2 3,Germany,Germany Play offs 2 3,5852,20202021
data,Germany Germany Play offs 2 3,Germany,Germany Play offs 2 3,7326,20212022
data,Germany Germany Play offs 2 3,Germany,Germany Play offs 2 3,9409,20222023
data,Germany Germany Play offs 2 3,Germany,Germany Play offs 2 3,11999,20232024
data,Germany Germany Play offs 2 3,Germany,Germany Play offs 2 3,14742,20242025
data,Germany Germany Play offs 4 5,Germany,Germany Play offs 4 5,1979,20182019
data,Germany Germany Play offs 4 5,Germany,Germany Play offs 4 5,7960,20212022
data,Germany Germany Play offs 4 5,Germany,Germany Play offs 4 5,9476,20222023
data,Germany Germany Play offs 4 5,Germany,Germany Play offs 4 5,12017,20232024
data,Germany Germany Play offs 4 5,Germany,Germany Play offs 4 5,14761,20242025
data,Scotland Scotland Play-offs 1/2,Scotland,Scotland Play-offs 1/2,1980,20182019
data,Scotland Scotland Play-offs 1/2,Scotland,Scotland Play-offs 1/2,5785,20202021
data,Scotland Scotland Play-offs 1/2,Scotland,Scotland Play-offs 1/2,7313,20212022
data,Scotland Scotland Play-offs 1/2,Scotland,Scotland Play-offs 1/2,9301,20222023
data,Scotland Scotland Play-offs 1/2,Scotland,Scotland Play-offs 1/2,11934,20232024
data,Scotland Scotland Play-offs 1/2,Scotland,Scotland Play-offs 1/2,14680,20242025
data,Brazil Campeonato Brasileiro Women,Brazil,Campeonato Brasileiro Women,1987,2019
data,Brazil Campeonato Brasileiro Women,Brazil,Campeonato Brasileiro Women,1990,2017
data,Brazil Campeonato Brasileiro Women,Brazil,Campeonato Brasileiro Women,1991,2018
data,Brazil Campeonato Brasileiro Women,Brazil,Campeonato Brasileiro Women,3674,2020
data,Brazil Campeonato Brasileiro Women,Brazil,Campeonato Brasileiro Women,5664,2021
data,Brazil Campeonato Brasileiro Women,Brazil,Campeonato Brasileiro Women,7251,2022
data,Brazil Campeonato Brasileiro Women,Brazil,Campeonato Brasileiro Women,9024,2023
data,Brazil Campeonato Brasileiro Women,Brazil,Campeonato Brasileiro Women,11313,2024
data,Brazil Campeonato Brasileiro Women,Brazil,Campeonato Brasileiro Women,14433,2025
data,International FIFA World Cup U20,International,FIFA World Cup U20,1989,2019
data,International FIFA World Cup U20,International,FIFA World Cup U20,9338,2023
data,International FIFA World Cup U20,International,FIFA World Cup U20,14804,2025
data,Australia Queensland NPL Youth League,Australia,Queensland NPL Youth League,2004,2019
data,Australia Queensland NPL Youth League,Australia,Queensland NPL Youth League,3769,2020
data,Australia Queensland NPL Youth League,Australia,Queensland NPL Youth League,5583,2021
data,Australia Queensland NPL Youth League,Australia,Queensland NPL Youth League,7035,2022
data,Australia Queensland NPL Youth League,Australia,Queensland NPL Youth League,8895,2023
data,Australia Queensland NPL Youth League,Australia,Queensland NPL Youth League,11090,2024
data,Australia Queensland NPL Youth League,Australia,Queensland NPL Youth League,13906,2025
data,Australia Victoria NPL Youth League,Australia,Victoria NPL Youth League,2005,2019
data,Australia Victoria NPL Youth League,Australia,Victoria NPL Youth League,3654,2020
data,Australia Victoria NPL Youth League,Australia,Victoria NPL Youth League,5380,2021
data,Australia Victoria NPL Youth League,Australia,Victoria NPL Youth League,7008,2022
data,Australia Victoria NPL Youth League,Australia,Victoria NPL Youth League,8735,2023
data,Australia Victoria NPL Youth League,Australia,Victoria NPL Youth League,10898,2024
data,Australia Victoria NPL Youth League,Australia,Victoria NPL Youth League,13845,2025
data,Australia Western Australia NPL Youth League,Australia,Western Australia NPL Youth League,2006,2019
data,Australia Western Australia NPL Youth League,Australia,Western Australia NPL Youth League,3776,2020
data,Australia Western Australia NPL Youth League,Australia,Western Australia NPL Youth League,5715,2021
data,Australia Western Australia NPL Youth League,Australia,Western Australia NPL Youth League,7188,2022
data,Australia Western Australia NPL Youth League,Australia,Western Australia NPL Youth League,9103,2023
data,Australia Western Australia NPL Youth League,Australia,Western Australia NPL Youth League,11131,2024
data,Australia Western Australia NPL Youth League,Australia,Western Australia NPL Youth League,14199,2025
data,Australia New South Wales NPL Youth League,Australia,New South Wales NPL Youth League,2007,2019
data,Australia New South Wales NPL Youth League,Australia,New South Wales NPL Youth League,3655,2020
data,Australia New South Wales NPL Youth League,Australia,New South Wales NPL Youth League,5447,2021
data,Australia New South Wales NPL Youth League,Australia,New South Wales NPL Youth League,6891,2022
data,Australia New South Wales NPL Youth League,Australia,New South Wales NPL Youth League,8793,2023
data,Australia New South Wales NPL Youth League,Australia,New South Wales NPL Youth League,10953,2024
data,Australia New South Wales NPL Youth League,Australia,New South Wales NPL Youth League,13980,2025
data,Australia Northern NSW NPL Youth League,Australia,Northern NSW NPL Youth League,2008,2019
data,Australia Capital Territory NPL Youth League,Australia,Capital Territory NPL Youth League,2009,2019
data,Australia Capital Territory NPL Youth League,Australia,Capital Territory NPL Youth League,3779,2020
data,Australia Capital Territory NPL Youth League,Australia,Capital Territory NPL Youth League,5402,2021
data,Australia Capital Territory NPL Youth League,Australia,Capital Territory NPL Youth League,7086,2022
data,Australia Capital Territory NPL Youth League,Australia,Capital Territory NPL Youth League,8780,2023
data,Australia Capital Territory NPL Youth League,Australia,Capital Territory NPL Youth League,11026,2024
data,Australia Capital Territory NPL Youth League,Australia,Capital Territory NPL Youth League,14048,2025
data,International Africa Cup of Nations,International,Africa Cup of Nations,2017,2019
data,International Africa Cup of Nations,International,Africa Cup of Nations,6838,2021
data,International Africa Cup of Nations,International,Africa Cup of Nations,11071,2023
data,International Africa Cup of Nations,International,Africa Cup of Nations,14175,2025
data,International UEFA Euro U21 Championship,International,UEFA Euro U21 Championship,2040,2019
data,International UEFA Euro U21 Championship,International,UEFA Euro U21 Championship,7431,2021
data,International UEFA Euro U21 Championship,International,UEFA Euro U21 Championship,9576,2023
data,International UEFA Euro U21 Championship,International,UEFA Euro U21 Championship,14729,2025
data,International CONCACAF Gold Cup,International,CONCACAF Gold Cup,2043,2019
data,International CONCACAF Gold Cup,International,CONCACAF Gold Cup,5906,2021
data,International CONCACAF Gold Cup,International,CONCACAF Gold Cup,9228,2023
data,International CONCACAF Gold Cup,International,CONCACAF Gold Cup,14617,2025
data,Canada Canadian Premier League,Canada,Canadian Premier League,2047,2019
data,Canada Canadian Premier League,Canada,Canadian Premier League,3801,2020
data,Canada Canadian Premier League,Canada,Canadian Premier League,6003,2021
data,Canada Canadian Premier League,Canada,Canadian Premier League,7112,2022
data,Canada Canadian Premier League,Canada,Canadian Premier League,8946,2023
data,Canada Canadian Premier League,Canada,Canadian Premier League,11121,2024
data,Canada Canadian Premier League,Canada,Canadian Premier League,14236,2025
data,Australia New South Wales NPL Women,Australia,New South Wales NPL Women,2049,2019
data,Australia New South Wales NPL Women,Australia,New South Wales NPL Women,3657,2020
data,Australia New South Wales NPL Women,Australia,New South Wales NPL Women,5448,2021
data,Australia New South Wales NPL Women,Australia,New South Wales NPL Women,6901,2022
data,Australia New South Wales NPL Women,Australia,New South Wales NPL Women,8985,2023
data,Australia New South Wales NPL Women,Australia,New South Wales NPL Women,10954,2024
data,Australia New South Wales NPL Women,Australia,New South Wales NPL Women,13969,2025
data,Australia Western Australia NPL Women,Australia,Western Australia NPL Women,2050,2019
data,Australia Western Australia NPL Women,Australia,Western Australia NPL Women,4540,2020
data,Australia Western Australia NPL Women,Australia,Western Australia NPL Women,5717,2021
data,Australia Western Australia NPL Women,Australia,Western Australia NPL Women,7211,2022
data,Australia Western Australia NPL Women,Australia,Western Australia NPL Women,9119,2023
data,Australia Western Australia NPL Women,Australia,Western Australia NPL Women,11146,2024
data,Australia Western Australia NPL Women,Australia,Western Australia NPL Women,14178,2025
data,Australia Capital Territory NPL Women,Australia,Capital Territory NPL Women,2051,2019
data,Australia Capital Territory NPL Women,Australia,Capital Territory NPL Women,3635,2020
data,Australia Capital Territory NPL Women,Australia,Capital Territory NPL Women,5401,2021
data,Australia Capital Territory NPL Women,Australia,Capital Territory NPL Women,7189,2022
data,Australia Capital Territory NPL Women,Australia,Capital Territory NPL Women,8753,2023
data,Australia Capital Territory NPL Women,Australia,Capital Territory NPL Women,13561,2024
data,Australia Capital Territory NPL Women,Australia,Capital Territory NPL Women,14004,2025
data,Australia South Australia NPL Women,Australia,South Australia NPL Women,2052,2019
data,Australia South Australia NPL Women,Australia,South Australia NPL Women,3780,2020
data,Australia South Australia NPL Women,Australia,South Australia NPL Women,5716,2021
data,Australia South Australia NPL Women,Australia,South Australia NPL Women,7187,2022
data,Australia South Australia NPL Women,Australia,South Australia NPL Women,8824,2023
data,Australia South Australia NPL Women,Australia,South Australia NPL Women,10964,2024
data,Australia South Australia NPL Women,Australia,South Australia NPL Women,13940,2025
data,Australia Queensland NPL Women,Australia,Queensland NPL Women,2053,2019
data,Australia Queensland NPL Women,Australia,Queensland NPL Women,3781,2020
data,Australia Queensland NPL Women,Australia,Queensland NPL Women,5588,2021
data,Australia Queensland NPL Women,Australia,Queensland NPL Women,7015,2022
data,Australia Queensland NPL Women,Australia,Queensland NPL Women,8888,2023
data,Australia Queensland NPL Women,Australia,Queensland NPL Women,11096,2024
data,Australia Queensland NPL Women,Australia,Queensland NPL Women,13885,2025
data,Australia Victoria NPL Women,Australia,Victoria NPL Women,2054,2019
data,Australia Victoria NPL Women,Australia,Victoria NPL Women,3799,2020
data,Australia Victoria NPL Women,Australia,Victoria NPL Women,5397,2021
data,Australia Victoria NPL Women,Australia,Victoria NPL Women,6897,2022
data,Australia Victoria NPL Women,Australia,Victoria NPL Women,8779,2023
data,Australia Victoria NPL Women,Australia,Victoria NPL Women,10894,2024
data,Australia Victoria NPL Women,Australia,Victoria NPL Women,13839,2025
data,Moldova Moldovan National Division,Moldova,Moldovan National Division,2056,2018
data,Moldova Moldovan National Division,Moldova,Moldovan National Division,2057,2017
data,Moldova Moldovan National Division,Moldova,Moldovan National Division,2058,20162017
data,Moldova Moldovan National Division,Moldova,Moldovan National Division,4437,2019
data,Moldova Moldovan National Division,Moldova,Moldovan National Division,4775,20202021
data,Moldova Moldovan National Division,Moldova,Moldovan National Division,5949,20212022
data,Moldova Moldovan National Division,Moldova,Moldovan National Division,9163,20222023
data,Moldova Moldovan National Division,Moldova,Moldovan National Division,9754,20232024
data,Moldova Moldovan National Division,Moldova,Moldovan National Division,12344,20242025
data,Moldova Moldovan National Division,Moldova,Moldovan National Division,16192,20252026
data,USA USL League Two,USA,USL League Two,2086,2019
data,USA USL League Two,USA,USL League Two,4287,2016
data,USA USL League Two,USA,USL League Two,4289,2015
data,USA USL League Two,USA,USL League Two,4290,2014
data,USA USL League Two,USA,USL League Two,4318,2010
data,USA USL League Two,USA,USL League Two,4321,2013
data,USA USL League Two,USA,USL League Two,4334,2012
data,USA USL League Two,USA,USL League Two,4338,2011
data,USA USL League Two,USA,USL League Two,6347,2021
data,USA USL League Two,USA,USL League Two,7178,2022
data,USA USL League Two,USA,USL League Two,9063,2023
data,USA USL League Two,USA,USL League Two,11286,2024
data,USA USL League Two,USA,USL League Two,14558,2025
data,Bangladesh Bangladesh Football Premier League,Bangladesh,Bangladesh Football Premier League,2088,20172018
data,Bangladesh Bangladesh Football Premier League,Bangladesh,Bangladesh Football Premier League,2089,2016
data,Bangladesh Bangladesh Football Premier League,Bangladesh,Bangladesh Football Premier League,2090,2015
data,Bangladesh Bangladesh Football Premier League,Bangladesh,Bangladesh Football Premier League,2584,20182019
data,Bangladesh Bangladesh Football Premier League,Bangladesh,Bangladesh Football Premier League,3783,2020
data,Bangladesh Bangladesh Football Premier League,Bangladesh,Bangladesh Football Premier League,5463,2021
data,Bangladesh Bangladesh Football Premier League,Bangladesh,Bangladesh Football Premier League,7090,2022
data,Bangladesh Bangladesh Football Premier League,Bangladesh,Bangladesh Football Premier League,8747,20222023
data,Bangladesh Bangladesh Football Premier League,Bangladesh,Bangladesh Football Premier League,10973,20232024
data,Bangladesh Bangladesh Football Premier League,Bangladesh,Bangladesh Football Premier League,13795,20242025
data,Bangladesh Bangladesh Football Premier League,Bangladesh,Bangladesh Football Premier League,16173,20252026
data,Iraq Iraqi Premier League,Iraq,Iraqi Premier League,2100,20172018
data,Iraq Iraqi Premier League,Iraq,Iraqi Premier League,2104,20182019
data,Iraq Iraqi Premier League,Iraq,Iraqi Premier League,2105,20162017
data,Iraq Iraqi Premier League,Iraq,Iraqi Premier League,2895,20192020
data,Iraq Iraqi Premier League,Iraq,Iraqi Premier League,5178,2020
data,Iraq Iraqi Premier League,Iraq,Iraqi Premier League,5179,20202021
data,Iraq Iraqi Premier League,Iraq,Iraqi Premier League,6658,20212022
data,Iraq Iraqi Premier League,Iraq,Iraqi Premier League,8468,20222023
data,Iraq Iraqi Premier League,Iraq,Iraqi Premier League,10813,20232024
data,Iraq Iraqi Premier League,Iraq,Iraqi Premier League,13627,20242025
data,Iraq Iraqi Premier League,Iraq,Iraqi Premier League,16023,20252026
data,Norway Norwegian Football Cup,Norway,Norwegian Football Cup,2106,2018
data,Norway Norwegian Football Cup,Norway,Norwegian Football Cup,2107,2017
data,Norway Norwegian Football Cup,Norway,Norwegian Football Cup,2157,2019
data,Norway Norwegian Football Cup,Norway,Norwegian Football Cup,6952,20212022
data,Norway Norwegian Football Cup,Norway,Norwegian Football Cup,7367,20222023
data,Norway Norwegian Football Cup,Norway,Norwegian Football Cup,9235,20232024
data,Norway Norwegian Football Cup,Norway,Norwegian Football Cup,12002,2024
data,Norway Norwegian Football Cup,Norway,Norwegian Football Cup,14555,2025
data,Norway Norwegian Football Cup,Norway,Norwegian Football Cup,15901,2026
data,Thailand Thai FA Cup,Thailand,Thai FA Cup,2123,2018
data,Thailand Thai FA Cup,Thailand,Thai FA Cup,2124,2019
data,Thailand Thai FA Cup,Thailand,Thai FA Cup,5075,2020
data,Thailand Thai FA Cup,Thailand,Thai FA Cup,6700,20212022
data,Thailand Thai FA Cup,Thailand,Thai FA Cup,8488,20222023
data,Thailand Thai FA Cup,Thailand,Thai FA Cup,10567,20232024
data,Thailand Thai FA Cup,Thailand,Thai FA Cup,13706,20242025
data,Thailand Thai FA Cup,Thailand,Thai FA Cup,16019,20252026
data,USA USL League One,USA,USL League One,2144,2019
data,USA USL League One,USA,USL League One,3711,2020
data,USA USL League One,USA,USL League One,5675,2021
data,USA USL League One,USA,USL League One,6971,2022
data,USA USL League One,USA,USL League One,8842,2023
data,USA USL League One,USA,USL League One,10867,2024
data,USA USL League One,USA,USL League One,13986,2025
data,USA US Open Cup,USA,US Open Cup,2150,2019
data,USA US Open Cup,USA,US Open Cup,3718,2020
data,USA US Open Cup,USA,US Open Cup,7156,2022
data,USA US Open Cup,USA,US Open Cup,8997,2023
data,USA US Open Cup,USA,US Open Cup,11430,2024
data,USA US Open Cup,USA,US Open Cup,14226,2025
data,Brazil Campeonato Mineiro U20,Brazil,Campeonato Mineiro U20,2154,2019
data,Brazil Campeonato Mineiro U20,Brazil,Campeonato Mineiro U20,2155,2018
data,Brazil Campeonato Mineiro U20,Brazil,Campeonato Mineiro U20,2156,2017
data,Brazil Campeonato Mineiro U20,Brazil,Campeonato Mineiro U20,5834,2021
data,Brazil Campeonato Mineiro U20,Brazil,Campeonato Mineiro U20,7365,2022
data,Brazil Campeonato Mineiro U20,Brazil,Campeonato Mineiro U20,9145,2023
data,Brazil Campeonato Mineiro U20,Brazil,Campeonato Mineiro U20,11525,2024
data,Brazil Campeonato Mineiro U20,Brazil,Campeonato Mineiro U20,15864,2025
data,Brazil Carioca 2,Brazil,Carioca 2,2165,2019
data,Brazil Carioca 2,Brazil,Carioca 2,3120,2018
data,Brazil Carioca 2,Brazil,Carioca 2,3122,2017
data,Brazil Carioca 2,Brazil,Carioca 2,3123,2016
data,Brazil Carioca 2,Brazil,Carioca 2,3124,2015
data,Brazil Carioca 2,Brazil,Carioca 2,4858,2020
data,Brazil Carioca 2,Brazil,Carioca 2,5925,2021
data,Brazil Carioca 2,Brazil,Carioca 2,8610,2022
data,Brazil Carioca 2,Brazil,Carioca 2,9892,2023
data,Brazil Carioca 2,Brazil,Carioca 2,13319,2024
data,Brazil Carioca 2,Brazil,Carioca 2,15595,2025
data,Brazil Paranaense 2,Brazil,Paranaense 2,2172,2018
data,Brazil Paranaense 2,Brazil,Paranaense 2,2174,2017
data,Brazil Paranaense 2,Brazil,Paranaense 2,2175,2019
data,Brazil Paranaense 2,Brazil,Paranaense 2,3281,2016
data,Brazil Paranaense 2,Brazil,Paranaense 2,3282,2015
data,Brazil Paranaense 2,Brazil,Paranaense 2,5004,2020
data,Brazil Paranaense 2,Brazil,Paranaense 2,6380,2021
data,Brazil Paranaense 2,Brazil,Paranaense 2,7240,2022
data,Brazil Paranaense 2,Brazil,Paranaense 2,9120,2023
data,Brazil Paranaense 2,Brazil,Paranaense 2,11389,2024
data,Brazil Paranaense 2,Brazil,Paranaense 2,16287,2025
data,Ethiopia Ethiopia Premier League,Ethiopia,Ethiopia Premier League,2177,20172018
data,Ethiopia Ethiopia Premier League,Ethiopia,Ethiopia Premier League,2178,20162017
data,Ethiopia Ethiopia Premier League,Ethiopia,Ethiopia Premier League,3555,20192020
data,Ethiopia Ethiopia Premier League,Ethiopia,Ethiopia Premier League,5215,20182019
data,Ethiopia Ethiopia Premier League,Ethiopia,Ethiopia Premier League,5353,20202021
data,Ethiopia Ethiopia Premier League,Ethiopia,Ethiopia Premier League,6713,20212022
data,Ethiopia Ethiopia Premier League,Ethiopia,Ethiopia Premier League,8093,20222023
data,Ethiopia Ethiopia Premier League,Ethiopia,Ethiopia Premier League,10452,20232024
data,Ethiopia Ethiopia Premier League,Ethiopia,Ethiopia Premier League,13358,20242025
data,USA NPSL,USA,NPSL,2188,2019
data,USA NPSL,USA,NPSL,2190,2018
data,USA NPSL,USA,NPSL,5211,2020
data,USA NPSL,USA,NPSL,6067,2021
data,USA NPSL,USA,NPSL,7176,2022
data,USA NPSL,USA,NPSL,9299,2023
data,USA NPSL,USA,NPSL,11298,2024
data,USA NPSL,USA,NPSL,16181,2025
data,Europe UEFA Super Cup,Europe,UEFA Super Cup,2198,20192020
data,Europe UEFA Super Cup,Europe,UEFA Super Cup,4038,20162017
data,Europe UEFA Super Cup,Europe,UEFA Super Cup,4039,20152016
data,Europe UEFA Super Cup,Europe,UEFA Super Cup,4040,20122013
data,Europe UEFA Super Cup,Europe,UEFA Super Cup,4041,20142015
data,Europe UEFA Super Cup,Europe,UEFA Super Cup,4042,20112012
data,Europe UEFA Super Cup,Europe,UEFA Super Cup,4043,20132014
data,Europe UEFA Super Cup,Europe,UEFA Super Cup,4044,20102011
data,Europe UEFA Super Cup,Europe,UEFA Super Cup,4045,20092010
data,Europe UEFA Super Cup,Europe,UEFA Super Cup,4068,20182019
data,Europe UEFA Super Cup,Europe,UEFA Super Cup,4069,20172018
data,Europe UEFA Super Cup,Europe,UEFA Super Cup,4875,20202021
data,Europe UEFA Super Cup,Europe,UEFA Super Cup,6170,20212022
data,Europe UEFA Super Cup,Europe,UEFA Super Cup,7369,20222023
data,Europe UEFA Super Cup,Europe,UEFA Super Cup,9539,20232024
data,Europe UEFA Super Cup,Europe,UEFA Super Cup,12053,20242025
data,Europe UEFA Super Cup,Europe,UEFA Super Cup,14800,20252026
data,USA WPSL,USA,WPSL,2200,2019
data,USA WPSL,USA,WPSL,2201,2018
data,USA WPSL,USA,WPSL,5822,2021
data,USA WPSL,USA,WPSL,7524,2022
data,USA WPSL,USA,WPSL,9139,2023
data,USA WPSL,USA,WPSL,11406,2024
data,USA WPSL,USA,WPSL,14828,2025
data,Spain Tercera Group 1,Spain,Tercera Group 1,2208,20182019
data,Spain Tercera Group 1,Spain,Tercera Group 1,2538,20192020
data,Spain Tercera Group 1,Spain,Tercera Group 1,5142,20202021
data,Spain Tercera Group 1,Spain,Tercera Group 1,6493,20212022
data,Spain Tercera Group 1,Spain,Tercera Group 1,8169,20222023
data,Spain Tercera Group 1,Spain,Tercera Group 1,10131,20232024
data,Spain Tercera Group 1,Spain,Tercera Group 1,13128,20242025
data,Spain Tercera Group 1,Spain,Tercera Group 1,15579,20252026
data,Gambia GFA League,Gambia,GFA League,2213,20182019
data,Gambia GFA League,Gambia,GFA League,3582,20192020
data,Gambia GFA League,Gambia,GFA League,5378,20202021
data,Gambia GFA League,Gambia,GFA League,6750,20212022
data,Gambia GFA League,Gambia,GFA League,8847,2023
data,Gambia GFA League,Gambia,GFA League,10818,20232024
data,Gambia GFA League,Gambia,GFA League,16198,20242025
data,Spain Tercera Group 6,Spain,Tercera Group 6,2232,20182019
data,Spain Tercera Group 6,Spain,Tercera Group 6,2692,20192020
data,Spain Tercera Group 6,Spain,Tercera Group 6,5117,20202021
data,Spain Tercera Group 6,Spain,Tercera Group 6,6504,20212022
data,Spain Tercera Group 6,Spain,Tercera Group 6,8020,20222023
data,Spain Tercera Group 6,Spain,Tercera Group 6,10141,20232024
data,Spain Tercera Group 6,Spain,Tercera Group 6,13333,20242025
data,Spain Tercera Group 6,Spain,Tercera Group 6,15565,20252026
data,Spain Tercera Group 7,Spain,Tercera Group 7,2235,20182019
data,Spain Tercera Group 7,Spain,Tercera Group 7,2544,20192020
data,Spain Tercera Group 7,Spain,Tercera Group 7,5119,20202021
data,Spain Tercera Group 7,Spain,Tercera Group 7,6505,20212022
data,Spain Tercera Group 7,Spain,Tercera Group 7,8170,20222023
data,Spain Tercera Group 7,Spain,Tercera Group 7,10208,20232024
data,Spain Tercera Group 7,Spain,Tercera Group 7,13249,20242025
data,Spain Tercera Group 7,Spain,Tercera Group 7,15610,20252026
data,Maldives Dhivehi Premier League,Maldives,Dhivehi Premier League,2238,2019
data,Maldives Dhivehi Premier League,Maldives,Dhivehi Premier League,3567,2020
data,Maldives Dhivehi Premier League,Maldives,Dhivehi Premier League,5778,20202021
data,Maldives Dhivehi Premier League,Maldives,Dhivehi Premier League,7126,2022
data,Maldives Dhivehi Premier League,Maldives,Dhivehi Premier League,9311,2023
data,Turkey U21 Süper Lig,Turkey,U21 Süper Lig,2300,20182019
data,Turkey U21 1. Lig,Turkey,U21 1. Lig,2302,20182019
data,Iceland 1. Deild Women,Iceland,1. Deild Women,2310,2019
data,Iceland 1. Deild Women,Iceland,1. Deild Women,3116,2018
data,Iceland 1. Deild Women,Iceland,1. Deild Women,3117,2017
data,Iceland 1. Deild Women,Iceland,1. Deild Women,3118,2016
data,Iceland 1. Deild Women,Iceland,1. Deild Women,4476,2020
data,Iceland 1. Deild Women,Iceland,1. Deild Women,5577,2021
data,Iceland 1. Deild Women,Iceland,1. Deild Women,6921,2022
data,Iceland 1. Deild Women,Iceland,1. Deild Women,8794,2023
data,Iceland 1. Deild Women,Iceland,1. Deild Women,11001,2024
data,Iceland 1. Deild Women,Iceland,1. Deild Women,14046,2025
data,Slovakia U19 League,Slovakia,U19 League,2326,20192020
data,Slovakia U19 League,Slovakia,U19 League,3175,20182019
data,Slovakia U19 League,Slovakia,U19 League,3176,20172018
data,Slovakia U19 League,Slovakia,U19 League,3177,20162017
data,Slovakia U19 League,Slovakia,U19 League,3178,20152016
data,Slovakia U19 League,Slovakia,U19 League,4630,20202021
data,Slovakia U19 League,Slovakia,U19 League,6305,20212022
data,Slovakia U19 League,Slovakia,U19 League,8034,20222023
data,Slovakia U19 League,Slovakia,U19 League,9644,20232024
data,Slovakia U19 League,Slovakia,U19 League,12364,20242025
data,Slovakia U19 League,Slovakia,U19 League,15134,20252026
data,Spain Tercera Group 8,Spain,Tercera Group 8,2333,20182019
data,Spain Tercera Group 8,Spain,Tercera Group 8,2691,20192020
data,Spain Tercera Group 8,Spain,Tercera Group 8,5121,20202021
data,Spain Tercera Group 8,Spain,Tercera Group 8,6513,20212022
data,Spain Tercera Group 8,Spain,Tercera Group 8,8050,20222023
data,Spain Tercera Group 8,Spain,Tercera Group 8,10142,20232024
data,Spain Tercera Group 8,Spain,Tercera Group 8,13040,20242025
data,Spain Tercera Group 8,Spain,Tercera Group 8,15574,20252026
data,Spain Tercera Group 9,Spain,Tercera Group 9,2335,20182019
data,Spain Tercera Group 9,Spain,Tercera Group 9,2693,20192020
data,Spain Tercera Group 9,Spain,Tercera Group 9,5144,20202021
data,Spain Tercera Group 9,Spain,Tercera Group 9,6514,20212022
data,Spain Tercera Group 9,Spain,Tercera Group 9,8188,20222023
data,Spain Tercera Group 9,Spain,Tercera Group 9,10213,20232024
data,Spain Tercera Group 9,Spain,Tercera Group 9,13483,20242025
data,Spain Tercera Group 9,Spain,Tercera Group 9,15715,20252026
data,England FA Women's Championship,England,FA Women's Championship,2339,20192020
data,England FA Women's Championship,England,FA Women's Championship,3128,2017
data,England FA Women's Championship,England,FA Women's Championship,3129,2016
data,England FA Women's Championship,England,FA Women's Championship,3130,2015
data,England FA Women's Championship,England,FA Women's Championship,3883,20172018
data,England FA Women's Championship,England,FA Women's Championship,3884,20182019
data,England FA Women's Championship,England,FA Women's Championship,4659,20202021
data,England FA Women's Championship,England,FA Women's Championship,6174,20212022
data,England FA Women's Championship,England,FA Women's Championship,7777,20222023
data,England FA Women's Championship,England,FA Women's Championship,9891,20232024
data,England FA Women's Championship,England,FA Women's Championship,12802,20242025
data,England FA Women's Championship,England,FA Women's Championship,16016,20252026
data,Spain Tercera Group 10,Spain,Tercera Group 10,2343,20182019
data,Spain Tercera Group 10,Spain,Tercera Group 10,2685,20192020
data,Spain Tercera Group 10,Spain,Tercera Group 10,5124,20202021
data,Spain Tercera Group 10,Spain,Tercera Group 10,6515,20212022
data,Spain Tercera Group 10,Spain,Tercera Group 10,8189,20222023
data,Spain Tercera Group 10,Spain,Tercera Group 10,10212,20232024
data,Spain Tercera Group 10,Spain,Tercera Group 10,13679,20242025
data,Spain Tercera Group 10,Spain,Tercera Group 10,15697,20252026
data,Asia Premier League Asia Trophy,Asia,Premier League Asia Trophy,2344,2019
data,Spain Tercera Group 11,Spain,Tercera Group 11,2346,20182019
data,Spain Tercera Group 11,Spain,Tercera Group 11,2549,20192020
data,Spain Tercera Group 11,Spain,Tercera Group 11,5127,20202021
data,Spain Tercera Group 11,Spain,Tercera Group 11,6523,20212022
data,Spain Tercera Group 11,Spain,Tercera Group 11,7921,20222023
data,Spain Tercera Group 11,Spain,Tercera Group 11,10134,20232024
data,Spain Tercera Group 11,Spain,Tercera Group 11,13041,20242025
data,Spain Tercera Group 11,Spain,Tercera Group 11,15560,20252026
data,Belgium Belgian Super Cup,Belgium,Belgian Super Cup,2351,20192020
data,Belgium Belgian Super Cup,Belgium,Belgian Super Cup,4292,20182019
data,Belgium Belgian Super Cup,Belgium,Belgian Super Cup,4293,20172018
data,Belgium Belgian Super Cup,Belgium,Belgian Super Cup,4294,20162017
data,Belgium Belgian Super Cup,Belgium,Belgian Super Cup,4295,20152016
data,Belgium Belgian Super Cup,Belgium,Belgian Super Cup,4296,20142015
data,Belgium Belgian Super Cup,Belgium,Belgian Super Cup,4297,20132014
data,Belgium Belgian Super Cup,Belgium,Belgian Super Cup,4298,20122013
data,Belgium Belgian Super Cup,Belgium,Belgian Super Cup,4299,20112012
data,Belgium Belgian Super Cup,Belgium,Belgian Super Cup,4300,20102011
data,Belgium Belgian Super Cup,Belgium,Belgian Super Cup,4301,20092010
data,Belgium Belgian Super Cup,Belgium,Belgian Super Cup,6000,20212022
data,Belgium Belgian Super Cup,Belgium,Belgian Super Cup,7478,20222023
data,Belgium Belgian Super Cup,Belgium,Belgian Super Cup,9546,20232024
data,Belgium Belgian Super Cup,Belgium,Belgian Super Cup,12101,20242025
data,Belgium Belgian Super Cup,Belgium,Belgian Super Cup,15154,20252026
data,Russia Russian Super Cup,Russia,Russian Super Cup,2352,2019
data,Russia Russian Super Cup,Russia,Russian Super Cup,4551,2020
data,Russia Russian Super Cup,Russia,Russian Super Cup,5945,2021
data,Russia Russian Super Cup,Russia,Russian Super Cup,7446,2022
data,Russia Russian Super Cup,Russia,Russian Super Cup,9529,2023
data,Russia Russian Super Cup,Russia,Russian Super Cup,12056,2024
data,Russia Russian Super Cup,Russia,Russian Super Cup,16324,20252026
data,Turkey Turkish Super Cup,Turkey,Turkish Super Cup,2353,20192020
data,Turkey Turkish Super Cup,Turkey,Turkish Super Cup,5440,20202021
data,Turkey Turkish Super Cup,Turkey,Turkish Super Cup,6964,20212022
data,Turkey Turkish Super Cup,Turkey,Turkish Super Cup,7466,20222023
data,Turkey Turkish Super Cup,Turkey,Turkish Super Cup,10811,20232024
data,Turkey Turkish Super Cup,Turkey,Turkish Super Cup,12826,20242025
data,Italy Supercoppa Italiana,Italy,Supercoppa Italiana,2354,20182019
data,Italy Supercoppa Italiana,Italy,Supercoppa Italiana,3803,20192020
data,Italy Supercoppa Italiana,Italy,Supercoppa Italiana,3894,20172018
data,Italy Supercoppa Italiana,Italy,Supercoppa Italiana,3895,20162017
data,Italy Supercoppa Italiana,Italy,Supercoppa Italiana,3896,20152016
data,Italy Supercoppa Italiana,Italy,Supercoppa Italiana,3897,20142015
data,Italy Supercoppa Italiana,Italy,Supercoppa Italiana,3898,20132014
data,Italy Supercoppa Italiana,Italy,Supercoppa Italiana,3899,20122013
data,Italy Supercoppa Italiana,Italy,Supercoppa Italiana,3900,20112012
data,Italy Supercoppa Italiana,Italy,Supercoppa Italiana,3901,20102011
data,Italy Supercoppa Italiana,Italy,Supercoppa Italiana,3902,20092010
data,Italy Supercoppa Italiana,Italy,Supercoppa Italiana,5283,20202021
data,Italy Supercoppa Italiana,Italy,Supercoppa Italiana,6755,20212022
data,Italy Supercoppa Italiana,Italy,Supercoppa Italiana,7653,20222023
data,Italy Supercoppa Italiana,Italy,Supercoppa Italiana,11036,20232024
data,Italy Supercoppa Italiana,Italy,Supercoppa Italiana,13678,20242025
data,Italy Supercoppa Italiana,Italy,Supercoppa Italiana,16107,20252026
data,Portugal Portuguese Super Cup,Portugal,Portuguese Super Cup,2355,20192020
data,Portugal Portuguese Super Cup,Portugal,Portuguese Super Cup,4882,20202021
data,Portugal Portuguese Super Cup,Portugal,Portuguese Super Cup,5947,20212022
data,Portugal Portuguese Super Cup,Portugal,Portuguese Super Cup,7368,20222023
data,Portugal Portuguese Super Cup,Portugal,Portuguese Super Cup,9420,20232024
data,Portugal Portuguese Super Cup,Portugal,Portuguese Super Cup,12050,20242025
data,Portugal Portuguese Super Cup,Portugal,Portuguese Super Cup,15380,20252026
data,Portugal Taça de Portugal,Portugal,Taça de Portugal,2357,20182019
data,Portugal Taça de Portugal,Portugal,Taça de Portugal,2721,20192020
data,Portugal Taça de Portugal,Portugal,Taça de Portugal,3185,20172018
data,Portugal Taça de Portugal,Portugal,Taça de Portugal,3187,20162017
data,Portugal Taça de Portugal,Portugal,Taça de Portugal,3189,20152016
data,Portugal Taça de Portugal,Portugal,Taça de Portugal,3191,20142015
data,Portugal Taça de Portugal,Portugal,Taça de Portugal,4278,20132014
data,Portugal Taça de Portugal,Portugal,Taça de Portugal,4280,20122013
data,Portugal Taça de Portugal,Portugal,Taça de Portugal,4281,20112012
data,Portugal Taça de Portugal,Portugal,Taça de Portugal,4285,20102011
data,Portugal Taça de Portugal,Portugal,Taça de Portugal,4286,20092010
data,Portugal Taça de Portugal,Portugal,Taça de Portugal,5055,20202021
data,Portugal Taça de Portugal,Portugal,Taça de Portugal,6299,20212022
data,Portugal Taça de Portugal,Portugal,Taça de Portugal,8441,20222023
data,Portugal Taça de Portugal,Portugal,Taça de Portugal,10312,20232024
data,Portugal Taça de Portugal,Portugal,Taça de Portugal,13132,20242025
data,Portugal Taça de Portugal,Portugal,Taça de Portugal,16147,20252026
data,Turkey Turkish Cup,Turkey,Turkish Cup,2363,20182019
data,Turkey Turkish Cup,Turkey,Turkish Cup,5260,20202021
data,Turkey Turkish Cup,Turkey,Turkish Cup,6051,20192020
data,Turkey Turkish Cup,Turkey,Turkish Cup,6538,20212022
data,Turkey Turkish Cup,Turkey,Turkish Cup,8364,20222023
data,Turkey Turkish Cup,Turkey,Turkish Cup,10704,20232024
data,Turkey Turkish Cup,Turkey,Turkish Cup,13549,20242025
data,Turkey Turkish Cup,Turkey,Turkish Cup,15932,20252026
data,Netherlands Derde Divisie Zondag,Netherlands,Derde Divisie Zondag,2379,20182019
data,Netherlands Derde Divisie Zondag,Netherlands,Derde Divisie Zondag,2394,20192020
data,Netherlands Derde Divisie Zondag,Netherlands,Derde Divisie Zondag,4852,20202021
data,Netherlands Derde Divisie Zondag,Netherlands,Derde Divisie Zondag,6412,20212022
data,Netherlands Derde Divisie Zondag,Netherlands,Derde Divisie Zondag,7722,20222023
data,Netherlands Derde Divisie Zondag,Netherlands,Derde Divisie Zondag,9742,20232024
data,Netherlands Derde Divisie Zondag,Netherlands,Derde Divisie Zondag,12656,20242025
data,Netherlands Derde Divisie Zondag,Netherlands,Derde Divisie Zondag,15151,20252026
data,Netherlands Derde Divisie Zaterdag,Netherlands,Derde Divisie Zaterdag,2380,20182019
data,Netherlands Derde Divisie Zaterdag,Netherlands,Derde Divisie Zaterdag,2395,20192020
data,Netherlands Derde Divisie Zaterdag,Netherlands,Derde Divisie Zaterdag,4853,20202021
data,Netherlands Derde Divisie Zaterdag,Netherlands,Derde Divisie Zaterdag,6414,20212022
data,Netherlands Derde Divisie Zaterdag,Netherlands,Derde Divisie Zaterdag,7723,20222023
data,Netherlands Derde Divisie Zaterdag,Netherlands,Derde Divisie Zaterdag,9744,20232024
data,Netherlands Derde Divisie Zaterdag,Netherlands,Derde Divisie Zaterdag,12672,20242025
data,Netherlands Derde Divisie Zaterdag,Netherlands,Derde Divisie Zaterdag,15120,20252026
data,Mexico Copa MX,Mexico,Copa MX,2391,20192020
data,Mexico Copa MX,Mexico,Copa MX,2591,20182019
data,Mexico Copa MX,Mexico,Copa MX,4304,20172018
data,Mexico Copa MX,Mexico,Copa MX,4305,20122013
data,Mexico Copa MX,Mexico,Copa MX,4317,20162017
data,Mexico Copa MX,Mexico,Copa MX,4327,20152016
data,Mexico Copa MX,Mexico,Copa MX,4333,20142015
data,Mexico Copa MX,Mexico,Copa MX,4339,20132014
data,Netherlands KNVB Cup,Netherlands,KNVB Cup,2401,20182019
data,Netherlands KNVB Cup,Netherlands,KNVB Cup,2402,20192020
data,Netherlands KNVB Cup,Netherlands,KNVB Cup,4259,20172018
data,Netherlands KNVB Cup,Netherlands,KNVB Cup,4263,20162017
data,Netherlands KNVB Cup,Netherlands,KNVB Cup,4266,20142015
data,Netherlands KNVB Cup,Netherlands,KNVB Cup,4268,20132014
data,Netherlands KNVB Cup,Netherlands,KNVB Cup,4270,20122013
data,Netherlands KNVB Cup,Netherlands,KNVB Cup,4272,20112012
data,Netherlands KNVB Cup,Netherlands,KNVB Cup,4275,20102011
data,Netherlands KNVB Cup,Netherlands,KNVB Cup,4276,20092010
data,Netherlands KNVB Cup,Netherlands,KNVB Cup,4747,20202021
data,Netherlands KNVB Cup,Netherlands,KNVB Cup,6141,20212022
data,Netherlands KNVB Cup,Netherlands,KNVB Cup,7900,20222023
data,Netherlands KNVB Cup,Netherlands,KNVB Cup,10277,20232024
data,Netherlands KNVB Cup,Netherlands,KNVB Cup,12799,20242025
data,Netherlands KNVB Cup,Netherlands,KNVB Cup,16009,20252026
data,International UEFA Euro U19 Championship,International,UEFA Euro U19 Championship,2418,2019
data,International UEFA Euro U19 Championship,International,UEFA Euro U19 Championship,2940,2020
data,International UEFA Euro U19 Championship,International,UEFA Euro U19 Championship,7471,2022
data,International UEFA Euro U19 Championship,International,UEFA Euro U19 Championship,12953,2024
data,International UEFA Euro U19 Championship,International,UEFA Euro U19 Championship,14636,2025
data,France Coupe de la Ligue,France,Coupe de la Ligue,2426,20192020
data,Portugal Portuguese League Cup,Portugal,Portuguese League Cup,2431,20192020
data,Portugal Portuguese League Cup,Portugal,Portuguese League Cup,5371,20202021
data,Portugal Portuguese League Cup,Portugal,Portuguese League Cup,6107,20212022
data,Portugal Portuguese League Cup,Portugal,Portuguese League Cup,8460,20222023
data,Portugal Portuguese League Cup,Portugal,Portuguese League Cup,9683,20232024
data,Portugal Portuguese League Cup,Portugal,Portuguese League Cup,12284,20242025
data,Portugal Portuguese League Cup,Portugal,Portuguese League Cup,15173,20252026
data,Belgium First Amateur Division,Belgium,First Amateur Division,2436,20182019
data,Belgium First Amateur Division,Belgium,First Amateur Division,2437,20172018
data,Belgium First Amateur Division,Belgium,First Amateur Division,2452,20192020
data,Belgium First Amateur Division,Belgium,First Amateur Division,4856,20202021
data,Belgium First Amateur Division,Belgium,First Amateur Division,6369,20212022
data,Belgium First Amateur Division,Belgium,First Amateur Division,7848,20222023
data,Belgium First Amateur Division,Belgium,First Amateur Division,9572,20232024
data,Belgium First Amateur Division,Belgium,First Amateur Division,12550,20242025
data,Belgium First Amateur Division,Belgium,First Amateur Division,15877,20252026
data,Greece Greek Football Cup,Greece,Greek Football Cup,2442,20182019
data,Greece Greek Football Cup,Greece,Greek Football Cup,6570,20212022
data,Greece Greek Football Cup,Greece,Greek Football Cup,8253,20222023
data,Greece Greek Football Cup,Greece,Greek Football Cup,10492,20232024
data,Greece Greek Football Cup,Greece,Greek Football Cup,13381,20242025
data,Greece Greek Football Cup,Greece,Greek Football Cup,13737,20192020
data,Greece Greek Football Cup,Greece,Greek Football Cup,14163,20202021
data,Greece Greek Football Cup,Greece,Greek Football Cup,15734,20252026
data,Belgium Second Amateur Division : ACFF,Belgium,Second Amateur Division : ACFF,2453,20192020
data,Belgium Second Amateur Division : ACFF,Belgium,Second Amateur Division : ACFF,4862,20202021
data,Belgium Second Amateur Division : ACFF,Belgium,Second Amateur Division : ACFF,6371,20212022
data,Belgium Second Amateur Division : ACFF,Belgium,Second Amateur Division : ACFF,7914,20222023
data,Belgium Second Amateur Division : ACFF,Belgium,Second Amateur Division : ACFF,9652,20232024
data,Belgium Second Amateur Division : ACFF,Belgium,Second Amateur Division : ACFF,12594,20242025
data,Belgium Second Amateur Division : ACFF,Belgium,Second Amateur Division : ACFF,15883,20252026
data,Belgium Second Amateur Division : VFV A,Belgium,Second Amateur Division : VFV A,2454,20192020
data,Belgium Second Amateur Division : VFV A,Belgium,Second Amateur Division : VFV A,4863,20202021
data,Belgium Second Amateur Division : VFV A,Belgium,Second Amateur Division : VFV A,6372,20212022
data,Belgium Second Amateur Division : VFV A,Belgium,Second Amateur Division : VFV A,7915,20222023
data,Belgium Second Amateur Division : VFV A,Belgium,Second Amateur Division : VFV A,9684,20232024
data,Belgium Second Amateur Division : VFV A,Belgium,Second Amateur Division : VFV A,13451,20242025
data,Belgium Second Amateur Division : VFV A,Belgium,Second Amateur Division : VFV A,15048,20252026
data,Belgium Second Amateur Division : VFV B,Belgium,Second Amateur Division : VFV B,2455,20192020
data,Belgium Second Amateur Division : VFV B,Belgium,Second Amateur Division : VFV B,4864,20202021
data,Belgium Second Amateur Division : VFV B,Belgium,Second Amateur Division : VFV B,6373,20212022
data,Belgium Second Amateur Division : VFV B,Belgium,Second Amateur Division : VFV B,8153,20222023
data,Belgium Second Amateur Division : VFV B,Belgium,Second Amateur Division : VFV B,9694,20232024
data,Belgium Second Amateur Division : VFV B,Belgium,Second Amateur Division : VFV B,12599,20242025
data,Belgium Second Amateur Division : VFV B,Belgium,Second Amateur Division : VFV B,15879,20252026
data,Finland Finnish Cup,Finland,Finnish Cup,2458,2019
data,Finland Finnish Cup,Finland,Finnish Cup,3559,2020
data,Finland Finnish Cup,Finland,Finnish Cup,7462,2021
data,Finland Finnish Cup,Finland,Finnish Cup,14432,2025
data,Finland Finnish Cup,Finland,Finnish Cup,14439,2024
data,Finland Finnish Cup,Finland,Finnish Cup,14440,2022
data,Finland Finnish Cup,Finland,Finnish Cup,14443,2023
data,Spain Tercera Group 12,Spain,Tercera Group 12,2479,20182019
data,Spain Tercera Group 12,Spain,Tercera Group 12,2686,20192020
data,Spain Tercera Group 12,Spain,Tercera Group 12,5230,20202021
data,Spain Tercera Group 12,Spain,Tercera Group 12,6524,20212022
data,Spain Tercera Group 12,Spain,Tercera Group 12,8190,20222023
data,Spain Tercera Group 12,Spain,Tercera Group 12,10263,20232024
data,Spain Tercera Group 12,Spain,Tercera Group 12,13138,20242025
data,Spain Tercera Group 12,Spain,Tercera Group 12,15765,20252026
data,Spain Tercera Group 13,Spain,Tercera Group 13,2481,20182019
data,Spain Tercera Group 13,Spain,Tercera Group 13,2681,20192020
data,Spain Tercera Group 13,Spain,Tercera Group 13,5145,20202021
data,Spain Tercera Group 13,Spain,Tercera Group 13,6525,20212022
data,Spain Tercera Group 13,Spain,Tercera Group 13,8243,20222023
data,Spain Tercera Group 13,Spain,Tercera Group 13,10304,20232024
data,Spain Tercera Group 13,Spain,Tercera Group 13,13199,20242025
data,Spain Tercera Group 13,Spain,Tercera Group 13,16033,20252026
data,Spain Tercera Group 14,Spain,Tercera Group 14,2483,20182019
data,Spain Tercera Group 14,Spain,Tercera Group 14,2552,20192020
data,Spain Tercera Group 14,Spain,Tercera Group 14,5918,20202021
data,Spain Tercera Group 14,Spain,Tercera Group 14,6531,20212022
data,Spain Tercera Group 14,Spain,Tercera Group 14,8167,20222023
data,Spain Tercera Group 14,Spain,Tercera Group 14,10151,20232024
data,Spain Tercera Group 14,Spain,Tercera Group 14,13107,20242025
data,Spain Tercera Group 14,Spain,Tercera Group 14,15578,20252026
data,Spain Tercera Group 15,Spain,Tercera Group 15,2486,20182019
data,Spain Tercera Group 15,Spain,Tercera Group 15,2553,20192020
data,Spain Tercera Group 15,Spain,Tercera Group 15,5133,20202021
data,Spain Tercera Group 15,Spain,Tercera Group 15,6532,20212022
data,Spain Tercera Group 15,Spain,Tercera Group 15,8722,20222023
data,Spain Tercera Group 15,Spain,Tercera Group 15,10152,20232024
data,Spain Tercera Group 15,Spain,Tercera Group 15,13129,20242025
data,Spain Tercera Group 15,Spain,Tercera Group 15,15708,20252026
data,Spain Tercera Group 16,Spain,Tercera Group 16,2489,20182019
data,Spain Tercera Group 16,Spain,Tercera Group 16,2554,20192020
data,Spain Tercera Group 16,Spain,Tercera Group 16,5146,20202021
data,Spain Tercera Group 16,Spain,Tercera Group 16,6533,20212022
data,Spain Tercera Group 16,Spain,Tercera Group 16,8193,20222023
data,Spain Tercera Group 16,Spain,Tercera Group 16,10307,20232024
data,Spain Tercera Group 16,Spain,Tercera Group 16,13196,20242025
data,Spain Tercera Group 16,Spain,Tercera Group 16,15576,20252026
data,Spain Tercera Group 17,Spain,Tercera Group 17,2491,20182019
data,Spain Tercera Group 17,Spain,Tercera Group 17,2555,20192020
data,Spain Tercera Group 17,Spain,Tercera Group 17,5137,20202021
data,Spain Tercera Group 17,Spain,Tercera Group 17,6534,20212022
data,Spain Tercera Group 17,Spain,Tercera Group 17,8139,20222023
data,Spain Tercera Group 17,Spain,Tercera Group 17,10143,20232024
data,Spain Tercera Group 17,Spain,Tercera Group 17,13038,20242025
data,Spain Tercera Group 17,Spain,Tercera Group 17,15564,20252026
data,Spain Tercera Group 18,Spain,Tercera Group 18,2494,20182019
data,Spain Tercera Group 18,Spain,Tercera Group 18,2696,20192020
data,Spain Tercera Group 18,Spain,Tercera Group 18,5139,20202021
data,Spain Tercera Group 18,Spain,Tercera Group 18,6537,20212022
data,Spain Tercera Group 18,Spain,Tercera Group 18,8168,20222023
data,Spain Tercera Group 18,Spain,Tercera Group 18,10268,20232024
data,Spain Tercera Group 18,Spain,Tercera Group 18,13192,20242025
data,Spain Tercera Group 18,Spain,Tercera Group 18,15572,20252026
data,Spain Tercera Group 5,Spain,Tercera Group 5,2504,20182019
data,Spain Tercera Group 5,Spain,Tercera Group 5,2694,20192020
data,Spain Tercera Group 5,Spain,Tercera Group 5,5115,20202021
data,Spain Tercera Group 5,Spain,Tercera Group 5,6497,20212022
data,Spain Tercera Group 5,Spain,Tercera Group 5,10140,20232024
data,Spain Tercera Group 5,Spain,Tercera Group 5,13045,20242025
data,Spain Tercera Group 5,Spain,Tercera Group 5,14401,20222023
data,Spain Tercera Group 5,Spain,Tercera Group 5,15580,20252026
data,Russia Russian Cup,Russia,Russian Cup,2508,20192020
data,Russia Russian Cup,Russia,Russian Cup,4554,20202021
data,Russia Russian Cup,Russia,Russian Cup,6445,20212022
data,Russia Russian Cup,Russia,Russian Cup,8310,20222023
data,Russia Russian Cup,Russia,Russian Cup,10149,20232024
data,Russia Russian Cup,Russia,Russian Cup,12690,20242025
data,Russia Russian Cup,Russia,Russian Cup,14979,20252026
data,Jamaica Jamaica National Premier League,Jamaica,Jamaica National Premier League,2511,20182019
data,Jamaica Jamaica National Premier League,Jamaica,Jamaica National Premier League,2848,20192020
data,Jamaica Jamaica National Premier League,Jamaica,Jamaica National Premier League,6039,2021
data,Jamaica Jamaica National Premier League,Jamaica,Jamaica National Premier League,6934,2022
data,Jamaica Jamaica National Premier League,Jamaica,Jamaica National Premier League,8527,20222023
data,Jamaica Jamaica National Premier League,Jamaica,Jamaica National Premier League,10807,20232024
data,Jamaica Jamaica National Premier League,Jamaica,Jamaica National Premier League,13595,20242025
data,Jamaica Jamaica National Premier League,Jamaica,Jamaica National Premier League,15912,20252026
data,Panama LPF,Panama,LPF,2517,20182019
data,Panama LPF,Panama,LPF,3317,20162017
data,Panama LPF,Panama,LPF,3318,20152016
data,Panama LPF,Panama,LPF,3319,20142015
data,Panama LPF,Panama,LPF,3869,2020
data,Panama LPF,Panama,LPF,5443,2021
data,Panama LPF,Panama,LPF,7056,2022
data,Panama LPF,Panama,LPF,8795,2023
data,Panama LPF,Panama,LPF,13685,2024
data,Panama LPF,Panama,LPF,16177,2025
data,Spain Tercera Group 2,Spain,Tercera Group 2,2539,20192020
data,Spain Tercera Group 2,Spain,Tercera Group 2,5111,20202021
data,Spain Tercera Group 2,Spain,Tercera Group 2,6494,20212022
data,Spain Tercera Group 2,Spain,Tercera Group 2,7441,20182019
data,Spain Tercera Group 2,Spain,Tercera Group 2,8140,20222023
data,Spain Tercera Group 2,Spain,Tercera Group 2,10132,20232024
data,Spain Tercera Group 2,Spain,Tercera Group 2,13060,20242025
data,Spain Tercera Group 2,Spain,Tercera Group 2,15605,20252026
data,Spain Tercera Group 3,Spain,Tercera Group 3,2540,20192020
data,Spain Tercera Group 3,Spain,Tercera Group 3,6495,20212022
data,Spain Tercera Group 3,Spain,Tercera Group 3,7427,20202021
data,Spain Tercera Group 3,Spain,Tercera Group 3,7429,20182019
data,Spain Tercera Group 3,Spain,Tercera Group 3,8095,20222023
data,Spain Tercera Group 3,Spain,Tercera Group 3,10133,20232024
data,Spain Tercera Group 3,Spain,Tercera Group 3,13043,20242025
data,Spain Tercera Group 3,Spain,Tercera Group 3,15614,20252026
data,Spain Tercera Group 4,Spain,Tercera Group 4,2541,20192020
data,Spain Tercera Group 4,Spain,Tercera Group 4,5143,20202021
data,Spain Tercera Group 4,Spain,Tercera Group 4,6496,20212022
data,Spain Tercera Group 4,Spain,Tercera Group 4,7430,20182019
data,Spain Tercera Group 4,Spain,Tercera Group 4,8097,20222023
data,Spain Tercera Group 4,Spain,Tercera Group 4,10150,20232024
data,Spain Tercera Group 4,Spain,Tercera Group 4,13246,20242025
data,Spain Tercera Group 4,Spain,Tercera Group 4,15612,20252026
data,Slovakia Slovakia Cup,Slovakia,Slovakia Cup,2562,20192020
data,Slovakia Slovakia Cup,Slovakia,Slovakia Cup,4521,20202021
data,Slovakia Slovakia Cup,Slovakia,Slovakia Cup,6114,20212022
data,Slovakia Slovakia Cup,Slovakia,Slovakia Cup,8003,20222023
data,Slovakia Slovakia Cup,Slovakia,Slovakia Cup,10310,20232024
data,Slovakia Slovakia Cup,Slovakia,Slovakia Cup,12687,20242025
data,Slovakia Slovakia Cup,Slovakia,Slovakia Cup,15862,20252026
data,Germany DFL Super Cup,Germany,DFL Super Cup,2589,20192020
data,Germany DFL Super Cup,Germany,DFL Super Cup,4251,20112012
data,Germany DFL Super Cup,Germany,DFL Super Cup,4252,20172018
data,Germany DFL Super Cup,Germany,DFL Super Cup,4253,20182019
data,Germany DFL Super Cup,Germany,DFL Super Cup,4254,20162017
data,Germany DFL Super Cup,Germany,DFL Super Cup,4255,20152016
data,Germany DFL Super Cup,Germany,DFL Super Cup,4256,20142015
data,Germany DFL Super Cup,Germany,DFL Super Cup,4257,20132014
data,Germany DFL Super Cup,Germany,DFL Super Cup,4258,20122013
data,Germany DFL Super Cup,Germany,DFL Super Cup,4877,20202021
data,Germany DFL Super Cup,Germany,DFL Super Cup,5940,20212022
data,Germany DFL Super Cup,Germany,DFL Super Cup,7353,20222023
data,Germany DFL Super Cup,Germany,DFL Super Cup,9531,20232024
data,Germany DFL Super Cup,Germany,DFL Super Cup,12081,20242025
data,Germany DFL Super Cup,Germany,DFL Super Cup,15034,20252026
data,International Women's World Cup,International,Women's World Cup,2590,2019
data,International Women's World Cup,International,Women's World Cup,8585,2023
data,Laos Laos Premier League,Laos,Laos Premier League,2594,2019
data,Laos Laos Premier League,Laos,Laos Premier League,4517,2020
data,Laos Laos Premier League,Laos,Laos Premier League,5669,2021
data,Laos Laos Premier League,Laos,Laos Premier League,7381,2022
data,Laos Laos Premier League,Laos,Laos Premier League,9033,2023
data,Laos Laos Premier League,Laos,Laos Premier League,13339,2024
data,Laos Laos Premier League,Laos,Laos Premier League,15549,20252026
data,Uzbekistan Uzbekistan Super League,Uzbekistan,Uzbekistan Super League,2599,2019
data,Uzbekistan Uzbekistan Super League,Uzbekistan,Uzbekistan Super League,3790,2020
data,Uzbekistan Uzbekistan Super League,Uzbekistan,Uzbekistan Super League,5632,2021
data,Uzbekistan Uzbekistan Super League,Uzbekistan,Uzbekistan Super League,7164,2022
data,Uzbekistan Uzbekistan Super League,Uzbekistan,Uzbekistan Super League,8901,2023
data,Uzbekistan Uzbekistan Super League,Uzbekistan,Uzbekistan Super League,11210,2024
data,Uzbekistan Uzbekistan Super League,Uzbekistan,Uzbekistan Super League,14186,2025
data,Switzerland 1. Liga Classic,Switzerland,1. Liga Classic,2603,20192020
data,Switzerland 1. Liga Classic,Switzerland,1. Liga Classic,3142,20182019
data,Switzerland 1. Liga Classic,Switzerland,1. Liga Classic,3144,20172018
data,Switzerland 1. Liga Classic,Switzerland,1. Liga Classic,3145,20162017
data,Switzerland 1. Liga Classic,Switzerland,1. Liga Classic,4631,20202021
data,Switzerland 1. Liga Classic,Switzerland,1. Liga Classic,6440,20212022
data,Switzerland 1. Liga Classic,Switzerland,1. Liga Classic,7756,20222023
data,Switzerland 1. Liga Classic,Switzerland,1. Liga Classic,9720,20232024
data,Switzerland 1. Liga Classic,Switzerland,1. Liga Classic,12625,20242025
data,Switzerland 1. Liga Classic,Switzerland,1. Liga Classic,15240,20252026
data,Latvia Latvian Cup,Latvia,Latvian Cup,2605,2019
data,Latvia Latvian Cup,Latvia,Latvian Cup,6033,2021
data,Latvia Latvian Cup,Latvia,Latvian Cup,7372,2022
data,Latvia Latvian Cup,Latvia,Latvian Cup,9366,2020
data,Latvia Latvian Cup,Latvia,Latvian Cup,9367,2023
data,Latvia Latvian Cup,Latvia,Latvian Cup,11524,2024
data,Latvia Latvian Cup,Latvia,Latvian Cup,16268,2025
data,Northern Ireland Premiership Development League,Northern Ireland,Premiership Development League,2612,20192020
data,Northern Ireland Premiership Development League,Northern Ireland,Premiership Development League,3252,20182019
data,Northern Ireland Premiership Development League,Northern Ireland,Premiership Development League,3253,20172018
data,Northern Ireland Premiership Development League,Northern Ireland,Premiership Development League,3254,20162017
data,Northern Ireland Premiership Development League,Northern Ireland,Premiership Development League,5190,20202021
data,Northern Ireland Premiership Development League,Northern Ireland,Premiership Development League,6484,20212022
data,Northern Ireland Premiership Development League,Northern Ireland,Premiership Development League,8057,20222023
data,Northern Ireland Premiership Development League,Northern Ireland,Premiership Development League,9924,20232024
data,Northern Ireland Premiership Development League,Northern Ireland,Premiership Development League,12855,20242025
data,Northern Ireland Premiership Development League,Northern Ireland,Premiership Development League,15537,20252026
data,Northern Ireland Premier Intermediate League,Northern Ireland,Premier Intermediate League,2614,20192020
data,Northern Ireland Premier Intermediate League,Northern Ireland,Premier Intermediate League,3255,20182019
data,Northern Ireland Premier Intermediate League,Northern Ireland,Premier Intermediate League,3256,20172018
data,Northern Ireland Premier Intermediate League,Northern Ireland,Premier Intermediate League,3257,20162017
data,Northern Ireland Premier Intermediate League,Northern Ireland,Premier Intermediate League,3258,20152016
data,Northern Ireland Premier Intermediate League,Northern Ireland,Premier Intermediate League,6208,20212022
data,Northern Ireland Premier Intermediate League,Northern Ireland,Premier Intermediate League,7518,20222023
data,Northern Ireland Premier Intermediate League,Northern Ireland,Premier Intermediate League,10010,20232024
data,Northern Ireland Premier Intermediate League,Northern Ireland,Premier Intermediate League,12470,20242025
data,Northern Ireland Premier Intermediate League,Northern Ireland,Premier Intermediate League,15607,20252026
data,Mongolia Mongolian Premier League,Mongolia,Mongolian Premier League,2645,2019
data,Mongolia Mongolian Premier League,Mongolia,Mongolian Premier League,3303,2018
data,Mongolia Mongolian Premier League,Mongolia,Mongolian Premier League,3304,2017
data,Mongolia Mongolian Premier League,Mongolia,Mongolian Premier League,3305,2016
data,Mongolia Mongolian Premier League,Mongolia,Mongolian Premier League,3306,2015
data,Mongolia Mongolian Premier League,Mongolia,Mongolian Premier League,3307,2014
data,Mongolia Mongolian Premier League,Mongolia,Mongolian Premier League,4469,2020
data,Mongolia Mongolian Premier League,Mongolia,Mongolian Premier League,6289,2021
data,Mongolia Mongolian Premier League,Mongolia,Mongolian Premier League,6933,20212022
data,Mongolia Mongolian Premier League,Mongolia,Mongolian Premier League,8290,20222023
data,Mongolia Mongolian Premier League,Mongolia,Mongolian Premier League,10163,20232024
data,Mongolia Mongolian Premier League,Mongolia,Mongolian Premier League,16096,20252026
data,Mongolia Mongolian Premier League,Mongolia,Mongolian Premier League,16291,20242025
data,Wales FAW Championship South,Wales,FAW Championship South,2647,20192020
data,Wales FAW Championship South,Wales,FAW Championship South,15474,20242025
data,Wales FAW Championship South,Wales,FAW Championship South,15818,20252026
data,Wales FAW Championship North,Wales,FAW Championship North,2651,20192020
data,Wales FAW Championship North,Wales,FAW Championship North,15348,20252026
data,Bulgaria Third League Northeast,Bulgaria,Third League Northeast,2652,20192020
data,Bulgaria Third League Northeast,Bulgaria,Third League Northeast,4583,20202021
data,Bulgaria Third League Northeast,Bulgaria,Third League Northeast,6242,20212022
data,Bulgaria Third League Northeast,Bulgaria,Third League Northeast,8099,20222023
data,Bulgaria Third League Northeast,Bulgaria,Third League Northeast,9813,20232024
data,Bulgaria Third League Northeast,Bulgaria,Third League Northeast,12865,20242025
data,Bulgaria Third League Northeast,Bulgaria,Third League Northeast,15630,20252026
data,Bulgaria Third League Northwest,Bulgaria,Third League Northwest,2653,20192020
data,Bulgaria Third League Northwest,Bulgaria,Third League Northwest,4586,20202021
data,Bulgaria Third League Northwest,Bulgaria,Third League Northwest,6243,20212022
data,Bulgaria Third League Northwest,Bulgaria,Third League Northwest,8058,20222023
data,Bulgaria Third League Northwest,Bulgaria,Third League Northwest,10217,20232024
data,Bulgaria Third League Northwest,Bulgaria,Third League Northwest,12949,20242025
data,Bulgaria Third League Northwest,Bulgaria,Third League Northwest,15720,20252026
data,Bulgaria Third League Southeast,Bulgaria,Third League Southeast,2654,20192020
data,Bulgaria Third League Southeast,Bulgaria,Third League Southeast,4588,20202021
data,Bulgaria Third League Southeast,Bulgaria,Third League Southeast,6241,20212022
data,Bulgaria Third League Southeast,Bulgaria,Third League Southeast,7927,20222023
data,Bulgaria Third League Southeast,Bulgaria,Third League Southeast,10252,20232024
data,Bulgaria Third League Southeast,Bulgaria,Third League Southeast,12793,20242025
data,Bulgaria Third League Southeast,Bulgaria,Third League Southeast,15432,20252026
data,Bulgaria Third League Southwest,Bulgaria,Third League Southwest,2655,20192020
data,Bulgaria Third League Southwest,Bulgaria,Third League Southwest,4590,20202021
data,Bulgaria Third League Southwest,Bulgaria,Third League Southwest,6240,20212022
data,Bulgaria Third League Southwest,Bulgaria,Third League Southwest,7929,20222023
data,Bulgaria Third League Southwest,Bulgaria,Third League Southwest,9925,20232024
data,Bulgaria Third League Southwest,Bulgaria,Third League Southwest,12800,20242025
data,Bulgaria Third League Southwest,Bulgaria,Third League Southwest,15130,20252026
data,Republic of Ireland FAI Cup,Republic of Ireland,FAI Cup,2656,2019
data,Republic of Ireland FAI Cup,Republic of Ireland,FAI Cup,4705,2020
data,Republic of Ireland FAI Cup,Republic of Ireland,FAI Cup,6200,2021
data,Republic of Ireland FAI Cup,Republic of Ireland,FAI Cup,7539,2022
data,Republic of Ireland FAI Cup,Republic of Ireland,FAI Cup,9425,2023
data,Republic of Ireland FAI Cup,Republic of Ireland,FAI Cup,11522,2024
data,Republic of Ireland FAI Cup,Republic of Ireland,FAI Cup,14598,2025
data,Ukraine Ukrainian Cup,Ukraine,Ukrainian Cup,2676,20192020
data,Ukraine Ukrainian Cup,Ukraine,Ukrainian Cup,4950,20202021
data,Ukraine Ukrainian Cup,Ukraine,Ukrainian Cup,6339,20212022
data,Ukraine Ukrainian Cup,Ukraine,Ukrainian Cup,10256,20232024
data,Ukraine Ukrainian Cup,Ukraine,Ukrainian Cup,13037,20242025
data,Ukraine Ukrainian Cup,Ukraine,Ukrainian Cup,15837,20252026
data,Cyprus Cypriot Cup,Cyprus,Cypriot Cup,2701,20182019
data,Cyprus Cypriot Cup,Cyprus,Cypriot Cup,2969,20192020
data,Cyprus Cypriot Cup,Cyprus,Cypriot Cup,5014,20202021
data,Cyprus Cypriot Cup,Cyprus,Cypriot Cup,6649,20212022
data,Cyprus Cypriot Cup,Cyprus,Cypriot Cup,8440,20222023
data,Cyprus Cypriot Cup,Cyprus,Cypriot Cup,10744,20232024
data,Cyprus Cypriot Cup,Cyprus,Cypriot Cup,13596,20242025
data,Cyprus Cypriot Cup,Cyprus,Cypriot Cup,16106,20252026
data,Mozambique Mocambola,Mozambique,Mocambola,2706,2019
data,Mozambique Mocambola,Mozambique,Mocambola,3308,2018
data,Mozambique Mocambola,Mozambique,Mocambola,3310,2017
data,Mozambique Mocambola,Mozambique,Mocambola,3313,2016
data,Mozambique Mocambola,Mozambique,Mocambola,3314,2015
data,Mozambique Mocambola,Mozambique,Mocambola,3315,2014
data,Mozambique Mocambola,Mozambique,Mocambola,5442,2021
data,Mozambique Mocambola,Mozambique,Mocambola,7388,2022
data,Mozambique Mocambola,Mozambique,Mocambola,9154,2023
data,Mozambique Mocambola,Mozambique,Mocambola,11492,2024
data,Mozambique Mocambola,Mozambique,Mocambola,16227,2025
data,Slovenia Slovenia Cup,Slovenia,Slovenia Cup,2707,20192020
data,Slovenia Slovenia Cup,Slovenia,Slovenia Cup,4830,20202021
data,Slovenia Slovenia Cup,Slovenia,Slovenia Cup,6487,20212022
data,Slovenia Slovenia Cup,Slovenia,Slovenia Cup,8378,20222023
data,Slovenia Slovenia Cup,Slovenia,Slovenia Cup,10695,20232024
data,Slovenia Slovenia Cup,Slovenia,Slovenia Cup,13352,20242025
data,Slovenia Slovenia Cup,Slovenia,Slovenia Cup,15870,20252026
data,Slovenia 3. SNL,Slovenia,3. SNL,2709,20192020
data,Slovenia 3. SNL,Slovenia,3. SNL,4636,20202021
data,Slovenia 3. SNL,Slovenia,3. SNL,6443,20212022
data,Slovenia 3. SNL,Slovenia,3. SNL,7925,20222023
data,Slovenia 3. SNL,Slovenia,3. SNL,9949,20232024
data,Slovenia 3. SNL,Slovenia,3. SNL,12758,20242025
data,Slovenia 3. SNL,Slovenia,3. SNL,15262,20252026
data,Czech Republic 4. Liga Division A,Czech Republic,4. Liga Division A,2736,20192020
data,Czech Republic 4. Liga Division A,Czech Republic,4. Liga Division A,4558,20202021
data,Czech Republic 4. Liga Division A,Czech Republic,4. Liga Division A,6246,20212022
data,Czech Republic 4. Liga Division A,Czech Republic,4. Liga Division A,7682,20222023
data,Czech Republic 4. Liga Division A,Czech Republic,4. Liga Division A,9615,20232024
data,Czech Republic 4. Liga Division A,Czech Republic,4. Liga Division A,12972,20242025
data,Czech Republic 4. Liga Division A,Czech Republic,4. Liga Division A,15316,20252026
data,Czech Republic 4. Liga Division B,Czech Republic,4. Liga Division B,2739,20192020
data,Czech Republic 4. Liga Division B,Czech Republic,4. Liga Division B,4559,20202021
data,Czech Republic 4. Liga Division B,Czech Republic,4. Liga Division B,6247,20212022
data,Czech Republic 4. Liga Division B,Czech Republic,4. Liga Division B,7680,20222023
data,Czech Republic 4. Liga Division B,Czech Republic,4. Liga Division B,9616,20232024
data,Czech Republic 4. Liga Division B,Czech Republic,4. Liga Division B,12520,20242025
data,Czech Republic 4. Liga Division B,Czech Republic,4. Liga Division B,15573,20252026
data,Czech Republic 4. Liga Division C,Czech Republic,4. Liga Division C,2740,20192020
data,Czech Republic 4. Liga Division C,Czech Republic,4. Liga Division C,5915,20202021
data,Czech Republic 4. Liga Division C,Czech Republic,4. Liga Division C,6248,20212022
data,Czech Republic 4. Liga Division C,Czech Republic,4. Liga Division C,7693,20222023
data,Czech Republic 4. Liga Division C,Czech Republic,4. Liga Division C,9617,20232024
data,Czech Republic 4. Liga Division C,Czech Republic,4. Liga Division C,12505,20242025
data,Czech Republic 4. Liga Division C,Czech Republic,4. Liga Division C,15325,20252026
data,Czech Republic 4. Liga Division E,Czech Republic,4. Liga Division E,2741,20192020
data,Czech Republic 4. Liga Division E,Czech Republic,4. Liga Division E,4564,20202021
data,Czech Republic 4. Liga Division E,Czech Republic,4. Liga Division E,6249,20212022
data,Czech Republic 4. Liga Division E,Czech Republic,4. Liga Division E,7694,20222023
data,Czech Republic 4. Liga Division E,Czech Republic,4. Liga Division E,9618,20232024
data,Czech Republic 4. Liga Division E,Czech Republic,4. Liga Division E,12499,20242025
data,Czech Republic 4. Liga Division E,Czech Republic,4. Liga Division E,15314,20252026
data,Denmark Danish Cup,Denmark,Danish Cup,2748,20192020
data,Denmark Danish Cup,Denmark,Danish Cup,4805,20202021
data,Denmark Danish Cup,Denmark,Danish Cup,6255,20212022
data,Denmark Danish Cup,Denmark,Danish Cup,7735,20222023
data,Denmark Danish Cup,Denmark,Danish Cup,10283,20232024
data,Denmark Danish Cup,Denmark,Danish Cup,12568,20242025
data,Denmark Danish Cup,Denmark,Danish Cup,15631,20252026
data,Lithuania Lithuanian Cup,Lithuania,Lithuanian Cup,2749,2019
data,Lithuania Lithuanian Cup,Lithuania,Lithuanian Cup,4448,2020
data,Lithuania Lithuanian Cup,Lithuania,Lithuanian Cup,5848,2021
data,Lithuania Lithuanian Cup,Lithuania,Lithuanian Cup,7295,2022
data,Lithuania Lithuanian Cup,Lithuania,Lithuanian Cup,9215,2023
data,Lithuania Lithuanian Cup,Lithuania,Lithuanian Cup,11446,2024
data,Lithuania Lithuanian Cup,Lithuania,Lithuanian Cup,14650,2025
data,China Chinese FA Cup,China,Chinese FA Cup,2751,2019
data,China Chinese FA Cup,China,Chinese FA Cup,4962,2020
data,China Chinese FA Cup,China,Chinese FA Cup,6245,2021
data,China Chinese FA Cup,China,Chinese FA Cup,8221,2022
data,China Chinese FA Cup,China,Chinese FA Cup,9342,2023
data,China Chinese FA Cup,China,Chinese FA Cup,11317,2024
data,China Chinese FA Cup,China,Chinese FA Cup,14426,2025
data,Australia FFA Cup,Australia,FFA Cup,2752,2019
data,Australia FFA Cup,Australia,FFA Cup,6359,2021
data,Australia FFA Cup,Australia,FFA Cup,7370,2022
data,Australia FFA Cup,Australia,FFA Cup,9606,2023
data,Australia FFA Cup,Australia,FFA Cup,12154,2024
data,Australia FFA Cup,Australia,FFA Cup,14692,2025
data,Austria Austrian Cup,Austria,Austrian Cup,2753,20192020
data,Austria Austrian Cup,Austria,Austrian Cup,4782,20202021
data,Austria Austrian Cup,Austria,Austrian Cup,6072,20212022
data,Austria Austrian Cup,Austria,Austrian Cup,7614,20222023
data,Austria Austrian Cup,Austria,Austrian Cup,9987,20232024
data,Austria Austrian Cup,Austria,Austrian Cup,12272,20242025
data,Austria Austrian Cup,Austria,Austrian Cup,15903,20252026
data,Sweden Svenska Cupen,Sweden,Svenska Cupen,2755,20192020
data,Sweden Svenska Cupen,Sweden,Svenska Cupen,4529,20202021
data,Sweden Svenska Cupen,Sweden,Svenska Cupen,5932,20212022
data,Sweden Svenska Cupen,Sweden,Svenska Cupen,7434,20222023
data,Sweden Svenska Cupen,Sweden,Svenska Cupen,9298,20232024
data,Sweden Svenska Cupen,Sweden,Svenska Cupen,12123,20242025
data,Sweden Svenska Cupen,Sweden,Svenska Cupen,14702,20252026
data,Switzerland Swiss Cup,Switzerland,Swiss Cup,2765,20192020
data,Switzerland Swiss Cup,Switzerland,Swiss Cup,4808,20202021
data,Switzerland Swiss Cup,Switzerland,Swiss Cup,6122,20212022
data,Switzerland Swiss Cup,Switzerland,Swiss Cup,7736,20222023
data,Switzerland Swiss Cup,Switzerland,Swiss Cup,9677,20232024
data,Switzerland Swiss Cup,Switzerland,Swiss Cup,12688,20242025
data,Switzerland Swiss Cup,Switzerland,Swiss Cup,15079,20252026
data,South Korea Korean FA Cup,South Korea,Korean FA Cup,2767,2019
data,South Korea Korean FA Cup,South Korea,Korean FA Cup,4380,2020
data,South Korea Korean FA Cup,South Korea,Korean FA Cup,5649,2021
data,South Korea Korean FA Cup,South Korea,Korean FA Cup,7138,2022
data,South Korea Korean FA Cup,South Korea,Korean FA Cup,9044,2023
data,South Korea Korean FA Cup,South Korea,Korean FA Cup,11302,2024
data,South Korea Korean FA Cup,South Korea,Korean FA Cup,14281,2025
data,Greece Super League 2,Greece,Super League 2,2784,20192020
data,Greece Super League 2,Greece,Super League 2,5177,20202021
data,Greece Super League 2,Greece,Super League 2,6739,20212022
data,Greece Super League 2,Greece,Super League 2,8571,20222023
data,Greece Super League 2,Greece,Super League 2,13694,20242025
data,Greece Super League 2,Greece,Super League 2,16015,20252026
data,Italy Serie D Group A,Italy,Serie D Group A,2794,20192020
data,Italy Serie D Group A,Italy,Serie D Group A,5099,20202021
data,Italy Serie D Group A,Italy,Serie D Group A,6662,20212022
data,Italy Serie D Group A,Italy,Serie D Group A,8251,20222023
data,Italy Serie D Group A,Italy,Serie D Group A,10579,20232024
data,Italy Serie D Group A,Italy,Serie D Group A,13475,20242025
data,Italy Serie D Group A,Italy,Serie D Group A,15710,20252026
data,Italy Serie D Group C,Italy,Serie D Group C,2796,20192020
data,Italy Serie D Group C,Italy,Serie D Group C,5097,20202021
data,Italy Serie D Group C,Italy,Serie D Group C,6664,20212022
data,Italy Serie D Group C,Italy,Serie D Group C,8252,20222023
data,Italy Serie D Group C,Italy,Serie D Group C,10580,20232024
data,Italy Serie D Group C,Italy,Serie D Group C,13479,20242025
data,Italy Serie D Group C,Italy,Serie D Group C,15718,20252026
data,Italy Serie D Group B,Italy,Serie D Group B,2797,20192020
data,Italy Serie D Group B,Italy,Serie D Group B,5098,20202021
data,Italy Serie D Group B,Italy,Serie D Group B,6663,20212022
data,Italy Serie D Group B,Italy,Serie D Group B,8254,20222023
data,Italy Serie D Group B,Italy,Serie D Group B,10581,20232024
data,Italy Serie D Group B,Italy,Serie D Group B,13232,20242025
data,Italy Serie D Group B,Italy,Serie D Group B,15706,20252026
data,Italy Serie D Group E,Italy,Serie D Group E,2798,20192020
data,Italy Serie D Group E,Italy,Serie D Group E,5094,20202021
data,Italy Serie D Group E,Italy,Serie D Group E,6666,20212022
data,Italy Serie D Group E,Italy,Serie D Group E,8255,20222023
data,Italy Serie D Group E,Italy,Serie D Group E,10582,20232024
data,Italy Serie D Group E,Italy,Serie D Group E,13473,20242025
data,Italy Serie D Group E,Italy,Serie D Group E,15685,20252026
data,Italy Serie D Group F,Italy,Serie D Group F,2799,20192020
data,Italy Serie D Group F,Italy,Serie D Group F,5087,20202021
data,Italy Serie D Group F,Italy,Serie D Group F,6667,20212022
data,Italy Serie D Group F,Italy,Serie D Group F,8261,20222023
data,Italy Serie D Group F,Italy,Serie D Group F,10583,20232024
data,Italy Serie D Group F,Italy,Serie D Group F,13470,20242025
data,Italy Serie D Group F,Italy,Serie D Group F,15707,20252026
data,Italy Serie D Group G,Italy,Serie D Group G,2800,20192020
data,Italy Serie D Group G,Italy,Serie D Group G,5093,20202021
data,Italy Serie D Group G,Italy,Serie D Group G,6668,20212022
data,Italy Serie D Group G,Italy,Serie D Group G,8262,20222023
data,Italy Serie D Group G,Italy,Serie D Group G,10584,20232024
data,Italy Serie D Group G,Italy,Serie D Group G,13469,20242025
data,Italy Serie D Group G,Italy,Serie D Group G,15712,20252026
data,Italy Serie D Group H,Italy,Serie D Group H,2801,20192020
data,Italy Serie D Group H,Italy,Serie D Group H,5092,20202021
data,Italy Serie D Group H,Italy,Serie D Group H,6670,20212022
data,Italy Serie D Group H,Italy,Serie D Group H,8263,20222023
data,Italy Serie D Group H,Italy,Serie D Group H,10585,20232024
data,Italy Serie D Group H,Italy,Serie D Group H,13477,20242025
data,Italy Serie D Group H,Italy,Serie D Group H,15693,20252026
data,Italy Serie D Group I,Italy,Serie D Group I,2802,20192020
data,Italy Serie D Group I,Italy,Serie D Group I,5091,20202021
data,Italy Serie D Group I,Italy,Serie D Group I,6671,20212022
data,Italy Serie D Group I,Italy,Serie D Group I,8442,20222023
data,Italy Serie D Group I,Italy,Serie D Group I,10587,20232024
data,Italy Serie D Group I,Italy,Serie D Group I,13472,20242025
data,Italy Serie D Group I,Italy,Serie D Group I,15705,20252026
data,Romania 3. Liga Series 1,Romania,3. Liga Series 1,2805,20192020
data,Romania 3. Liga Series 1,Romania,3. Liga Series 1,4965,20202021
data,Romania 3. Liga Series 1,Romania,3. Liga Series 1,6592,20212022
data,Romania 3. Liga Series 1,Romania,3. Liga Series 1,8275,20222023
data,Romania 3. Liga Series 1,Romania,3. Liga Series 1,10353,20232024
data,Romania 3. Liga Series 1,Romania,3. Liga Series 1,13382,20242025
data,Romania 3. Liga Series 1,Romania,3. Liga Series 1,15917,20252026
data,Romania 3. Liga Series 2,Romania,3. Liga Series 2,2806,20192020
data,Romania 3. Liga Series 2,Romania,3. Liga Series 2,4966,20202021
data,Romania 3. Liga Series 2,Romania,3. Liga Series 2,6591,20212022
data,Romania 3. Liga Series 2,Romania,3. Liga Series 2,8270,20222023
data,Romania 3. Liga Series 2,Romania,3. Liga Series 2,10354,20232024
data,Romania 3. Liga Series 2,Romania,3. Liga Series 2,13367,20242025
data,Romania 3. Liga Series 2,Romania,3. Liga Series 2,15913,20252026
data,Romania 3. Liga Series 3,Romania,3. Liga Series 3,2807,20192020
data,Romania 3. Liga Series 3,Romania,3. Liga Series 3,4970,20202021
data,Romania 3. Liga Series 3,Romania,3. Liga Series 3,6596,20212022
data,Romania 3. Liga Series 3,Romania,3. Liga Series 3,8271,20222023
data,Romania 3. Liga Series 3,Romania,3. Liga Series 3,10355,20232024
data,Romania 3. Liga Series 3,Romania,3. Liga Series 3,13364,20242025
data,Romania 3. Liga Series 3,Romania,3. Liga Series 3,15900,20252026
data,Romania 3. Liga Series 4,Romania,3. Liga Series 4,2808,20192020
data,Romania 3. Liga Series 4,Romania,3. Liga Series 4,4969,20202021
data,Romania 3. Liga Series 4,Romania,3. Liga Series 4,6597,20212022
data,Romania 3. Liga Series 4,Romania,3. Liga Series 4,8272,20222023
data,Romania 3. Liga Series 4,Romania,3. Liga Series 4,10356,20232024
data,Romania 3. Liga Series 4,Romania,3. Liga Series 4,13361,20242025
data,Romania 3. Liga Series 4,Romania,3. Liga Series 4,15911,20252026
data,Romania 3. Liga Series 5,Romania,3. Liga Series 5,2811,20192020
data,Romania 3. Liga Series 5,Romania,3. Liga Series 5,4973,20202021
data,Romania 3. Liga Series 5,Romania,3. Liga Series 5,6598,20212022
data,Romania 3. Liga Series 5,Romania,3. Liga Series 5,8273,20222023
data,Romania 3. Liga Series 5,Romania,3. Liga Series 5,10361,20232024
data,Romania 3. Liga Series 5,Romania,3. Liga Series 5,13383,20242025
data,Romania 3. Liga Series 5,Romania,3. Liga Series 5,15899,20252026
data,Armenia Armenian Cup,Armenia,Armenian Cup,2813,20192020
data,Armenia Armenian Cup,Armenia,Armenian Cup,4899,20202021
data,Armenia Armenian Cup,Armenia,Armenian Cup,6549,20212022
data,Armenia Armenian Cup,Armenia,Armenian Cup,8474,20222023
data,Armenia Armenian Cup,Armenia,Armenian Cup,10733,20232024
data,Armenia Armenian Cup,Armenia,Armenian Cup,13345,20242025
data,Armenia Armenian Cup,Armenia,Armenian Cup,15996,20252026
data,Albania Albanian Cup,Albania,Albanian Cup,2817,20192020
data,Albania Albanian Cup,Albania,Albanian Cup,5271,20202021
data,Albania Albanian Cup,Albania,Albanian Cup,6545,20212022
data,Albania Albanian Cup,Albania,Albanian Cup,8427,20222023
data,Albania Albanian Cup,Albania,Albanian Cup,10534,20232024
data,Albania Albanian Cup,Albania,Albanian Cup,13639,20242025
data,Albania Albanian Cup,Albania,Albanian Cup,16079,20252026
data,Chile Copa Chile,Chile,Copa Chile,2825,2019
data,Chile Copa Chile,Chile,Copa Chile,5929,2021
data,Chile Copa Chile,Chile,Copa Chile,7259,2022
data,Chile Copa Chile,Chile,Copa Chile,9144,2023
data,Chile Copa Chile,Chile,Copa Chile,11529,2024
data,Chile Copa Chile,Chile,Copa Chile,14121,2025
data,Colombia Copa Colombia,Colombia,Copa Colombia,2827,2019
data,Colombia Copa Colombia,Colombia,Copa Colombia,3771,2020
data,Colombia Copa Colombia,Colombia,Copa Colombia,5751,2021
data,Colombia Copa Colombia,Colombia,Copa Colombia,6896,2022
data,Colombia Copa Colombia,Colombia,Copa Colombia,8896,2023
data,Colombia Copa Colombia,Colombia,Copa Colombia,11409,2024
data,Colombia Copa Colombia,Colombia,Copa Colombia,14783,2025
data,Faroe Islands Faroe Islands Cup,Faroe Islands,Faroe Islands Cup,2836,2019
data,Faroe Islands Faroe Islands Cup,Faroe Islands,Faroe Islands Cup,4477,2020
data,Faroe Islands Faroe Islands Cup,Faroe Islands,Faroe Islands Cup,5725,2021
data,Faroe Islands Faroe Islands Cup,Faroe Islands,Faroe Islands Cup,7269,2022
data,Faroe Islands Faroe Islands Cup,Faroe Islands,Faroe Islands Cup,9149,2023
data,Faroe Islands Faroe Islands Cup,Faroe Islands,Faroe Islands Cup,11427,2024
data,Faroe Islands Faroe Islands Cup,Faroe Islands,Faroe Islands Cup,14408,2025
data,Iceland Iceland Cup,Iceland,Iceland Cup,2840,2019
data,Iceland Iceland Cup,Iceland,Iceland Cup,4422,2020
data,Iceland Iceland Cup,Iceland,Iceland Cup,5526,2021
data,Iceland Iceland Cup,Iceland,Iceland Cup,7113,2022
data,Iceland Iceland Cup,Iceland,Iceland Cup,9056,2023
data,Iceland Iceland Cup,Iceland,Iceland Cup,11183,2024
data,Iceland Iceland Cup,Iceland,Iceland Cup,16225,2025
data,Vietnam Vietnam Cup,Vietnam,Vietnam Cup,2850,2019
data,Vietnam Vietnam Cup,Vietnam,Vietnam Cup,4400,2020
data,Vietnam Vietnam Cup,Vietnam,Vietnam Cup,5623,2021
data,Vietnam Vietnam Cup,Vietnam,Vietnam Cup,6965,2022
data,Vietnam Vietnam Cup,Vietnam,Vietnam Cup,9060,2023
data,Vietnam Vietnam Cup,Vietnam,Vietnam Cup,10724,20232024
data,Vietnam Vietnam Cup,Vietnam,Vietnam Cup,13597,20242025
data,Vietnam Vietnam Cup,Vietnam,Vietnam Cup,15777,20252026
data,Singapore Singapore Cup,Singapore,Singapore Cup,2858,2019
data,Singapore Singapore Cup,Singapore,Singapore Cup,8456,2022
data,Singapore Singapore Cup,Singapore,Singapore Cup,10648,2023
data,Singapore Singapore Cup,Singapore,Singapore Cup,14059,20242025
data,Estonia Estonian Cup,Estonia,Estonian Cup,2860,20192020
data,Estonia Estonian Cup,Estonia,Estonian Cup,4509,20202021
data,Estonia Estonian Cup,Estonia,Estonian Cup,5967,20212022
data,Estonia Estonian Cup,Estonia,Estonian Cup,7423,20222023
data,Estonia Estonian Cup,Estonia,Estonian Cup,9422,20232024
data,Estonia Estonian Cup,Estonia,Estonian Cup,12582,20242025
data,Estonia Estonian Cup,Estonia,Estonian Cup,14785,20252026
data,Belgium Super League Women,Belgium,Super League Women,2861,20192020
data,Belgium Super League Women,Belgium,Super League Women,3181,20162017
data,Belgium Super League Women,Belgium,Super League Women,3183,20152016
data,Belgium Super League Women,Belgium,Super League Women,3192,20182019
data,Belgium Super League Women,Belgium,Super League Women,3193,20172018
data,Belgium Super League Women,Belgium,Super League Women,4696,20202021
data,Belgium Super League Women,Belgium,Super League Women,6375,20212022
data,Belgium Super League Women,Belgium,Super League Women,7763,20222023
data,Belgium Super League Women,Belgium,Super League Women,9590,20232024
data,Belgium Super League Women,Belgium,Super League Women,12142,20242025
data,Belgium Super League Women,Belgium,Super League Women,15374,20252026
data,Belarus Second Division Playoffs,Belarus,Second Division Playoffs,2863,2019
data,Belarus Second Division Playoffs,Belarus,Second Division Playoffs,8450,2022
data,Belarus Second Division Playoffs,Belarus,Second Division Playoffs,10799,2023
data,Croatia 3. HNL West,Croatia,3. HNL West,2864,20192020
data,Croatia 3. HNL West,Croatia,3. HNL West,3201,20182019
data,Croatia 3. HNL West,Croatia,3. HNL West,3203,20172018
data,Croatia 3. HNL West,Croatia,3. HNL West,3205,20162017
data,Croatia 3. HNL West,Croatia,3. HNL West,4822,20202021
data,Croatia 3. HNL West,Croatia,3. HNL West,6391,20212022
data,Croatia 3. HNL West,Croatia,3. HNL West,8297,20222023
data,Croatia 3. HNL West,Croatia,3. HNL West,10157,20232024
data,Croatia 3. HNL West,Croatia,3. HNL West,13264,20242025
data,Croatia 3. HNL West,Croatia,3. HNL West,15803,20252026
data,Croatia 3. HNL South,Croatia,3. HNL South,2865,20192020
data,Croatia 3. HNL South,Croatia,3. HNL South,3196,20182019
data,Croatia 3. HNL South,Croatia,3. HNL South,3197,20172018
data,Croatia 3. HNL South,Croatia,3. HNL South,4821,20202021
data,Croatia 3. HNL South,Croatia,3. HNL South,6452,20212022
data,Croatia 3. HNL South,Croatia,3. HNL South,8295,20222023
data,Croatia 3. HNL South,Croatia,3. HNL South,10314,20232024
data,Croatia 3. HNL South,Croatia,3. HNL South,13338,20242025
data,Croatia 3. HNL South,Croatia,3. HNL South,15812,20252026
data,Croatia 3. HNL East,Croatia,3. HNL East,2866,20192020
data,Croatia 3. HNL East,Croatia,3. HNL East,4817,20202021
data,Croatia 3. HNL East,Croatia,3. HNL East,6390,20212022
data,Croatia 3. HNL East,Croatia,3. HNL East,8244,20222023
data,Croatia 3. HNL East,Croatia,3. HNL East,10202,20232024
data,Croatia 3. HNL East,Croatia,3. HNL East,13266,20242025
data,Croatia 3. HNL East,Croatia,3. HNL East,15785,20252026
data,Croatia Croatian Football Cup,Croatia,Croatian Football Cup,2867,20192020
data,Croatia Croatian Football Cup,Croatia,Croatian Football Cup,4824,20202021
data,Croatia Croatian Football Cup,Croatia,Croatian Football Cup,6454,20212022
data,Croatia Croatian Football Cup,Croatia,Croatian Football Cup,7902,20222023
data,Croatia Croatian Football Cup,Croatia,Croatian Football Cup,9946,20232024
data,Croatia Croatian Football Cup,Croatia,Croatian Football Cup,13133,20242025
data,Croatia Croatian Football Cup,Croatia,Croatian Football Cup,14947,20252026
data,Georgia Erovnuli Liga 2,Georgia,Erovnuli Liga 2,2869,2019
data,Georgia Erovnuli Liga 2,Georgia,Erovnuli Liga 2,3681,2020
data,Georgia Erovnuli Liga 2,Georgia,Erovnuli Liga 2,5520,2021
data,Georgia Erovnuli Liga 2,Georgia,Erovnuli Liga 2,7023,2022
data,Georgia Erovnuli Liga 2,Georgia,Erovnuli Liga 2,8956,2023
data,Georgia Erovnuli Liga 2,Georgia,Erovnuli Liga 2,11134,2024
data,Georgia Erovnuli Liga 2,Georgia,Erovnuli Liga 2,14113,2025
data,Georgia Liga 3,Georgia,Liga 3,2870,2019
data,Georgia Liga 3,Georgia,Liga 3,3331,2018
data,Georgia Liga 3,Georgia,Liga 3,3332,2017
data,Georgia Liga 3,Georgia,Liga 3,3333,2016
data,Georgia Liga 3,Georgia,Liga 3,3334,20152016
data,Georgia Liga 3,Georgia,Liga 3,3335,20142015
data,Georgia Liga 3,Georgia,Liga 3,4523,2020
data,Georgia Liga 3,Georgia,Liga 3,5601,2021
data,Georgia Liga 3,Georgia,Liga 3,7022,2022
data,Georgia Liga 3,Georgia,Liga 3,9053,2023
data,Georgia Liga 3,Georgia,Liga 3,11137,2024
data,Georgia Liga 3,Georgia,Liga 3,14921,2025
data,Georgia David Kipiani Cup,Georgia,David Kipiani Cup,2871,2019
data,Georgia David Kipiani Cup,Georgia,David Kipiani Cup,4649,2020
data,Georgia David Kipiani Cup,Georgia,David Kipiani Cup,5734,2021
data,Georgia David Kipiani Cup,Georgia,David Kipiani Cup,7390,2022
data,Georgia David Kipiani Cup,Georgia,David Kipiani Cup,9330,2023
data,Georgia David Kipiani Cup,Georgia,David Kipiani Cup,11939,2024
data,Georgia David Kipiani Cup,Georgia,David Kipiani Cup,14920,2025
data,India Calcutta Premier Division A,India,Calcutta Premier Division A,2872,2019
data,India Calcutta Premier Division A,India,Calcutta Premier Division A,3106,2018
data,India Calcutta Premier Division A,India,Calcutta Premier Division A,3108,2017
data,India Calcutta Premier Division A,India,Calcutta Premier Division A,3109,20162017
data,India Calcutta Premier Division A,India,Calcutta Premier Division A,3111,20152016
data,India Calcutta Premier Division A,India,Calcutta Premier Division A,3113,20142015
data,India Calcutta Premier Division A,India,Calcutta Premier Division A,6657,2021
data,India Calcutta Premier Division A,India,Calcutta Premier Division A,8075,2022
data,India Calcutta Premier Division A,India,Calcutta Premier Division A,10607,2023
data,India Calcutta Premier Division A,India,Calcutta Premier Division A,13688,2024
data,India Calcutta Premier Division A,India,Calcutta Premier Division A,15935,2025
data,Kazakhstan Kazakhstan Cup,Kazakhstan,Kazakhstan Cup,2873,2019
data,Kazakhstan Kazakhstan Cup,Kazakhstan,Kazakhstan Cup,3824,2020
data,Kazakhstan Kazakhstan Cup,Kazakhstan,Kazakhstan Cup,5752,2021
data,Kazakhstan Kazakhstan Cup,Kazakhstan,Kazakhstan Cup,7283,2022
data,Kazakhstan Kazakhstan Cup,Kazakhstan,Kazakhstan Cup,9032,2023
data,Kazakhstan Kazakhstan Cup,Kazakhstan,Kazakhstan Cup,11368,2024
data,Kazakhstan Kazakhstan Cup,Kazakhstan,Kazakhstan Cup,14470,2025
data,Serbia Srpska Liga Belgrade,Serbia,Srpska Liga Belgrade,2875,20192020
data,Serbia Srpska Liga Belgrade,Serbia,Srpska Liga Belgrade,4601,20202021
data,Serbia Srpska Liga Belgrade,Serbia,Srpska Liga Belgrade,6429,20212022
data,Serbia Srpska Liga Belgrade,Serbia,Srpska Liga Belgrade,8333,20222023
data,Serbia Srpska Liga Belgrade,Serbia,Srpska Liga Belgrade,10222,20232024
data,Serbia Srpska Liga Belgrade,Serbia,Srpska Liga Belgrade,13126,20242025
data,Serbia Srpska Liga Belgrade,Serbia,Srpska Liga Belgrade,15760,20252026
data,Serbia Srpska Liga Vojvodina,Serbia,Srpska Liga Vojvodina,2876,20192020
data,Serbia Srpska Liga Vojvodina,Serbia,Srpska Liga Vojvodina,4603,20202021
data,Serbia Srpska Liga Vojvodina,Serbia,Srpska Liga Vojvodina,6430,20212022
data,Serbia Srpska Liga Vojvodina,Serbia,Srpska Liga Vojvodina,8334,20222023
data,Serbia Srpska Liga Vojvodina,Serbia,Srpska Liga Vojvodina,10223,20232024
data,Serbia Srpska Liga Vojvodina,Serbia,Srpska Liga Vojvodina,13130,20242025
data,Serbia Srpska Liga Vojvodina,Serbia,Srpska Liga Vojvodina,15751,20252026
data,Serbia Srpska Liga East,Serbia,Srpska Liga East,2877,20192020
data,Serbia Srpska Liga East,Serbia,Srpska Liga East,4607,20202021
data,Serbia Srpska Liga East,Serbia,Srpska Liga East,6437,20212022
data,Serbia Srpska Liga East,Serbia,Srpska Liga East,8335,20222023
data,Serbia Srpska Liga East,Serbia,Srpska Liga East,10224,20232024
data,Serbia Srpska Liga East,Serbia,Srpska Liga East,13131,20242025
data,Serbia Srpska Liga East,Serbia,Srpska Liga East,15732,20252026
data,Serbia Srpska Liga West,Serbia,Srpska Liga West,2878,20192020
data,Serbia Srpska Liga West,Serbia,Srpska Liga West,4608,20202021
data,Serbia Srpska Liga West,Serbia,Srpska Liga West,6438,20212022
data,Serbia Srpska Liga West,Serbia,Srpska Liga West,8336,20222023
data,Serbia Srpska Liga West,Serbia,Srpska Liga West,10231,20232024
data,Serbia Srpska Liga West,Serbia,Srpska Liga West,13137,20242025
data,Serbia Srpska Liga West,Serbia,Srpska Liga West,16006,20252026
data,Serbia Serbian Cup,Serbia,Serbian Cup,2879,20182019
data,Serbia Serbian Cup,Serbia,Serbian Cup,2928,20192020
data,Serbia Serbian Cup,Serbia,Serbian Cup,5067,20202021
data,Serbia Serbian Cup,Serbia,Serbian Cup,6615,20212022
data,Serbia Serbian Cup,Serbia,Serbian Cup,8324,20222023
data,Serbia Serbian Cup,Serbia,Serbian Cup,10639,20232024
data,Serbia Serbian Cup,Serbia,Serbian Cup,13480,20242025
data,Bulgaria Bulgarian Cup,Bulgaria,Bulgarian Cup,2880,20192020
data,Bulgaria Bulgarian Cup,Bulgaria,Bulgarian Cup,4866,20202021
data,Bulgaria Bulgarian Cup,Bulgaria,Bulgarian Cup,6153,20212022
data,Bulgaria Bulgarian Cup,Bulgaria,Bulgarian Cup,8220,20222023
data,Bulgaria Bulgarian Cup,Bulgaria,Bulgarian Cup,13546,20242025
data,Bulgaria Bulgarian Cup,Bulgaria,Bulgarian Cup,14906,20232024
data,Bulgaria Bulgarian Cup,Bulgaria,Bulgarian Cup,15716,20252026
data,Israel Liga Alef,Israel,Liga Alef,2881,20192020
data,Israel Liga Alef,Israel,Liga Alef,3324,20182019
data,Israel Liga Alef,Israel,Liga Alef,3326,20172018
data,Israel Liga Alef,Israel,Liga Alef,3328,20162017
data,Israel Liga Alef,Israel,Liga Alef,3329,20152016
data,Israel Liga Alef,Israel,Liga Alef,3330,20142015
data,Israel Liga Alef,Israel,Liga Alef,5059,20202021
data,Israel Liga Alef,Israel,Liga Alef,6573,20212022
data,Israel Liga Alef,Israel,Liga Alef,8116,20222023
data,Greece Gamma Ethniki Group 1,Greece,Gamma Ethniki Group 1,2909,20192020
data,Greece Gamma Ethniki Group 1,Greece,Gamma Ethniki Group 1,5025,20202021
data,Greece Gamma Ethniki Group 1,Greece,Gamma Ethniki Group 1,6738,20212022
data,Greece Gamma Ethniki Group 1,Greece,Gamma Ethniki Group 1,8600,20222023
data,Greece Gamma Ethniki Group 1,Greece,Gamma Ethniki Group 1,10442,20232024
data,Greece Gamma Ethniki Group 1,Greece,Gamma Ethniki Group 1,13414,20242025
data,Greece Gamma Ethniki Group 1,Greece,Gamma Ethniki Group 1,15801,20252026
data,Greece Gamma Ethniki Group 2,Greece,Gamma Ethniki Group 2,2910,20192020
data,Greece Gamma Ethniki Group 2,Greece,Gamma Ethniki Group 2,5027,20202021
data,Greece Gamma Ethniki Group 2,Greece,Gamma Ethniki Group 2,6742,20212022
data,Greece Gamma Ethniki Group 2,Greece,Gamma Ethniki Group 2,8601,20222023
data,Greece Gamma Ethniki Group 2,Greece,Gamma Ethniki Group 2,10444,20232024
data,Greece Gamma Ethniki Group 2,Greece,Gamma Ethniki Group 2,13412,20242025
data,Greece Gamma Ethniki Group 2,Greece,Gamma Ethniki Group 2,15805,20252026
data,Greece Gamma Ethniki Group 3,Greece,Gamma Ethniki Group 3,2913,20192020
data,Greece Gamma Ethniki Group 3,Greece,Gamma Ethniki Group 3,5030,20202021
data,Greece Gamma Ethniki Group 3,Greece,Gamma Ethniki Group 3,6741,20212022
data,Greece Gamma Ethniki Group 3,Greece,Gamma Ethniki Group 3,8603,20222023
data,Greece Gamma Ethniki Group 3,Greece,Gamma Ethniki Group 3,10450,20232024
data,Greece Gamma Ethniki Group 3,Greece,Gamma Ethniki Group 3,13418,20242025
data,Greece Gamma Ethniki Group 3,Greece,Gamma Ethniki Group 3,15806,20252026
data,Greece Gamma Ethniki Group 4,Greece,Gamma Ethniki Group 4,2915,20192020
data,Greece Gamma Ethniki Group 4,Greece,Gamma Ethniki Group 4,5032,20202021
data,Greece Gamma Ethniki Group 4,Greece,Gamma Ethniki Group 4,6740,20212022
data,Greece Gamma Ethniki Group 4,Greece,Gamma Ethniki Group 4,8605,20222023
data,Greece Gamma Ethniki Group 4,Greece,Gamma Ethniki Group 4,10451,20232024
data,Greece Gamma Ethniki Group 4,Greece,Gamma Ethniki Group 4,13413,20242025
data,Greece Gamma Ethniki Group 4,Greece,Gamma Ethniki Group 4,15798,20252026
data,Greece Gamma Ethniki Group 5,Greece,Gamma Ethniki Group 5,2917,20192020
data,Greece Gamma Ethniki Group 5,Greece,Gamma Ethniki Group 5,5033,20202021
data,Greece Gamma Ethniki Group 5,Greece,Gamma Ethniki Group 5,6743,20212022
data,Greece Gamma Ethniki Group 5,Greece,Gamma Ethniki Group 5,8608,20222023
data,Greece Gamma Ethniki Group 5,Greece,Gamma Ethniki Group 5,16100,20252026
data,Greece Gamma Ethniki Group 6,Greece,Gamma Ethniki Group 6,2919,20192020
data,Greece Gamma Ethniki Group 6,Greece,Gamma Ethniki Group 6,5035,20202021
data,Greece Gamma Ethniki Group 6,Greece,Gamma Ethniki Group 6,6745,20212022
data,Greece Gamma Ethniki Group 7,Greece,Gamma Ethniki Group 7,2923,20192020
data,Greece Gamma Ethniki Group 7,Greece,Gamma Ethniki Group 7,5037,20202021
data,Greece Gamma Ethniki Group 7,Greece,Gamma Ethniki Group 7,6744,20212022
data,Greece Gamma Ethniki Group 8,Greece,Gamma Ethniki Group 8,2925,20192020
data,Greece Gamma Ethniki Group 8,Greece,Gamma Ethniki Group 8,5049,20202021
data,Asia AFC Cup,Asia,AFC Cup,2929,2019
data,Asia AFC Cup,Asia,AFC Cup,3650,2020
data,Asia AFC Cup,Asia,AFC Cup,5668,2021
data,Asia AFC Cup,Asia,AFC Cup,7077,2022
data,Asia AFC Cup,Asia,AFC Cup,9584,20232024
data,Asia AFC Cup,Asia,AFC Cup,12906,20242025
data,Asia AFC Cup,Asia,AFC Cup,15679,20252026
data,Spain Copa Federacion,Spain,Copa Federacion,2930,20192020
data,Spain Copa Federacion,Spain,Copa Federacion,4202,20182019
data,Spain Copa Federacion,Spain,Copa Federacion,4203,20172018
data,Spain Copa Federacion,Spain,Copa Federacion,4206,20162017
data,Spain Copa Federacion,Spain,Copa Federacion,4208,20152016
data,Spain Copa Federacion,Spain,Copa Federacion,4209,20142015
data,Spain Copa Federacion,Spain,Copa Federacion,4210,20132014
data,Spain Copa Federacion,Spain,Copa Federacion,4213,20122013
data,Spain Copa Federacion,Spain,Copa Federacion,4214,20112012
data,Spain Copa Federacion,Spain,Copa Federacion,4216,20102011
data,Spain Copa Federacion,Spain,Copa Federacion,4217,20092010
data,Spain Copa Federacion,Spain,Copa Federacion,5256,20202021
data,Spain Copa Federacion,Spain,Copa Federacion,6721,20212022
data,Spain Copa Federacion,Spain,Copa Federacion,8432,20222023
data,Spain Copa Federacion,Spain,Copa Federacion,10684,20232024
data,Spain Copa Federacion,Spain,Copa Federacion,13607,20242025
data,Spain Copa Federacion,Spain,Copa Federacion,16002,20252026
data,England EFL Trophy,England,EFL Trophy,2933,20192020
data,England EFL Trophy,England,EFL Trophy,3886,20162017
data,England EFL Trophy,England,EFL Trophy,3965,20122013
data,England EFL Trophy,England,EFL Trophy,3966,20132014
data,England EFL Trophy,England,EFL Trophy,3967,20112012
data,England EFL Trophy,England,EFL Trophy,4072,20142015
data,England EFL Trophy,England,EFL Trophy,4079,20102011
data,England EFL Trophy,England,EFL Trophy,4082,20092010
data,England EFL Trophy,England,EFL Trophy,4826,20202021
data,England EFL Trophy,England,EFL Trophy,6052,20172018
data,England EFL Trophy,England,EFL Trophy,6159,20212022
data,England EFL Trophy,England,EFL Trophy,7435,20182019
data,England EFL Trophy,England,EFL Trophy,7724,20222023
data,England EFL Trophy,England,EFL Trophy,10019,20232024
data,England EFL Trophy,England,EFL Trophy,13299,20242025
data,England EFL Trophy,England,EFL Trophy,15598,20252026
data,Malaysia Malaysia Cup,Malaysia,Malaysia Cup,2935,2019
data,Malaysia Malaysia Cup,Malaysia,Malaysia Cup,5292,2020
data,Malaysia Malaysia Cup,Malaysia,Malaysia Cup,6676,2021
data,Malaysia Malaysia Cup,Malaysia,Malaysia Cup,8521,2022
data,Malaysia Malaysia Cup,Malaysia,Malaysia Cup,9966,2023
data,Malaysia Malaysia Cup,Malaysia,Malaysia Cup,13760,20242025
data,Iran Hazfi Cup,Iran,Hazfi Cup,2937,20192020
data,Iran Hazfi Cup,Iran,Hazfi Cup,5608,20202021
data,Iran Hazfi Cup,Iran,Hazfi Cup,6929,20212022
data,Iran Hazfi Cup,Iran,Hazfi Cup,8827,20222023
data,Iran Hazfi Cup,Iran,Hazfi Cup,11113,20232024
data,Iran Hazfi Cup,Iran,Hazfi Cup,13731,20242025
data,Kuwait Kuwait Premier League,Kuwait,Kuwait Premier League,2943,20192020
data,Kuwait Kuwait Premier League,Kuwait,Kuwait Premier League,5221,20202021
data,Kuwait Kuwait Premier League,Kuwait,Kuwait Premier League,6773,20212022
data,Kuwait Kuwait Premier League,Kuwait,Kuwait Premier League,8142,20222023
data,Kuwait Kuwait Premier League,Kuwait,Kuwait Premier League,10292,20232024
data,Kuwait Kuwait Premier League,Kuwait,Kuwait Premier League,12519,20242025
data,Kuwait Kuwait Premier League,Kuwait,Kuwait Premier League,15825,20252026
data,Kuwait Kuwait Division One,Kuwait,Kuwait Division One,2944,20192020
data,Kuwait Kuwait Division One,Kuwait,Kuwait Division One,5479,20202021
data,Kuwait Kuwait Division One,Kuwait,Kuwait Division One,6774,20212022
data,Kuwait Kuwait Division One,Kuwait,Kuwait Division One,8143,20222023
data,Kuwait Kuwait Division One,Kuwait,Kuwait Division One,10460,20232024
data,Kuwait Kuwait Division One,Kuwait,Kuwait Division One,13008,20242025
data,Kuwait Kuwait Division One,Kuwait,Kuwait Division One,16030,20252026
data,Bahrain Bahraini Premier League,Bahrain,Bahraini Premier League,2946,20192020
data,Bahrain Bahraini Premier League,Bahrain,Bahraini Premier League,5350,20202021
data,Bahrain Bahraini Premier League,Bahrain,Bahraini Premier League,6366,20212022
data,Bahrain Bahraini Premier League,Bahrain,Bahraini Premier League,8360,20222023
data,Bahrain Bahraini Premier League,Bahrain,Bahraini Premier League,10430,20232024
data,Bahrain Bahraini Premier League,Bahrain,Bahraini Premier League,13151,20242025
data,Bahrain Bahraini Premier League,Bahrain,Bahraini Premier League,15740,20252026
data,Palestine West Bank League,Palestine,West Bank League,2950,20192020
data,Palestine West Bank League,Palestine,West Bank League,3171,20172018
data,Palestine West Bank League,Palestine,West Bank League,3172,20182019
data,Palestine West Bank League,Palestine,West Bank League,3174,20152016
data,Palestine West Bank League,Palestine,West Bank League,3274,20162017
data,Palestine West Bank League,Palestine,West Bank League,5251,20202021
data,Palestine West Bank League,Palestine,West Bank League,6686,20212022
data,Palestine West Bank League,Palestine,West Bank League,8367,20222023
data,Palestine West Bank League,Palestine,West Bank League,10376,20232024
data,San Marino Campionato Sammarinese,San Marino,Campionato Sammarinese,2952,20192020
data,San Marino Campionato Sammarinese,San Marino,Campionato Sammarinese,4897,20202021
data,San Marino Campionato Sammarinese,San Marino,Campionato Sammarinese,6612,20212022
data,San Marino Campionato Sammarinese,San Marino,Campionato Sammarinese,8141,20222023
data,San Marino Campionato Sammarinese,San Marino,Campionato Sammarinese,10296,20232024
data,San Marino Campionato Sammarinese,San Marino,Campionato Sammarinese,13349,20242025
data,San Marino Campionato Sammarinese,San Marino,Campionato Sammarinese,15450,20252026
data,Bosnia and Herzegovina Bosnia Cup,Bosnia and Herzegovina,Bosnia Cup,2955,20192020
data,Bosnia and Herzegovina Bosnia Cup,Bosnia and Herzegovina,Bosnia Cup,5078,20202021
data,Bosnia and Herzegovina Bosnia Cup,Bosnia and Herzegovina,Bosnia Cup,6646,20212022
data,Bosnia and Herzegovina Bosnia Cup,Bosnia and Herzegovina,Bosnia Cup,8479,20222023
data,Bosnia and Herzegovina Bosnia Cup,Bosnia and Herzegovina,Bosnia Cup,10703,20232024
data,Bosnia and Herzegovina Bosnia Cup,Bosnia and Herzegovina,Bosnia Cup,13718,20242025
data,Azerbaijan Azerbaidjan Cup,Azerbaijan,Azerbaidjan Cup,2956,20182019
data,Azerbaijan Azerbaidjan Cup,Azerbaijan,Azerbaidjan Cup,3091,20192020
data,Azerbaijan Azerbaidjan Cup,Azerbaijan,Azerbaidjan Cup,5347,20202021
data,Azerbaijan Azerbaidjan Cup,Azerbaijan,Azerbaidjan Cup,6771,20212022
data,Azerbaijan Azerbaidjan Cup,Azerbaijan,Azerbaidjan Cup,8528,20222023
data,Azerbaijan Azerbaidjan Cup,Azerbaijan,Azerbaidjan Cup,10885,20232024
data,Azerbaijan Azerbaidjan Cup,Azerbaijan,Azerbaidjan Cup,13702,20242025
data,Azerbaijan Azerbaidjan Cup,Azerbaijan,Azerbaidjan Cup,16108,20252026
data,Tunisia Tunisia Cup,Tunisia,Tunisia Cup,2957,20182019
data,Tunisia Tunisia Cup,Tunisia,Tunisia Cup,3709,20192020
data,Tunisia Tunisia Cup,Tunisia,Tunisia Cup,5891,20202021
data,Tunisia Tunisia Cup,Tunisia,Tunisia Cup,8880,20212022
data,Tunisia Tunisia Cup,Tunisia,Tunisia Cup,9031,20222023
data,Tunisia Tunisia Cup,Tunisia,Tunisia Cup,11107,20232024
data,Tunisia Tunisia Cup,Tunisia,Tunisia Cup,14132,20242025
data,Syria Syrian Premier League,Syria,Syrian Premier League,2966,20192020
data,Syria Syrian Premier League,Syria,Syrian Premier League,3182,20182019
data,Syria Syrian Premier League,Syria,Syrian Premier League,3186,20162017
data,Syria Syrian Premier League,Syria,Syrian Premier League,3188,20152016
data,Syria Syrian Premier League,Syria,Syrian Premier League,3190,20142015
data,Syria Syrian Premier League,Syria,Syrian Premier League,5202,20202021
data,Syria Syrian Premier League,Syria,Syrian Premier League,6323,20212022
data,Syria Syrian Premier League,Syria,Syrian Premier League,8027,20222023
data,Syria Syrian Premier League,Syria,Syrian Premier League,10742,20232024
data,Syria Syrian Premier League,Syria,Syrian Premier League,13525,20242025
data,Cyprus 3. Division,Cyprus,3. Division,2976,20192020
data,Cyprus 3. Division,Cyprus,3. Division,4015,20132014
data,Cyprus 3. Division,Cyprus,3. Division,4017,20182019
data,Cyprus 3. Division,Cyprus,3. Division,4019,20162017
data,Cyprus 3. Division,Cyprus,3. Division,4025,20142015
data,Cyprus 3. Division,Cyprus,3. Division,4026,20152016
data,Cyprus 3. Division,Cyprus,3. Division,4870,20202021
data,Cyprus 3. Division,Cyprus,3. Division,6560,20212022
data,Cyprus 3. Division,Cyprus,3. Division,9169,20222023
data,Cyprus 3. Division,Cyprus,3. Division,10386,20232024
data,Cyprus 3. Division,Cyprus,3. Division,13279,20242025
data,Cyprus 3. Division,Cyprus,3. Division,16003,20252026
data,Netherlands Eredivisie Women,Netherlands,Eredivisie Women,2987,20192020
data,Netherlands Eredivisie Women,Netherlands,Eredivisie Women,4887,20202021
data,Netherlands Eredivisie Women,Netherlands,Eredivisie Women,6105,20212022
data,Netherlands Eredivisie Women,Netherlands,Eredivisie Women,8433,20222023
data,Netherlands Eredivisie Women,Netherlands,Eredivisie Women,10124,20232024
data,Netherlands Eredivisie Women,Netherlands,Eredivisie Women,12771,20242025
data,Netherlands Eredivisie Women,Netherlands,Eredivisie Women,16005,20252026
data,Poland Ekstraliga Women,Poland,Ekstraliga Women,2992,20192020
data,Poland Ekstraliga Women,Poland,Ekstraliga Women,3981,20132014
data,Poland Ekstraliga Women,Poland,Ekstraliga Women,3982,20172018
data,Poland Ekstraliga Women,Poland,Ekstraliga Women,3984,20162017
data,Poland Ekstraliga Women,Poland,Ekstraliga Women,4600,20202021
data,Poland Ekstraliga Women,Poland,Ekstraliga Women,6291,20212022
data,Poland Ekstraliga Women,Poland,Ekstraliga Women,7806,20222023
data,Poland Ekstraliga Women,Poland,Ekstraliga Women,9790,20232024
data,Poland Ekstraliga Women,Poland,Ekstraliga Women,12630,20242025
data,Poland Ekstraliga Women,Poland,Ekstraliga Women,15030,20252026
data,England Isthmian Premier Division,England,Isthmian Premier Division,2994,20192020
data,England Isthmian Premier Division,England,Isthmian Premier Division,4922,20202021
data,England Isthmian Premier Division,England,Isthmian Premier Division,6160,20212022
data,England Isthmian Premier Division,England,Isthmian Premier Division,7855,20222023
data,England Isthmian Premier Division,England,Isthmian Premier Division,9880,20232024
data,England Isthmian Premier Division,England,Isthmian Premier Division,12818,20242025
data,England Isthmian Premier Division,England,Isthmian Premier Division,15427,20252026
data,England Northern Premier League,England,Northern Premier League,2995,20192020
data,England Northern Premier League,England,Northern Premier League,4930,20202021
data,England Northern Premier League,England,Northern Premier League,6166,20212022
data,England Northern Premier League,England,Northern Premier League,7903,20222023
data,England Northern Premier League,England,Northern Premier League,9881,20232024
data,England Northern Premier League,England,Northern Premier League,12816,20242025
data,England Northern Premier League,England,Northern Premier League,15404,20252026
data,England Southern League Premier Central,England,Southern League Premier Central,2996,20192020
data,England Southern League Premier Central,England,Southern League Premier Central,4926,20202021
data,England Southern League Premier Central,England,Southern League Premier Central,6167,20212022
data,England Southern League Premier Central,England,Southern League Premier Central,7904,20222023
data,England Southern League Premier Central,England,Southern League Premier Central,9886,20232024
data,England Southern League Premier Central,England,Southern League Premier Central,13156,20242025
data,England Southern League Premier Central,England,Southern League Premier Central,15428,20252026
data,Czech Republic 1. Liga Women,Czech Republic,1. Liga Women,2999,20192020
data,Czech Republic 1. Liga Women,Czech Republic,1. Liga Women,3158,20182019
data,Czech Republic 1. Liga Women,Czech Republic,1. Liga Women,3160,20172018
data,Czech Republic 1. Liga Women,Czech Republic,1. Liga Women,3161,20162017
data,Czech Republic 1. Liga Women,Czech Republic,1. Liga Women,3162,20152016
data,Czech Republic 1. Liga Women,Czech Republic,1. Liga Women,4712,20202021
data,Czech Republic 1. Liga Women,Czech Republic,1. Liga Women,6252,20212022
data,Czech Republic 1. Liga Women,Czech Republic,1. Liga Women,7762,20222023
data,Czech Republic 1. Liga Women,Czech Republic,1. Liga Women,9651,20232024
data,Czech Republic 1. Liga Women,Czech Republic,1. Liga Women,12420,20242025
data,Czech Republic 1. Liga Women,Czech Republic,1. Liga Women,14983,20252026
data,England Womens FA Cup,England,Womens FA Cup,3005,20192020
data,England Womens FA Cup,England,Womens FA Cup,3892,20182019
data,England Womens FA Cup,England,Womens FA Cup,3893,20172018
data,England Womens FA Cup,England,Womens FA Cup,3961,20162017
data,England Womens FA Cup,England,Womens FA Cup,3962,20152016
data,England Womens FA Cup,England,Womens FA Cup,3963,20142015
data,England Womens FA Cup,England,Womens FA Cup,3964,20132014
data,England Womens FA Cup,England,Womens FA Cup,5276,20202021
data,England Womens FA Cup,England,Womens FA Cup,6904,20212022
data,England Womens FA Cup,England,Womens FA Cup,8664,20222023
data,England Womens FA Cup,England,Womens FA Cup,10809,20232024
data,England Womens FA Cup,England,Womens FA Cup,13666,20242025
data,Ukraine Ukrainian Women's Premier League,Ukraine,Ukrainian Women's Premier League,3006,20192020
data,Ukraine Ukrainian Women's Premier League,Ukraine,Ukrainian Women's Premier League,4750,20202021
data,Ukraine Ukrainian Women's Premier League,Ukraine,Ukrainian Women's Premier League,6127,20212022
data,Ukraine Ukrainian Women's Premier League,Ukraine,Ukrainian Women's Premier League,8321,20222023
data,Ukraine Ukrainian Women's Premier League,Ukraine,Ukrainian Women's Premier League,10068,20232024
data,Ukraine Ukrainian Women's Premier League,Ukraine,Ukrainian Women's Premier League,12763,20242025
data,Ukraine Ukrainian Women's Premier League,Ukraine,Ukrainian Women's Premier League,15181,20252026
data,Italy Coppa Italia Serie C,Italy,Coppa Italia Serie C,3008,20192020
data,Italy Coppa Italia Serie C,Italy,Coppa Italia Serie C,3913,20152016
data,Italy Coppa Italia Serie C,Italy,Coppa Italia Serie C,3914,20172018
data,Italy Coppa Italia Serie C,Italy,Coppa Italia Serie C,3915,20182019
data,Italy Coppa Italia Serie C,Italy,Coppa Italia Serie C,3918,20142015
data,Italy Coppa Italia Serie C,Italy,Coppa Italia Serie C,3919,20132014
data,Italy Coppa Italia Serie C,Italy,Coppa Italia Serie C,3921,20112012
data,Italy Coppa Italia Serie C,Italy,Coppa Italia Serie C,4239,20102011
data,Italy Coppa Italia Serie C,Italy,Coppa Italia Serie C,4240,20092010
data,Italy Coppa Italia Serie C,Italy,Coppa Italia Serie C,6406,20212022
data,Italy Coppa Italia Serie C,Italy,Coppa Italia Serie C,8429,20222023
data,Italy Coppa Italia Serie C,Italy,Coppa Italia Serie C,10687,20232024
data,Italy Coppa Italia Serie C,Italy,Coppa Italia Serie C,12537,20242025
data,Italy Coppa Italia Serie C,Italy,Coppa Italia Serie C,15529,20252026
data,Norway U19 Elite League,Norway,U19 Elite League,3010,2019
data,Norway U19 Elite League,Norway,U19 Elite League,5192,2020
data,Norway U19 Elite League,Norway,U19 Elite League,5499,2021
data,Norway U19 Elite League,Norway,U19 Elite League,7054,2022
data,Norway U19 Elite League,Norway,U19 Elite League,9451,2023
data,Norway U19 Elite League,Norway,U19 Elite League,11065,2024
data,Norway U19 Elite League,Norway,U19 Elite League,14283,2025
data,Ivory Coast Ivory Coast Ligue 1,Ivory Coast,Ivory Coast Ligue 1,3013,20192020
data,Ivory Coast Ivory Coast Ligue 1,Ivory Coast,Ivory Coast Ligue 1,5685,20182019
data,Ivory Coast Ivory Coast Ligue 1,Ivory Coast,Ivory Coast Ligue 1,5686,20172018
data,Ivory Coast Ivory Coast Ligue 1,Ivory Coast,Ivory Coast Ligue 1,5687,20162017
data,Ivory Coast Ivory Coast Ligue 1,Ivory Coast,Ivory Coast Ligue 1,5776,20202021
data,Ivory Coast Ivory Coast Ligue 1,Ivory Coast,Ivory Coast Ligue 1,6756,20212022
data,Ivory Coast Ivory Coast Ligue 1,Ivory Coast,Ivory Coast Ligue 1,8471,20222023
data,Ivory Coast Ivory Coast Ligue 1,Ivory Coast,Ivory Coast Ligue 1,10755,20232024
data,Ivory Coast Ivory Coast Ligue 1,Ivory Coast,Ivory Coast Ligue 1,13294,20242025
data,Ivory Coast Ivory Coast Ligue 1,Ivory Coast,Ivory Coast Ligue 1,15874,20252026
data,Spain Primera Division Women,Spain,Primera Division Women,3017,20192020
data,Spain Primera Division Women,Spain,Primera Division Women,3132,20182019
data,Spain Primera Division Women,Spain,Primera Division Women,3133,20172018
data,Spain Primera Division Women,Spain,Primera Division Women,3134,20162017
data,Spain Primera Division Women,Spain,Primera Division Women,3135,20152016
data,Spain Primera Division Women,Spain,Primera Division Women,4260,20142015
data,Spain Primera Division Women,Spain,Primera Division Women,4261,20102011
data,Spain Primera Division Women,Spain,Primera Division Women,4262,20132014
data,Spain Primera Division Women,Spain,Primera Division Women,4264,20092010
data,Spain Primera Division Women,Spain,Primera Division Women,4265,20122013
data,Spain Primera Division Women,Spain,Primera Division Women,4269,20112012
data,Spain Primera Division Women,Spain,Primera Division Women,5200,20202021
data,Spain Primera Division Women,Spain,Primera Division Women,6216,20212022
data,Spain Primera Division Women,Spain,Primera Division Women,8206,20222023
data,Spain Primera Division Women,Spain,Primera Division Women,10125,20232024
data,Spain Primera Division Women,Spain,Primera Division Women,13336,20242025
data,Spain Primera Division Women,Spain,Primera Division Women,16013,20252026
data,Saudi Arabia Kings Cup,Saudi Arabia,Kings Cup,3021,20192020
data,Saudi Arabia Kings Cup,Saudi Arabia,Kings Cup,5372,20202021
data,Saudi Arabia Kings Cup,Saudi Arabia,Kings Cup,6787,20212022
data,Saudi Arabia Kings Cup,Saudi Arabia,Kings Cup,8877,20222023
data,Saudi Arabia Kings Cup,Saudi Arabia,Kings Cup,9926,20232024
data,Saudi Arabia Kings Cup,Saudi Arabia,Kings Cup,12144,20242025
data,Saudi Arabia Kings Cup,Saudi Arabia,Kings Cup,15040,20252026
data,England FA Womens National League Cup,England,FA Womens National League Cup,3025,20192020
data,England FA Womens National League Cup,England,FA Womens National League Cup,3935,20172018
data,England FA Womens National League Cup,England,FA Womens National League Cup,3939,20182019
data,England FA Womens National League Cup,England,FA Womens National League Cup,3944,2016
data,England FA Womens National League Cup,England,FA Womens National League Cup,3947,2015
data,England FA Womens National League Cup,England,FA Womens National League Cup,3955,2014
data,England FA Womens National League Cup,England,FA Womens National League Cup,5170,20202021
data,England FA Womens National League Cup,England,FA Womens National League Cup,6650,20212022
data,England FA Womens National League Cup,England,FA Womens National League Cup,8368,20222023
data,England FA Womens National League Cup,England,FA Womens National League Cup,10532,20232024
data,England FA Womens National League Cup,England,FA Womens National League Cup,13566,20242025
data,England FA Womens National League Cup,England,FA Womens National League Cup,16051,20252026
data,Paraguay Copa Paraguay,Paraguay,Copa Paraguay,3026,2019
data,Paraguay Copa Paraguay,Paraguay,Copa Paraguay,6696,2021
data,Paraguay Copa Paraguay,Paraguay,Copa Paraguay,8523,2022
data,Paraguay Copa Paraguay,Paraguay,Copa Paraguay,9411,2023
data,Paraguay Copa Paraguay,Paraguay,Copa Paraguay,12428,2024
data,Paraguay Copa Paraguay,Paraguay,Copa Paraguay,15106,2025
data,Bahrain Bahraini Kings Cup,Bahrain,Bahraini Kings Cup,3031,20192020
data,Bahrain Bahraini Kings Cup,Bahrain,Bahraini Kings Cup,5316,20202021
data,Bahrain Bahraini Kings Cup,Bahrain,Bahraini Kings Cup,6368,20212022
data,Bahrain Bahraini Kings Cup,Bahrain,Bahraini Kings Cup,8365,20222023
data,Bahrain Bahraini Kings Cup,Bahrain,Bahraini Kings Cup,10820,20232024
data,Bahrain Bahraini Kings Cup,Bahrain,Bahraini Kings Cup,16059,20242025
data,Sweden Elitettan Women,Sweden,Elitettan Women,3033,2019
data,Sweden Elitettan Women,Sweden,Elitettan Women,3843,2020
data,Sweden Elitettan Women,Sweden,Elitettan Women,5575,2021
data,Sweden Elitettan Women,Sweden,Elitettan Women,7165,2022
data,Sweden Elitettan Women,Sweden,Elitettan Women,8886,2023
data,Sweden Elitettan Women,Sweden,Elitettan Women,10989,2024
data,Sweden Elitettan Women,Sweden,Elitettan Women,14006,2025
data,Finland Naisten Liiga Women,Finland,Naisten Liiga Women,3036,2019
data,Finland Naisten Liiga Women,Finland,Naisten Liiga Women,3287,2018
data,Finland Naisten Liiga Women,Finland,Naisten Liiga Women,3288,2017
data,Finland Naisten Liiga Women,Finland,Naisten Liiga Women,3289,2016
data,Finland Naisten Liiga Women,Finland,Naisten Liiga Women,3290,2015
data,Finland Naisten Liiga Women,Finland,Naisten Liiga Women,3294,2014
data,Finland Naisten Liiga Women,Finland,Naisten Liiga Women,4442,2020
data,Finland Naisten Liiga Women,Finland,Naisten Liiga Women,5480,2021
data,Finland Naisten Liiga Women,Finland,Naisten Liiga Women,7273,2022
data,Finland Naisten Liiga Women,Finland,Naisten Liiga Women,8957,2023
data,Finland Naisten Liiga Women,Finland,Naisten Liiga Women,11159,2024
data,Finland Naisten Liiga Women,Finland,Naisten Liiga Women,14129,2025
data,Switzerland Nationalliga A Women,Switzerland,Nationalliga A Women,3038,20192020
data,Switzerland Nationalliga A Women,Switzerland,Nationalliga A Women,3283,20182019
data,Switzerland Nationalliga A Women,Switzerland,Nationalliga A Women,3284,20172018
data,Switzerland Nationalliga A Women,Switzerland,Nationalliga A Women,3285,20162017
data,Switzerland Nationalliga A Women,Switzerland,Nationalliga A Women,3286,20152016
data,Switzerland Nationalliga A Women,Switzerland,Nationalliga A Women,4634,20202021
data,Switzerland Nationalliga A Women,Switzerland,Nationalliga A Women,6321,20212022
data,Switzerland Nationalliga A Women,Switzerland,Nationalliga A Women,7781,20222023
data,Switzerland Nationalliga A Women,Switzerland,Nationalliga A Women,9723,20232024
data,Switzerland Nationalliga A Women,Switzerland,Nationalliga A Women,12596,20242025
data,Switzerland Nationalliga A Women,Switzerland,Nationalliga A Women,15121,20252026
data,Belgium 1st National Women,Belgium,1st National Women,3040,20192020
data,Belgium 1st National Women,Belgium,1st National Women,3163,20182019
data,Belgium 1st National Women,Belgium,1st National Women,3164,20172018
data,Belgium 1st National Women,Belgium,1st National Women,3165,20162017
data,Belgium 1st National Women,Belgium,1st National Women,3168,20152016
data,Belgium 1st National Women,Belgium,1st National Women,4700,20202021
data,Belgium 1st National Women,Belgium,1st National Women,6376,20212022
data,Belgium 1st National Women,Belgium,1st National Women,7861,20222023
data,Belgium 1st National Women,Belgium,1st National Women,9806,20232024
data,Belgium 1st National Women,Belgium,1st National Women,12947,20242025
data,Belgium 1st National Women,Belgium,1st National Women,15652,20252026
data,Italy Serie A Women,Italy,Serie A Women,3042,20192020
data,Italy Serie A Women,Italy,Serie A Women,3136,20182019
data,Italy Serie A Women,Italy,Serie A Women,3138,20172018
data,Italy Serie A Women,Italy,Serie A Women,3139,20162017
data,Italy Serie A Women,Italy,Serie A Women,3140,20152016
data,Italy Serie A Women,Italy,Serie A Women,4654,20202021
data,Italy Serie A Women,Italy,Serie A Women,6498,20212022
data,Italy Serie A Women,Italy,Serie A Women,8018,20222023
data,Italy Serie A Women,Italy,Serie A Women,10467,20232024
data,Italy Serie A Women,Italy,Serie A Women,12586,20242025
data,Italy Serie A Women,Italy,Serie A Women,15531,20252026
data,Italy Coppa Italia Women,Italy,Coppa Italia Women,3043,20192020
data,Italy Coppa Italia Women,Italy,Coppa Italia Women,3922,20182019
data,Italy Coppa Italia Women,Italy,Coppa Italia Women,3924,20172018
data,Italy Coppa Italia Women,Italy,Coppa Italia Women,3926,20122013
data,Italy Coppa Italia Women,Italy,Coppa Italia Women,3927,20102011
data,Italy Coppa Italia Women,Italy,Coppa Italia Women,3928,20142015
data,Italy Coppa Italia Women,Italy,Coppa Italia Women,3930,20132014
data,Italy Coppa Italia Women,Italy,Coppa Italia Women,3931,20152016
data,Italy Coppa Italia Women,Italy,Coppa Italia Women,4848,20202021
data,Italy Coppa Italia Women,Italy,Coppa Italia Women,6674,20212022
data,Italy Coppa Italia Women,Italy,Coppa Italia Women,8361,20222023
data,Italy Coppa Italia Women,Italy,Coppa Italia Women,10533,20232024
data,Italy Coppa Italia Women,Italy,Coppa Italia Women,13075,20242025
data,Italy Coppa Italia Women,Italy,Coppa Italia Women,15635,20252026
data,Romania Liga 1 Women,Romania,Liga 1 Women,3045,20192020
data,Romania Liga 1 Women,Romania,Liga 1 Women,3340,20182019
data,Romania Liga 1 Women,Romania,Liga 1 Women,3341,20172018
data,Romania Liga 1 Women,Romania,Liga 1 Women,3342,20162017
data,Romania Liga 1 Women,Romania,Liga 1 Women,3343,20152016
data,Romania Liga 1 Women,Romania,Liga 1 Women,4851,20202021
data,Romania Liga 1 Women,Romania,Liga 1 Women,6588,20212022
data,Romania Liga 1 Women,Romania,Liga 1 Women,8204,20222023
data,Romania Liga 1 Women,Romania,Liga 1 Women,10362,20232024
data,Romania Liga 1 Women,Romania,Liga 1 Women,13049,20242025
data,Romania Liga 1 Women,Romania,Liga 1 Women,15525,20252026
data,Cuba Cuban Primera Division,Cuba,Cuban Primera Division,3051,2019
data,Cuba Cuban Primera Division,Cuba,Cuban Primera Division,3107,2018
data,Cuba Cuban Primera Division,Cuba,Cuban Primera Division,3110,2017
data,Cuba Cuban Primera Division,Cuba,Cuban Primera Division,3112,2016
data,Cuba Cuban Primera Division,Cuba,Cuban Primera Division,3114,2015
data,Cuba Cuban Primera Division,Cuba,Cuban Primera Division,3115,2014
data,Cuba Cuban Primera Division,Cuba,Cuban Primera Division,3867,20192020
data,Cuba Cuban Primera Division,Cuba,Cuban Primera Division,7394,2022
data,Cuba Cuban Primera Division,Cuba,Cuban Primera Division,9019,2023
data,Cuba Cuban Primera Division,Cuba,Cuban Primera Division,11192,2024
data,Cuba Cuban Primera Division,Cuba,Cuban Primera Division,16204,2025
data,Asia AFC U23 Championship,Asia,AFC U23 Championship,3057,2020
data,Asia AFC U23 Championship,Asia,AFC U23 Championship,4084,2018
data,Asia AFC U23 Championship,Asia,AFC U23 Championship,4090,2016
data,Asia AFC U23 Championship,Asia,AFC U23 Championship,7184,2022
data,Asia AFC U23 Championship,Asia,AFC U23 Championship,10882,2024
data,Poland Central Youth League,Poland,Central Youth League,3059,20192020
data,Poland Central Youth League,Poland,Central Youth League,3985,20182019
data,Poland Central Youth League,Poland,Central Youth League,3990,20142015
data,Poland Central Youth League,Poland,Central Youth League,3992,20152016
data,Poland Central Youth League,Poland,Central Youth League,4593,20202021
data,Poland Central Youth League,Poland,Central Youth League,6296,20212022
data,Poland Central Youth League,Poland,Central Youth League,8102,20222023
data,Poland Central Youth League,Poland,Central Youth League,9897,20232024
data,Poland Central Youth League,Poland,Central Youth League,12796,20242025
data,Poland Central Youth League,Poland,Central Youth League,15291,20252026
data,Denmark Reserve League,Denmark,Reserve League,3061,20192020
data,Denmark Reserve League,Denmark,Reserve League,3221,20182019
data,Denmark Reserve League,Denmark,Reserve League,3225,20172018
data,Denmark Reserve League,Denmark,Reserve League,3228,20162017
data,Denmark Reserve League,Denmark,Reserve League,3229,20152016
data,Denmark Reserve League,Denmark,Reserve League,4685,20202021
data,Denmark Reserve League,Denmark,Reserve League,6753,20212022
data,Belgium Reserve Pro League,Belgium,Reserve Pro League,3063,20192020
data,Belgium Reserve Pro League,Belgium,Reserve Pro League,3232,20182019
data,Belgium Reserve Pro League,Belgium,Reserve Pro League,3233,20172018
data,Belgium Reserve Pro League,Belgium,Reserve Pro League,3234,20162017
data,Belgium Reserve Pro League,Belgium,Reserve Pro League,3235,20152016
data,Belgium Reserve Pro League,Belgium,Reserve Pro League,3236,20142015
data,Belgium Reserve Pro League,Belgium,Reserve Pro League,3237,20132014
data,Belgium Reserve Pro League,Belgium,Reserve Pro League,4652,20202021
data,Belgium Reserve Pro League,Belgium,Reserve Pro League,6370,20212022
data,Belgium Reserve Pro League,Belgium,Reserve Pro League,7854,20222023
data,Belgium Reserve Pro League,Belgium,Reserve Pro League,10311,20232024
data,Belgium Reserve Pro League,Belgium,Reserve Pro League,13200,20242025
data,Belgium Reserve Pro League,Belgium,Reserve Pro League,15683,20252026
data,Australia A-League Women,Australia,A-League Women,3067,20192020
data,Australia A-League Women,Australia,A-League Women,3149,20182019
data,Australia A-League Women,Australia,A-League Women,3150,20172018
data,Australia A-League Women,Australia,A-League Women,3151,20162017
data,Australia A-League Women,Australia,A-League Women,3152,20152016
data,Australia A-League Women,Australia,A-League Women,3153,20142015
data,Australia A-League Women,Australia,A-League Women,5368,20202021
data,Australia A-League Women,Australia,A-League Women,6640,20212022
data,Australia A-League Women,Australia,A-League Women,8434,20222023
data,Australia A-League Women,Australia,A-League Women,10555,20232024
data,Australia A-League Women,Australia,A-League Women,13590,20242025
data,Australia A-League Women,Australia,A-League Women,16037,20252026
data,England Premier League Cup U23,England,Premier League Cup U23,3071,20192020
data,England Premier League Cup U23,England,Premier League Cup U23,3259,20182019
data,England Premier League Cup U23,England,Premier League Cup U23,3260,20172018
data,England Premier League Cup U23,England,Premier League Cup U23,3261,20162017
data,England Premier League Cup U23,England,Premier League Cup U23,3880,20152016
data,England Premier League Cup U23,England,Premier League Cup U23,6054,20132014
data,England Premier League Cup U23,England,Premier League Cup U23,6634,20212022
data,England Premier League Cup U23,England,Premier League Cup U23,7458,20142015
data,England Premier League Cup U23,England,Premier League Cup U23,8225,20222023
data,England Premier League Cup U23,England,Premier League Cup U23,10297,20232024
data,England Premier League Cup U23,England,Premier League Cup U23,13391,20242025
data,England Premier League Cup U23,England,Premier League Cup U23,15839,20252026
data,International FIFA U17 World Cup,International,FIFA U17 World Cup,3074,2019
data,International FIFA U17 World Cup,International,FIFA U17 World Cup,14776,2025
data,Australia Y-League,Australia,Y-League,3084,20192020
data,Australia Y-League,Australia,Y-League,3154,20172018
data,Australia Y-League,Australia,Y-League,3155,20182019
data,Australia Y-League,Australia,Y-League,3156,20162017
data,Australia Y-League,Australia,Y-League,3157,20152016
data,Australia Y-League,Australia,Y-League,3159,20142015
data,Vietnam Women's National League,Vietnam,Women's National League,3086,2019
data,Vietnam Women's National League,Vietnam,Women's National League,4836,2020
data,Vietnam Women's National League,Vietnam,Women's National League,5873,2021
data,Vietnam Women's National League,Vietnam,Women's National League,8231,2022
data,Vietnam Women's National League,Vietnam,Women's National League,10748,2023
data,Vietnam Women's National League,Vietnam,Women's National League,11444,2024
data,Vietnam Women's National League,Vietnam,Women's National League,15922,20252026
data,Belgium Reserve Pro League 2,Belgium,Reserve Pro League 2,3090,20192020
data,Belgium Reserve Pro League 2,Belgium,Reserve Pro League 2,4792,20202021
data,Belgium Reserve Pro League 2,Belgium,Reserve Pro League 2,6553,20212022
data,Belgium U21 Cup,Belgium,U21 Cup,3095,20192020
data,Belgium U21 Cup,Belgium,U21 Cup,6554,20212022
data,Belgium U21 Cup,Belgium,U21 Cup,8056,20222023
data,Cameroon Elite One,Cameroon,Elite One,3098,20192020
data,Cameroon Elite One,Cameroon,Elite One,3099,2019
data,Cameroon Elite One,Cameroon,Elite One,3100,2018
data,Cameroon Elite One,Cameroon,Elite One,3101,2017
data,Cameroon Elite One,Cameroon,Elite One,3102,2016
data,Cameroon Elite One,Cameroon,Elite One,3104,2015
data,Cameroon Elite One,Cameroon,Elite One,3105,2014
data,Cameroon Elite One,Cameroon,Elite One,6060,20202021
data,Cameroon Elite One,Cameroon,Elite One,7607,2022
data,Cameroon Elite One,Cameroon,Elite One,8567,20222023
data,Cameroon Elite One,Cameroon,Elite One,10714,20232024
data,Cameroon Elite One,Cameroon,Elite One,16306,20242025
data,France National 3 Group I,France,National 3 Group I,3223,20192020
data,France National 3 Group I,France,National 3 Group I,4734,20202021
data,France National 3 Group I,France,National 3 Group I,6469,20212022
data,France National 3 Group I,France,National 3 Group I,8042,20222023
data,France National 3 Group I,France,National 3 Group I,10177,20232024
data,France National 3 Group I,France,National 3 Group I,12921,20242025
data,France National 3 Group H,France,National 3 Group H,3231,20192020
data,France National 3 Group H,France,National 3 Group H,4740,20202021
data,France National 3 Group H,France,National 3 Group H,6472,20212022
data,France National 3 Group H,France,National 3 Group H,8039,20222023
data,France National 3 Group H,France,National 3 Group H,10184,20232024
data,France National 3 Group H,France,National 3 Group H,12913,20242025
data,France National 3 Group H,France,National 3 Group H,15476,20252026
data,France National 3 Group A,France,National 3 Group A,3238,20192020
data,France National 3 Group A,France,National 3 Group A,4738,20202021
data,France National 3 Group A,France,National 3 Group A,6471,20212022
data,France National 3 Group A,France,National 3 Group A,8040,20222023
data,France National 3 Group A,France,National 3 Group A,10181,20232024
data,France National 3 Group A,France,National 3 Group A,12917,20242025
data,France National 3 Group A,France,National 3 Group A,15486,20252026
data,France National 3 Group F,France,National 3 Group F,3239,20192020
data,France National 3 Group F,France,National 3 Group F,4732,20202021
data,France National 3 Group F,France,National 3 Group F,6468,20212022
data,France National 3 Group F,France,National 3 Group F,8041,20222023
data,France National 3 Group F,France,National 3 Group F,10179,20232024
data,France National 3 Group F,France,National 3 Group F,12907,20242025
data,France National 3 Group F,France,National 3 Group F,15508,20252026
data,France National 3 Group K,France,National 3 Group K,3241,20192020
data,France National 3 Group K,France,National 3 Group K,4727,20202021
data,France National 3 Group K,France,National 3 Group K,6465,20212022
data,France National 3 Group K,France,National 3 Group K,8043,20222023
data,France National 3 Group K,France,National 3 Group K,10169,20232024
data,France National 3 Group E,France,National 3 Group E,3242,20192020
data,France National 3 Group E,France,National 3 Group E,4725,20202021
data,France National 3 Group E,France,National 3 Group E,6464,20212022
data,France National 3 Group E,France,National 3 Group E,8025,20222023
data,France National 3 Group E,France,National 3 Group E,10172,20232024
data,France National 3 Group E,France,National 3 Group E,12929,20242025
data,France National 3 Group E,France,National 3 Group E,15477,20252026
data,France National 3 Group M,France,National 3 Group M,3243,20192020
data,France National 3 Group M,France,National 3 Group M,4723,20202021
data,France National 3 Group M,France,National 3 Group M,6463,20212022
data,France National 3 Group M,France,National 3 Group M,8044,20222023
data,France National 3 Group L,France,National 3 Group L,3249,20192020
data,France National 3 Group L,France,National 3 Group L,4741,20202021
data,France National 3 Group L,France,National 3 Group L,6473,20212022
data,France National 3 Group L,France,National 3 Group L,8045,20222023
data,France National 3 Group D,France,National 3 Group D,3251,20192020
data,France National 3 Group D,France,National 3 Group D,4743,20202021
data,France National 3 Group D,France,National 3 Group D,6467,20212022
data,France National 3 Group D,France,National 3 Group D,8022,20222023
data,France National 3 Group D,France,National 3 Group D,10185,20232024
data,France National 3 Group D,France,National 3 Group D,12926,20242025
data,France National 3 Group D,France,National 3 Group D,15490,20252026
data,Antigua and Barbuda ABFA Premier League,Antigua and Barbuda,ABFA Premier League,3263,20192020
data,Antigua and Barbuda ABFA Premier League,Antigua and Barbuda,ABFA Premier League,8736,20222023
data,Antigua and Barbuda ABFA Premier League,Antigua and Barbuda,ABFA Premier League,10873,20232024
data,Antigua and Barbuda ABFA Premier League,Antigua and Barbuda,ABFA Premier League,13720,20242025
data,Belize Belize Premier League,Belize,Belize Premier League,3265,20192020
data,Belize Belize Premier League,Belize,Belize Premier League,6817,20212022
data,Belize Belize Premier League,Belize,Belize Premier League,7983,20222023
data,Belize Belize Premier League,Belize,Belize Premier League,10303,20232024
data,Belize Belize Premier League,Belize,Belize Premier League,13088,20242025
data,Belize Belize Premier League,Belize,Belize Premier League,15571,20252026
data,Russia PFL,Russia,PFL,3266,20182019
data,Russia PFL,Russia,PFL,3267,20172018
data,Russia PFL,Russia,PFL,3268,20162017
data,Russia PFL,Russia,PFL,3272,20152016
data,Russia PFL,Russia,PFL,3276,20142015
data,Russia PFL,Russia,PFL,3862,20192020
data,Russia PFL,Russia,PFL,4573,20202021
data,Russia PFL,Russia,PFL,8490,20222023
data,Benin Championnat National,Benin,Championnat National,3271,20192020
data,Benin Championnat National,Benin,Championnat National,5549,2021
data,Benin Championnat National,Benin,Championnat National,6892,20212022
data,Benin Championnat National,Benin,Championnat National,9319,20222023
data,Benin Championnat National,Benin,Championnat National,10767,20232024
data,Benin Championnat National,Benin,Championnat National,13620,20242025
data,Benin Championnat National,Benin,Championnat National,16109,20252026
data,Bermuda Bermudian Premier Division,Bermuda,Bermudian Premier Division,3277,20192020
data,Bermuda Bermudian Premier Division,Bermuda,Bermudian Premier Division,5002,20202021
data,Bermuda Bermudian Premier Division,Bermuda,Bermudian Premier Division,6770,20212022
data,Bermuda Bermudian Premier Division,Bermuda,Bermudian Premier Division,8448,20222023
data,Bermuda Bermudian Premier Division,Bermuda,Bermudian Premier Division,10692,20232024
data,Bermuda Bermudian Premier Division,Bermuda,Bermudian Premier Division,13660,20242025
data,Brazil Carioca 1,Brazil,Carioca 1,3293,2019
data,Brazil Carioca 1,Brazil,Carioca 1,3504,2020
data,Brazil Carioca 1,Brazil,Carioca 1,5412,2021
data,Brazil Carioca 1,Brazil,Carioca 1,6884,2022
data,Brazil Carioca 1,Brazil,Carioca 1,8869,2023
data,Brazil Carioca 1,Brazil,Carioca 1,10887,2024
data,Brazil Carioca 1,Brazil,Carioca 1,13803,2025
data,Brazil Gaucho 1,Brazil,Gaucho 1,3295,2019
data,Brazil Gaucho 1,Brazil,Gaucho 1,3544,2020
data,Brazil Gaucho 1,Brazil,Gaucho 1,5391,2021
data,Brazil Gaucho 1,Brazil,Gaucho 1,6886,2022
data,Brazil Gaucho 1,Brazil,Gaucho 1,8616,2023
data,Brazil Gaucho 1,Brazil,Gaucho 1,10896,2024
data,Brazil Gaucho 1,Brazil,Gaucho 1,13939,2025
data,Montenegro Montenegrin Second League,Montenegro,Montenegrin Second League,3297,20182019
data,Montenegro Montenegrin Second League,Montenegro,Montenegrin Second League,3299,20172018
data,Montenegro Montenegrin Second League,Montenegro,Montenegrin Second League,3300,20162017
data,Montenegro Montenegrin Second League,Montenegro,Montenegrin Second League,3301,20152016
data,Montenegro Montenegrin Second League,Montenegro,Montenegrin Second League,3302,20142015
data,Montenegro Montenegrin Second League,Montenegro,Montenegrin Second League,4407,20192020
data,Montenegro Montenegrin Second League,Montenegro,Montenegrin Second League,4772,20202021
data,Montenegro Montenegrin Second League,Montenegro,Montenegrin Second League,5973,20212022
data,Montenegro Montenegrin Second League,Montenegro,Montenegrin Second League,7474,20222023
data,Montenegro Montenegrin Second League,Montenegro,Montenegrin Second League,9599,20232024
data,Montenegro Montenegrin Second League,Montenegro,Montenegrin Second League,12825,20242025
data,Montenegro Montenegrin Second League,Montenegro,Montenegrin Second League,15142,20252026
data,Brazil Mineiro 1,Brazil,Mineiro 1,3298,2019
data,Brazil Mineiro 1,Brazil,Mineiro 1,3499,2020
data,Brazil Mineiro 1,Brazil,Mineiro 1,5388,2021
data,Brazil Mineiro 1,Brazil,Mineiro 1,6887,2022
data,Brazil Mineiro 1,Brazil,Mineiro 1,8657,2023
data,Brazil Mineiro 1,Brazil,Mineiro 1,10932,2024
data,Brazil Mineiro 1,Brazil,Mineiro 1,13877,2025
data,Brazil Baiano 1,Brazil,Baiano 1,3309,2019
data,Brazil Baiano 1,Brazil,Baiano 1,3500,2020
data,Brazil Baiano 1,Brazil,Baiano 1,5407,2021
data,Brazil Baiano 1,Brazil,Baiano 1,6853,2022
data,Brazil Baiano 1,Brazil,Baiano 1,8621,2023
data,Brazil Baiano 1,Brazil,Baiano 1,10901,2024
data,Brazil Baiano 1,Brazil,Baiano 1,13770,2025
data,Brazil Catarinense 1,Brazil,Catarinense 1,3316,2019
data,Brazil Catarinense 1,Brazil,Catarinense 1,3509,2020
data,Brazil Catarinense 1,Brazil,Catarinense 1,5389,2021
data,Brazil Catarinense 1,Brazil,Catarinense 1,6854,2022
data,Brazil Catarinense 1,Brazil,Catarinense 1,8653,2023
data,Brazil Catarinense 1,Brazil,Catarinense 1,10905,2024
data,Brazil Catarinense 1,Brazil,Catarinense 1,16131,2025
data,Burkina Faso Burkinabé Premier League,Burkina Faso,Burkinabé Premier League,3321,20192020
data,Burkina Faso Burkinabé Premier League,Burkina Faso,Burkinabé Premier League,5451,20202021
data,Burkina Faso Burkinabé Premier League,Burkina Faso,Burkinabé Premier League,6645,20212022
data,Burkina Faso Burkinabé Premier League,Burkina Faso,Burkinabé Premier League,8240,20222023
data,Burkina Faso Burkinabé Premier League,Burkina Faso,Burkinabé Premier League,10043,20232024
data,Burkina Faso Burkinabé Premier League,Burkina Faso,Burkinabé Premier League,13673,20242025
data,Burkina Faso Burkinabé Premier League,Burkina Faso,Burkinabé Premier League,16095,20252026
data,Portugal Liga Revelacao U23,Portugal,Liga Revelacao U23,3322,20182019
data,Portugal Liga Revelacao U23,Portugal,Liga Revelacao U23,4027,20192020
data,Portugal Liga Revelacao U23,Portugal,Liga Revelacao U23,4977,20202021
data,Portugal Liga Revelacao U23,Portugal,Liga Revelacao U23,6310,20212022
data,Portugal Liga Revelacao U23,Portugal,Liga Revelacao U23,8070,20222023
data,Portugal Liga Revelacao U23,Portugal,Liga Revelacao U23,9753,20232024
data,Portugal Liga Revelacao U23,Portugal,Liga Revelacao U23,12660,20242025
data,Portugal Liga Revelacao U23,Portugal,Liga Revelacao U23,15449,20252026
data,Guadeloupe Guadeloupe Division of Honor,Guadeloupe,Guadeloupe Division of Honor,3327,20192020
data,Guadeloupe Guadeloupe Division of Honor,Guadeloupe,Guadeloupe Division of Honor,5359,20202021
data,Guadeloupe Guadeloupe Division of Honor,Guadeloupe,Guadeloupe Division of Honor,6822,20212022
data,Guadeloupe Guadeloupe Division of Honor,Guadeloupe,Guadeloupe Division of Honor,8214,20222023
data,Guadeloupe Guadeloupe Division of Honor,Guadeloupe,Guadeloupe Division of Honor,10270,20232024
data,Guadeloupe Guadeloupe Division of Honor,Guadeloupe,Guadeloupe Division of Honor,13444,20242025
data,Guadeloupe Guadeloupe Division of Honor,Guadeloupe,Guadeloupe Division of Honor,15925,20252026
data,Canada Canadian Soccer League,Canada,Canadian Soccer League,3339,2019
data,Canada Canadian Soccer League,Canada,Canadian Soccer League,4766,2020
data,Canada Canadian Soccer League,Canada,Canadian Soccer League,6581,2021
data,Canada Canadian Soccer League,Canada,Canadian Soccer League,7351,2022
data,Canada Canadian Soccer League,Canada,Canadian Soccer League,9343,2023
data,Canada Canadian Soccer League,Canada,Canadian Soccer League,11953,2024
data,Canada Canadian Soccer League,Canada,Canadian Soccer League,14701,2025
data,Congo Congo Premier League,Congo,Congo Premier League,3345,20192020
data,Congo Congo Premier League,Congo,Congo Premier League,5471,20202021
data,Congo Congo Premier League,Congo,Congo Premier League,6818,20212022
data,Congo Congo Premier League,Congo,Congo Premier League,8447,20222023
data,Congo Congo Premier League,Congo,Congo Premier League,10821,20232024
data,Congo Congo Premier League,Congo,Congo Premier League,16066,20252026
data,Mauritius Mauritian League,Mauritius,Mauritian League,3349,20192020
data,Mauritius Mauritian League,Mauritius,Mauritian League,5293,20202021
data,Mauritius Mauritian League,Mauritius,Mauritian League,8524,20222023
data,Mauritius Mauritian League,Mauritius,Mauritian League,11179,20232024
data,Mauritius Mauritian League,Mauritius,Mauritian League,13773,20242025
data,Gabon Championnat D1,Gabon,Championnat D1,3351,2019
data,Gabon Championnat D1,Gabon,Championnat D1,3679,2020
data,Gabon Championnat D1,Gabon,Championnat D1,7519,2022
data,Gabon Championnat D1,Gabon,Championnat D1,9014,2023
data,Gabon Championnat D1,Gabon,Championnat D1,11369,20232024
data,Gabon Championnat D1,Gabon,Championnat D1,13764,20242025
data,Haiti Ligue Haïtienne,Haiti,Ligue Haïtienne,3353,2019
data,Haiti Ligue Haïtienne,Haiti,Ligue Haïtienne,5152,20202021
data,Haiti Ligue Haïtienne,Haiti,Ligue Haïtienne,5153,2020
data,Haiti Ligue Haïtienne,Haiti,Ligue Haïtienne,11370,2024
data,Haiti Ligue Haïtienne,Haiti,Ligue Haïtienne,14514,2025
data,Israel Liga Bet,Israel,Liga Bet,3355,20192020
data,Israel Liga Bet,Israel,Liga Bet,3382,20182019
data,Israel Liga Bet,Israel,Liga Bet,3383,20172018
data,Israel Liga Bet,Israel,Liga Bet,3384,20162017
data,Israel Liga Bet,Israel,Liga Bet,5249,20202021
data,Israel Liga Bet,Israel,Liga Bet,6572,20212022
data,Israel Liga Bet,Israel,Liga Bet,8340,20222023
data,Togo Championnat National,Togo,Championnat National,3357,20192020
data,Togo Championnat National,Togo,Championnat National,3378,20182019
data,Togo Championnat National,Togo,Championnat National,3379,20172018
data,Togo Championnat National,Togo,Championnat National,3380,20162017
data,Togo Championnat National,Togo,Championnat National,3381,2014
data,Togo Championnat National,Togo,Championnat National,5804,20202021
data,Togo Championnat National,Togo,Championnat National,6830,20212022
data,Togo Championnat National,Togo,Championnat National,8513,20222023
data,Togo Championnat National,Togo,Championnat National,10794,20232024
data,Togo Championnat National,Togo,Championnat National,13905,20242025
data,South Korea K4 League,South Korea,K4 League,3359,2019
data,South Korea K4 League,South Korea,K4 League,4393,2020
data,South Korea K4 League,South Korea,K4 League,5648,2021
data,South Korea K4 League,South Korea,K4 League,7139,2022
data,South Korea K4 League,South Korea,K4 League,10686,2023
data,South Korea K4 League,South Korea,K4 League,11274,2024
data,South Korea K4 League,South Korea,K4 League,14277,2025
data,Libya Libyan Premier League,Libya,Libyan Premier League,3362,20182019
data,Libya Libyan Premier League,Libya,Libyan Premier League,5482,20202021
data,Libya Libyan Premier League,Libya,Libyan Premier League,6778,20212022
data,Libya Libyan Premier League,Libya,Libyan Premier League,8308,20222023
data,Libya Libyan Premier League,Libya,Libyan Premier League,10829,20232024
data,Libya Libyan Premier League,Libya,Libyan Premier League,16141,20242025
data,Lesotho Lesotho Premier League,Lesotho,Lesotho Premier League,3368,20192020
data,Lesotho Lesotho Premier League,Lesotho,Lesotho Premier League,3374,20172018
data,Lesotho Lesotho Premier League,Lesotho,Lesotho Premier League,3375,20162017
data,Lesotho Lesotho Premier League,Lesotho,Lesotho Premier League,3376,20152016
data,Lesotho Lesotho Premier League,Lesotho,Lesotho Premier League,3377,20142015
data,Lesotho Lesotho Premier League,Lesotho,Lesotho Premier League,5535,20202022
data,Lesotho Lesotho Premier League,Lesotho,Lesotho Premier League,8366,20222023
data,Lesotho Lesotho Premier League,Lesotho,Lesotho Premier League,10306,20232024
data,Lesotho Lesotho Premier League,Lesotho,Lesotho Premier League,13644,20242025
data,Lesotho Lesotho Premier League,Lesotho,Lesotho Premier League,16024,20252026
data,Lebanon Lebanese Premier League,Lebanon,Lebanese Premier League,3369,20182019
data,Lebanon Lebanese Premier League,Lebanon,Lebanese Premier League,3371,20172018
data,Lebanon Lebanese Premier League,Lebanon,Lebanese Premier League,3372,20162017
data,Lebanon Lebanese Premier League,Lebanon,Lebanese Premier League,3373,20152016
data,Lebanon Lebanese Premier League,Lebanon,Lebanese Premier League,5050,20202021
data,Lebanon Lebanese Premier League,Lebanon,Lebanese Premier League,5051,20192020
data,Lebanon Lebanese Premier League,Lebanon,Lebanese Premier League,6481,20212022
data,Lebanon Lebanese Premier League,Lebanon,Lebanese Premier League,8260,20222023
data,Lebanon Lebanese Premier League,Lebanon,Lebanese Premier League,9573,20232024
data,Lebanon Lebanese Premier League,Lebanon,Lebanese Premier League,14910,20242025
data,Lebanon Lebanese Premier League,Lebanon,Lebanese Premier League,15951,20252026
data,Mauritania Super D1,Mauritania,Super D1,3389,20192020
data,Mauritania Super D1,Mauritania,Super D1,5366,20202021
data,Mauritania Super D1,Mauritania,Super D1,6682,20212022
data,Mauritania Super D1,Mauritania,Super D1,8485,20222023
data,Mauritania Super D1,Mauritania,Super D1,10206,20232024
data,Mauritania Super D1,Mauritania,Super D1,13371,20242025
data,Mauritania Super D1,Mauritania,Super D1,16133,20252026
data,Oman Professional League,Oman,Professional League,3391,20192020
data,Oman Professional League,Oman,Professional League,5337,20202021
data,Oman Professional League,Oman,Professional League,6783,20212022
data,Oman Professional League,Oman,Professional League,8059,20222023
data,Oman Professional League,Oman,Professional League,10302,20232024
data,Oman Professional League,Oman,Professional League,13066,20242025
data,Oman Professional League,Oman,Professional League,15545,20252026
data,Senegal Senegal Premier League,Senegal,Senegal Premier League,3393,20192020
data,Senegal Senegal Premier League,Senegal,Senegal Premier League,5373,20202021
data,Senegal Senegal Premier League,Senegal,Senegal Premier League,6788,20212022
data,Senegal Senegal Premier League,Senegal,Senegal Premier League,8357,20222023
data,Senegal Senegal Premier League,Senegal,Senegal Premier League,10739,20232024
data,Senegal Senegal Premier League,Senegal,Senegal Premier League,13648,20242025
data,South Africa National First Division,South Africa,National First Division,3395,20192020
data,South Africa National First Division,South Africa,National First Division,5302,20202021
data,South Africa National First Division,South Africa,National First Division,6308,20212022
data,South Africa National First Division,South Africa,National First Division,8241,20222023
data,South Africa National First Division,South Africa,National First Division,10465,20232024
data,South Africa National First Division,South Africa,National First Division,13303,20242025
data,South Africa National First Division,South Africa,National First Division,15872,20252026
data,Brazil Cearense 1,Brazil,Cearense 1,3397,2019
data,Brazil Cearense 1,Brazil,Cearense 1,3865,2020
data,Brazil Cearense 1,Brazil,Cearense 1,5550,2021
data,Brazil Cearense 1,Brazil,Cearense 1,6855,2022
data,Brazil Cearense 1,Brazil,Cearense 1,8619,2023
data,Brazil Cearense 1,Brazil,Cearense 1,10857,2024
data,Brazil Cearense 1,Brazil,Cearense 1,13851,2025
data,Brazil Goiano 1,Brazil,Goiano 1,3399,2019
data,Brazil Goiano 1,Brazil,Goiano 1,3546,2020
data,Brazil Goiano 1,Brazil,Goiano 1,5565,2021
data,Brazil Goiano 1,Brazil,Goiano 1,6857,2022
data,Brazil Goiano 1,Brazil,Goiano 1,8634,2023
data,Brazil Goiano 1,Brazil,Goiano 1,10889,2024
data,Brazil Goiano 1,Brazil,Goiano 1,13830,2025
data,Brazil Paranaense 1,Brazil,Paranaense 1,3401,2019
data,Brazil Paranaense 1,Brazil,Paranaense 1,3864,2020
data,Brazil Paranaense 1,Brazil,Paranaense 1,5775,2021
data,Brazil Paranaense 1,Brazil,Paranaense 1,6858,2022
data,Brazil Paranaense 1,Brazil,Paranaense 1,8635,2023
data,Brazil Paranaense 1,Brazil,Paranaense 1,10877,2024
data,Brazil Paranaense 1,Brazil,Paranaense 1,13790,2025
data,Brazil Pernambucano 1,Brazil,Pernambucano 1,3404,2019
data,Brazil Pernambucano 1,Brazil,Pernambucano 1,3512,2020
data,Brazil Pernambucano 1,Brazil,Pernambucano 1,5545,2021
data,Brazil Pernambucano 1,Brazil,Pernambucano 1,6859,2022
data,Brazil Pernambucano 1,Brazil,Pernambucano 1,8863,2023
data,Brazil Pernambucano 1,Brazil,Pernambucano 1,10934,2024
data,Brazil Pernambucano 1,Brazil,Pernambucano 1,13855,2025
data,Brazil Acreano,Brazil,Acreano,3408,2019
data,Brazil Acreano,Brazil,Acreano,3513,2020
data,Brazil Acreano,Brazil,Acreano,5998,2021
data,Brazil Acreano,Brazil,Acreano,7034,2022
data,Brazil Acreano,Brazil,Acreano,8790,2023
data,Brazil Acreano,Brazil,Acreano,11040,2024
data,Brazil Acreano,Brazil,Acreano,13827,2025
data,Brazil Alagoano,Brazil,Alagoano,3410,2019
data,Brazil Alagoano,Brazil,Alagoano,3518,2020
data,Brazil Alagoano,Brazil,Alagoano,5410,2021
data,Brazil Alagoano,Brazil,Alagoano,6862,2022
data,Brazil Alagoano,Brazil,Alagoano,8622,2023
data,Brazil Alagoano,Brazil,Alagoano,10923,2024
data,Brazil Alagoano,Brazil,Alagoano,14133,2025
data,Brazil Amapaense,Brazil,Amapaense,3414,2019
data,Brazil Amapaense,Brazil,Amapaense,3661,2020
data,Brazil Amapaense,Brazil,Amapaense,5997,2021
data,Brazil Amapaense,Brazil,Amapaense,7236,2022
data,Brazil Amapaense,Brazil,Amapaense,9114,2023
data,Brazil Amapaense,Brazil,Amapaense,10947,2024
data,Brazil Amapaense,Brazil,Amapaense,13949,2025
data,Brazil Amazonense,Brazil,Amazonense,3420,2019
data,Brazil Amazonense,Brazil,Amazonense,3520,2020
data,Brazil Amazonense,Brazil,Amazonense,5409,2021
data,Brazil Amazonense,Brazil,Amazonense,6865,2022
data,Brazil Amazonense,Brazil,Amazonense,8864,2023
data,Brazil Amazonense,Brazil,Amazonense,10944,2024
data,Brazil Amazonense,Brazil,Amazonense,13813,2025
data,Brazil Brasiliense,Brazil,Brasiliense,3421,2019
data,Brazil Brasiliense,Brazil,Brasiliense,3847,2020
data,Brazil Brasiliense,Brazil,Brasiliense,5408,2021
data,Brazil Brasiliense,Brazil,Brasiliense,6866,2022
data,Brazil Brasiliense,Brazil,Brasiliense,8671,2023
data,Brazil Brasiliense,Brazil,Brasiliense,10914,2024
data,Brazil Brasiliense,Brazil,Brasiliense,13772,2025
data,Brazil Capixaba,Brazil,Capixaba,3422,2019
data,Brazil Capixaba,Brazil,Capixaba,3524,2020
data,Brazil Capixaba,Brazil,Capixaba,5411,2021
data,Brazil Capixaba,Brazil,Capixaba,6867,2022
data,Brazil Capixaba,Brazil,Capixaba,8701,2023
data,Brazil Capixaba,Brazil,Capixaba,10908,2024
data,Brazil Maranhense,Brazil,Maranhense,3424,2019
data,Brazil Maranhense,Brazil,Maranhense,3529,2020
data,Brazil Maranhense,Brazil,Maranhense,5392,2021
data,Brazil Maranhense,Brazil,Maranhense,6868,2022
data,Brazil Maranhense,Brazil,Maranhense,8658,2023
data,Brazil Maranhense,Brazil,Maranhense,10888,2024
data,Brazil Maranhense,Brazil,Maranhense,14039,2025
data,Brazil Matogrossense,Brazil,Matogrossense,3427,2019
data,Brazil Matogrossense,Brazil,Matogrossense,3530,2020
data,Brazil Matogrossense,Brazil,Matogrossense,5395,2021
data,Brazil Matogrossense,Brazil,Matogrossense,6870,2022
data,Brazil Matogrossense,Brazil,Matogrossense,8666,2023
data,Brazil Matogrossense,Brazil,Matogrossense,10929,2024
data,Brazil Matogrossense,Brazil,Matogrossense,13777,2025
data,Brazil Paraense,Brazil,Paraense,3430,2019
data,Brazil Paraense,Brazil,Paraense,3532,2020
data,Brazil Paraense,Brazil,Paraense,5396,2021
data,Brazil Paraense,Brazil,Paraense,7016,2022
data,Brazil Paraense,Brazil,Paraense,9036,2023
data,Brazil Paraense,Brazil,Paraense,11010,2024
data,Brazil Paraense,Brazil,Paraense,13920,2025
data,Brazil Sergipano,Brazil,Sergipano,3434,2019
data,Brazil Sergipano,Brazil,Sergipano,3535,2020
data,Brazil Sergipano,Brazil,Sergipano,5417,2021
data,Brazil Sergipano,Brazil,Sergipano,6860,2022
data,Brazil Sergipano,Brazil,Sergipano,8623,2023
data,Brazil Sergipano,Brazil,Sergipano,10913,2024
data,Brazil Sergipano,Brazil,Sergipano,13826,2025
data,Brazil Potiguar,Brazil,Potiguar,3437,2019
data,Brazil Potiguar,Brazil,Potiguar,3764,2020
data,Brazil Potiguar,Brazil,Potiguar,5591,2021
data,Brazil Potiguar,Brazil,Potiguar,6875,2022
data,Brazil Potiguar,Brazil,Potiguar,8641,2023
data,Brazil Potiguar,Brazil,Potiguar,10945,2024
data,Brazil Potiguar,Brazil,Potiguar,13791,2025
data,Greece Super League K19,Greece,Super League K19,3441,20192020
data,Greece Super League K19,Greece,Super League K19,4952,20202021
data,Greece Super League K19,Greece,Super League K19,6652,20212022
data,Greece Super League K19,Greece,Super League K19,8328,20222023
data,Greece Super League K19,Greece,Super League K19,10538,20232024
data,Greece Super League K19,Greece,Super League K19,13445,20242025
data,Greece Super League K19,Greece,Super League K19,15921,20252026
data,Grenada GFA Premier League,Grenada,GFA Premier League,3444,2018
data,Grenada GFA Premier League,Grenada,GFA Premier League,5843,2021
data,Grenada GFA Premier League,Grenada,GFA Premier League,9548,2023
data,Grenada GFA Premier League,Grenada,GFA Premier League,11532,2024
data,Grenada GFA Premier League,Grenada,GFA Premier League,14734,2025
data,Pakistan Pakistan Premier League,Pakistan,Pakistan Premier League,3448,20182019
data,Pakistan Pakistan Premier League,Pakistan,Pakistan Premier League,6420,20212022
data,Sierra Leone Sierra Leone National Premier League,Sierra Leone,Sierra Leone National Premier League,3451,2020
data,Sierra Leone Sierra Leone National Premier League,Sierra Leone,Sierra Leone National Premier League,5805,2021
data,Sierra Leone Sierra Leone National Premier League,Sierra Leone,Sierra Leone National Premier League,10802,20232024
data,Sierra Leone Sierra Leone National Premier League,Sierra Leone,Sierra Leone National Premier League,13953,20242025
data,Brazil Paraibano,Brazil,Paraibano,3455,2019
data,Brazil Paraibano,Brazil,Paraibano,3664,2020
data,Brazil Paraibano,Brazil,Paraibano,5466,2021
data,Brazil Paraibano,Brazil,Paraibano,6883,2022
data,Brazil Paraibano,Brazil,Paraibano,8670,2023
data,Brazil Paraibano,Brazil,Paraibano,11064,2024
data,Brazil Paraibano,Brazil,Paraibano,13809,2025
data,Brazil Piauiense,Brazil,Piauiense,3457,2019
data,Brazil Piauiense,Brazil,Piauiense,3542,2020
data,Brazil Piauiense,Brazil,Piauiense,5465,2021
data,Brazil Piauiense,Brazil,Piauiense,6873,2022
data,Brazil Piauiense,Brazil,Piauiense,8699,2023
data,Brazil Piauiense,Brazil,Piauiense,10875,2024
data,Brazil Piauiense,Brazil,Piauiense,13812,2025
data,Brazil Rondoniense,Brazil,Rondoniense,3459,2019
data,Brazil Rondoniense,Brazil,Rondoniense,3666,2020
data,Brazil Rondoniense,Brazil,Rondoniense,5467,2021
data,Brazil Rondoniense,Brazil,Rondoniense,7017,2022
data,Brazil Rondoniense,Brazil,Rondoniense,8870,2023
data,Brazil Rondoniense,Brazil,Rondoniense,10984,2024
data,Brazil Rondoniense,Brazil,Rondoniense,13985,2025
data,Brazil Sul-Matogrossense,Brazil,Sul-Matogrossense,3461,2019
data,Brazil Sul-Matogrossense,Brazil,Sul-Matogrossense,3543,2020
data,Brazil Sul-Matogrossense,Brazil,Sul-Matogrossense,5418,2021
data,Brazil Sul-Matogrossense,Brazil,Sul-Matogrossense,6874,2022
data,Brazil Sul-Matogrossense,Brazil,Sul-Matogrossense,8656,2023
data,Brazil Sul-Matogrossense,Brazil,Sul-Matogrossense,11011,2024
data,Brazil Sul-Matogrossense,Brazil,Sul-Matogrossense,13908,2025
data,Brazil Roraimense,Brazil,Roraimense,3463,2019
data,Brazil Roraimense,Brazil,Roraimense,3866,2020
data,Brazil Roraimense,Brazil,Roraimense,5826,2021
data,Brazil Roraimense,Brazil,Roraimense,7094,2022
data,Brazil Roraimense,Brazil,Roraimense,9105,2023
data,Brazil Roraimense,Brazil,Roraimense,11374,2024
data,Brazil Roraimense,Brazil,Roraimense,14114,2025
data,Brazil Gaucho 2,Brazil,Gaucho 2,3465,2019
data,Brazil Gaucho 2,Brazil,Gaucho 2,3670,2020
data,Brazil Gaucho 2,Brazil,Gaucho 2,6228,2021
data,Brazil Gaucho 2,Brazil,Gaucho 2,7244,2022
data,Brazil Gaucho 2,Brazil,Gaucho 2,9188,2023
data,Brazil Gaucho 2,Brazil,Gaucho 2,11388,2024
data,Brazil Gaucho 2,Brazil,Gaucho 2,14907,2025
data,Brazil Mineiro 2,Brazil,Mineiro 2,3467,2019
data,Brazil Mineiro 2,Brazil,Mineiro 2,3549,2020
data,Brazil Mineiro 2,Brazil,Mineiro 2,5999,2021
data,Brazil Mineiro 2,Brazil,Mineiro 2,7249,2022
data,Brazil Mineiro 2,Brazil,Mineiro 2,9118,2023
data,Brazil Mineiro 2,Brazil,Mineiro 2,11344,2024
data,Brazil Mineiro 2,Brazil,Mineiro 2,14381,2025
data,Brazil Baiano 2,Brazil,Baiano 2,3469,2019
data,Brazil Baiano 2,Brazil,Baiano 2,5011,2020
data,Brazil Baiano 2,Brazil,Baiano 2,5830,2021
data,Brazil Baiano 2,Brazil,Baiano 2,7237,2022
data,Brazil Baiano 2,Brazil,Baiano 2,9121,2023
data,Brazil Baiano 2,Brazil,Baiano 2,11538,2024
data,Brazil Baiano 2,Brazil,Baiano 2,16288,2025
data,Brazil Carioca U20,Brazil,Carioca U20,3477,2019
data,Brazil Carioca U20,Brazil,Carioca U20,5162,2020
data,Brazil Carioca U20,Brazil,Carioca U20,5658,2021
data,Brazil Carioca U20,Brazil,Carioca U20,7095,2022
data,Brazil Carioca U20,Brazil,Carioca U20,8955,2023
data,Brazil Carioca U20,Brazil,Carioca U20,11415,2024
data,Brazil Carioca U20,Brazil,Carioca U20,14717,2025
data,Canada PCSL,Canada,PCSL,3480,2019
data,Canada PCSL,Canada,PCSL,6005,2021
data,Canada PCSL,Canada,PCSL,7396,2022
data,Canada PCSL,Canada,PCSL,9196,2023
data,Canada PCSL,Canada,PCSL,11428,2024
data,Canada PCSL,Canada,PCSL,16175,2025
data,Somalia Somali First Division,Somalia,Somali First Division,3482,2019
data,Somalia Somali First Division,Somalia,Somali First Division,4463,2020
data,Somalia Somali First Division,Somalia,Somali First Division,5444,20202021
data,Somalia Somali First Division,Somalia,Somali First Division,7475,2022
data,Somalia Somali First Division,Somalia,Somali First Division,11038,20232024
data,Somalia Somali First Division,Somalia,Somali First Division,13788,20242025
data,Trinidad and Tobago TT Pro League,Trinidad and Tobago,TT Pro League,3484,20192020
data,Trinidad and Tobago TT Pro League,Trinidad and Tobago,TT Pro League,9037,2023
data,Trinidad and Tobago TT Pro League,Trinidad and Tobago,TT Pro League,10874,20232024
data,Trinidad and Tobago TT Pro League,Trinidad and Tobago,TT Pro League,13852,20242025
data,Brazil Catarinense 2,Brazil,Catarinense 2,3485,2019
data,Brazil Catarinense 2,Brazil,Catarinense 2,5173,2020
data,Brazil Catarinense 2,Brazil,Catarinense 2,5990,2021
data,Brazil Catarinense 2,Brazil,Catarinense 2,7235,2022
data,Brazil Catarinense 2,Brazil,Catarinense 2,9142,2023
data,Brazil Catarinense 2,Brazil,Catarinense 2,11343,2024
data,Brazil Catarinense 2,Brazil,Catarinense 2,14653,2025
data,Brazil Cearense 2,Brazil,Cearense 2,3486,2019
data,Brazil Cearense 2,Brazil,Cearense 2,5242,2020
data,Brazil Cearense 2,Brazil,Cearense 2,5927,2021
data,Brazil Cearense 2,Brazil,Cearense 2,7238,2022
data,Brazil Cearense 2,Brazil,Cearense 2,8866,2023
data,Brazil Cearense 2,Brazil,Cearense 2,10918,2024
data,Brazil Cearense 2,Brazil,Cearense 2,13944,2025
data,Brazil Goiano 2,Brazil,Goiano 2,3487,2019
data,Brazil Goiano 2,Brazil,Goiano 2,5006,2020
data,Brazil Goiano 2,Brazil,Goiano 2,6766,2021
data,Brazil Goiano 2,Brazil,Goiano 2,7942,2022
data,Brazil Goiano 2,Brazil,Goiano 2,9609,2023
data,Brazil Goiano 2,Brazil,Goiano 2,11385,2024
data,Brazil Goiano 2,Brazil,Goiano 2,14589,2025
data,Algeria Algeria Cup,Algeria,Algeria Cup,3492,20192020
data,Algeria Algeria Cup,Algeria,Algeria Cup,7442,20182019
data,Algeria Algeria Cup,Algeria,Algeria Cup,8629,20222023
data,Algeria Algeria Cup,Algeria,Algeria Cup,11070,20232024
data,Algeria Algeria Cup,Algeria,Algeria Cup,13945,20242025
data,Iceland Reykjavik Cup,Iceland,Reykjavik Cup,3565,2020
data,Iceland Reykjavik Cup,Iceland,Reykjavik Cup,5422,2021
data,Iceland Reykjavik Cup,Iceland,Reykjavik Cup,6916,2022
data,Iceland Reykjavik Cup,Iceland,Reykjavik Cup,8874,2023
data,Iceland Reykjavik Cup,Iceland,Reykjavik Cup,10876,2024
data,Iceland Reykjavik Cup,Iceland,Reykjavik Cup,13864,2025
data,Australia NPL Finals,Australia,NPL Finals,3574,2019
data,UAE U19 League,UAE,U19 League,3580,20192020
data,UAE U19 League,UAE,U19 League,6802,20212022
data,UAE U19 League,UAE,U19 League,10544,2023
data,Bahrain Second Division,Bahrain,Second Division,3584,20192020
data,Bahrain Second Division,Bahrain,Second Division,5349,20202021
data,Bahrain Second Division,Bahrain,Second Division,6367,20212022
data,Bahrain Second Division,Bahrain,Second Division,8358,20222023
data,Bahrain Second Division,Bahrain,Second Division,10656,20232024
data,Bahrain Second Division,Bahrain,Second Division,13174,20242025
data,Bahrain Second Division,Bahrain,Second Division,15827,20252026
data,Bangladesh Federation Cup,Bangladesh,Federation Cup,3587,2019
data,Bangladesh Federation Cup,Bangladesh,Federation Cup,5377,20202021
data,Bangladesh Federation Cup,Bangladesh,Federation Cup,6852,20212022
data,Bangladesh Federation Cup,Bangladesh,Federation Cup,8752,20222023
data,Bangladesh Federation Cup,Bangladesh,Federation Cup,10974,20232024
data,Bangladesh Federation Cup,Bangladesh,Federation Cup,13793,20242025
data,Bangladesh Federation Cup,Bangladesh,Federation Cup,16137,20252026
data,Gibraltar Gibraltar Cup,Gibraltar,Gibraltar Cup,3591,20182019
data,Gibraltar Gibraltar Cup,Gibraltar,Gibraltar Cup,4880,20192020
data,Gibraltar Gibraltar Cup,Gibraltar,Gibraltar Cup,5731,20202021
data,Gibraltar Gibraltar Cup,Gibraltar,Gibraltar Cup,7024,20212022
data,Gibraltar Gibraltar Cup,Gibraltar,Gibraltar Cup,8891,20222023
data,Gibraltar Gibraltar Cup,Gibraltar,Gibraltar Cup,11066,20232024
data,Gibraltar Gibraltar Cup,Gibraltar,Gibraltar Cup,14074,20242025
data,Hong Kong Senior Shield,Hong Kong,Senior Shield,3594,20192020
data,Hong Kong Senior Shield,Hong Kong,Senior Shield,8246,20222023
data,Hong Kong Senior Shield,Hong Kong,Senior Shield,10700,20232024
data,Hong Kong Senior Shield,Hong Kong,Senior Shield,13399,20242025
data,Hong Kong Senior Shield,Hong Kong,Senior Shield,15968,20252026
data,Hungary Hungarian Cup,Hungary,Hungarian Cup,3596,20192020
data,Hungary Hungarian Cup,Hungary,Hungarian Cup,4975,20202021
data,Hungary Hungarian Cup,Hungary,Hungarian Cup,6292,20212022
data,Hungary Hungarian Cup,Hungary,Hungarian Cup,8069,20222023
data,Hungary Hungarian Cup,Hungary,Hungarian Cup,9896,20232024
data,Hungary Hungarian Cup,Hungary,Hungarian Cup,12760,20242025
data,Hungary Hungarian Cup,Hungary,Hungarian Cup,15584,20252026
data,India Santosh Trophy,India,Santosh Trophy,3598,2020
data,India Santosh Trophy,India,Santosh Trophy,6772,2021
data,India Santosh Trophy,India,Santosh Trophy,8726,20222023
data,India Santosh Trophy,India,Santosh Trophy,10735,20232024
data,India Santosh Trophy,India,Santosh Trophy,13756,20242025
data,India Super Cup,India,Super Cup,3599,2019
data,India Super Cup,India,Super Cup,9175,20222023
data,India Super Cup,India,Super Cup,10982,20232024
data,India Super Cup,India,Super Cup,14570,20242025
data,Indonesia President's Cup,Indonesia,President's Cup,3600,2019
data,Indonesia President's Cup,Indonesia,President's Cup,7521,2022
data,Indonesia President's Cup,Indonesia,President's Cup,12644,2024
data,Israel Ligat Al Women,Israel,Ligat Al Women,3604,20192020
data,Israel Ligat Al Women,Israel,Ligat Al Women,5287,20202021
data,Israel Ligat Al Women,Israel,Ligat Al Women,6763,20212022
data,Israel Ligat Al Women,Israel,Ligat Al Women,8081,20222023
data,Israel Ligat Al Women,Israel,Ligat Al Women,10153,20232024
data,Israel Ligat Al Women,Israel,Ligat Al Women,13208,20242025
data,Israel Ligat Al Women,Israel,Ligat Al Women,15515,20252026
data,Israel Toto Cup Ligat Al,Israel,Toto Cup Ligat Al,3605,2019
data,Israel Toto Cup Ligat Al,Israel,Toto Cup Ligat Al,4609,2020
data,Israel Toto Cup Ligat Al,Israel,Toto Cup Ligat Al,6193,2021
data,Israel Toto Cup Ligat Al,Israel,Toto Cup Ligat Al,8449,20222023
data,Israel Toto Cup Ligat Al,Israel,Toto Cup Ligat Al,9568,20232024
data,Israel Toto Cup Ligat Al,Israel,Toto Cup Ligat Al,12374,20242025
data,Israel Toto Cup Ligat Al,Israel,Toto Cup Ligat Al,15109,20252026
data,Italy Primavera Cup,Italy,Primavera Cup,3607,20192020
data,Italy Primavera Cup,Italy,Primavera Cup,3905,20182019
data,Italy Primavera Cup,Italy,Primavera Cup,3906,20172018
data,Italy Primavera Cup,Italy,Primavera Cup,3907,20162017
data,Italy Primavera Cup,Italy,Primavera Cup,3908,20152016
data,Italy Primavera Cup,Italy,Primavera Cup,3909,20142015
data,Italy Primavera Cup,Italy,Primavera Cup,3910,20132014
data,Italy Primavera Cup,Italy,Primavera Cup,3911,20122013
data,Italy Primavera Cup,Italy,Primavera Cup,5065,20202021
data,Italy Primavera Cup,Italy,Primavera Cup,6672,20212022
data,Italy Primavera Cup,Italy,Primavera Cup,8643,20222023
data,Italy Primavera Cup,Italy,Primavera Cup,10588,20232024
data,Italy Primavera Cup,Italy,Primavera Cup,12609,20242025
data,Italy Primavera Cup,Italy,Primavera Cup,15866,20252026
data,Italy Coppa Italia Serie D,Italy,Coppa Italia Serie D,3608,20192020
data,Italy Coppa Italia Serie D,Italy,Coppa Italia Serie D,3932,20162017
data,Italy Coppa Italia Serie D,Italy,Coppa Italia Serie D,3933,20172018
data,Italy Coppa Italia Serie D,Italy,Coppa Italia Serie D,3934,20182019
data,Italy Coppa Italia Serie D,Italy,Coppa Italia Serie D,6586,20212022
data,Italy Coppa Italia Serie D,Italy,Coppa Italia Serie D,8212,20222023
data,Italy Coppa Italia Serie D,Italy,Coppa Italia Serie D,10527,20232024
data,Italy Coppa Italia Serie D,Italy,Coppa Italia Serie D,13385,20242025
data,Italy Coppa Italia Serie D,Italy,Coppa Italia Serie D,15647,20252026
data,Malta Maltese FA Trophy,Malta,Maltese FA Trophy,3610,20192020
data,Malta Maltese FA Trophy,Malta,Maltese FA Trophy,5364,20202021
data,Malta Maltese FA Trophy,Malta,Maltese FA Trophy,6825,20212022
data,Malta Maltese FA Trophy,Malta,Maltese FA Trophy,8878,20222023
data,Malta Maltese FA Trophy,Malta,Maltese FA Trophy,10836,20232024
data,Malta Maltese FA Trophy,Malta,Maltese FA Trophy,13755,20242025
data,Moldova Moldovan Cup,Moldova,Moldovan Cup,3614,20182019
data,Moldova Moldovan Cup,Moldova,Moldovan Cup,3620,20192020
data,Moldova Moldovan Cup,Moldova,Moldovan Cup,4779,20202021
data,Moldova Moldovan Cup,Moldova,Moldovan Cup,6411,20212022
data,Moldova Moldovan Cup,Moldova,Moldovan Cup,8083,20222023
data,Moldova Moldovan Cup,Moldova,Moldovan Cup,10759,20232024
data,Moldova Moldovan Cup,Moldova,Moldovan Cup,13474,20242025
data,Moldova Moldovan Cup,Moldova,Moldovan Cup,16148,20252026
data,Peru Copa Bicentenario,Peru,Copa Bicentenario,3616,2019
data,Peru Copa Bicentenario,Peru,Copa Bicentenario,5912,2021
data,Germany DFB Pokal,Germany,DFB Pokal,3617,20192020
data,Germany DFB Pokal,Germany,DFB Pokal,4141,20182019
data,Germany DFB Pokal,Germany,DFB Pokal,4155,20172018
data,Germany DFB Pokal,Germany,DFB Pokal,4157,20122013
data,Germany DFB Pokal,Germany,DFB Pokal,4160,20162017
data,Germany DFB Pokal,Germany,DFB Pokal,4162,20152016
data,Germany DFB Pokal,Germany,DFB Pokal,4166,20142015
data,Germany DFB Pokal,Germany,DFB Pokal,4169,20132014
data,Germany DFB Pokal,Germany,DFB Pokal,4170,20112012
data,Germany DFB Pokal,Germany,DFB Pokal,4172,20102011
data,Germany DFB Pokal,Germany,DFB Pokal,4178,20092010
data,Germany DFB Pokal,Germany,DFB Pokal,4800,20202021
data,Germany DFB Pokal,Germany,DFB Pokal,6092,20212022
data,Germany DFB Pokal,Germany,DFB Pokal,7397,20222023
data,Germany DFB Pokal,Germany,DFB Pokal,9561,20232024
data,Germany DFB Pokal,Germany,DFB Pokal,12057,20242025
data,Germany DFB Pokal,Germany,DFB Pokal,15035,20252026
data,Brazil Tocantinense,Brazil,Tocantinense,3663,2020
data,Brazil Tocantinense,Brazil,Tocantinense,5530,2021
data,Brazil Tocantinense,Brazil,Tocantinense,6876,2022
data,Brazil Tocantinense,Brazil,Tocantinense,7443,2019
data,Brazil Tocantinense,Brazil,Tocantinense,8702,2023
data,Brazil Tocantinense,Brazil,Tocantinense,10937,2024
data,Brazil Tocantinense,Brazil,Tocantinense,13948,2025
data,Uruguay Super Copa,Uruguay,Super Copa,3713,2020
data,Uruguay Super Copa,Uruguay,Super Copa,5768,2021
data,Uruguay Super Copa,Uruguay,Super Copa,7060,2022
data,Uruguay Super Copa,Uruguay,Super Copa,8620,2023
data,Uruguay Super Copa,Uruguay,Super Copa,11086,2024
data,Uruguay Super Copa,Uruguay,Super Copa,14097,2025
data,Turkey U19 Elit A,Turkey,U19 Elit A,3715,20192020
data,Turkey U19 Elit A,Turkey,U19 Elit A,5765,20202021
data,Turkey U19 Elit A,Turkey,U19 Elit A,8464,20222023
data,Turkey U19 Elit A,Turkey,U19 Elit A,10487,20232024
data,Turkey U19 Elit A,Turkey,U19 Elit A,13149,20242025
data,Turkey U19 Elit A,Turkey,U19 Elit A,15782,20252026
data,Turkey U19 1. Lig,Turkey,U19 1. Lig,3716,20192020
data,Turkey U19 1. Lig,Turkey,U19 1. Lig,5766,20202021
data,Turkey U19 1. Lig,Turkey,U19 1. Lig,6800,20212022
data,Turkey U19 1. Lig,Turkey,U19 1. Lig,8463,20222023
data,Turkey U19 1. Lig,Turkey,U19 1. Lig,10491,20232024
data,Turkey U19 1. Lig,Turkey,U19 1. Lig,13160,20242025
data,USA NISA,USA,NISA,3719,20192020
data,USA NISA,USA,NISA,5076,20202021
data,USA NISA,USA,NISA,6337,20212022
data,USA NISA,USA,NISA,7558,2022
data,USA NISA,USA,NISA,9068,2023
data,USA NISA,USA,NISA,11341,2024
data,Lithuania Super Cup,Lithuania,Super Cup,3720,2020
data,Lithuania Super Cup,Lithuania,Super Cup,5432,2021
data,Lithuania Super Cup,Lithuania,Super Cup,7134,2022
data,Lithuania Super Cup,Lithuania,Super Cup,8958,2023
data,Lithuania Super Cup,Lithuania,Super Cup,11203,2024
data,Lithuania Super Cup,Lithuania,Super Cup,16073,2025
data,Singapore Charity Shield,Singapore,Charity Shield,3724,2020
data,Singapore Charity Shield,Singapore,Charity Shield,5629,2021
data,Singapore Charity Shield,Singapore,Charity Shield,7050,2022
data,Singapore Charity Shield,Singapore,Charity Shield,9067,2023
data,Singapore Charity Shield,Singapore,Charity Shield,12309,2024
data,Singapore Charity Shield,Singapore,Charity Shield,15439,2025
data,Albania Super Cup,Albania,Super Cup,3729,20192020
data,Albania Super Cup,Albania,Super Cup,4793,20202021
data,Albania Super Cup,Albania,Super Cup,5995,20212022
data,Albania Super Cup,Albania,Super Cup,7730,20222023
data,Albania Super Cup,Albania,Super Cup,10863,20232024
data,Albania Super Cup,Albania,Super Cup,13867,20242025
data,Algeria Super Cup,Algeria,Super Cup,3731,20192020
data,Algeria Super Cup,Algeria,Super Cup,4458,20182019
data,Algeria Super Cup,Algeria,Super Cup,7400,20212022
data,Algeria Super Cup,Algeria,Super Cup,13742,20242025
data,Saudi Arabia Super Cup,Saudi Arabia,Super Cup,3732,20192020
data,Saudi Arabia Super Cup,Saudi Arabia,Super Cup,5429,2021
data,Saudi Arabia Super Cup,Saudi Arabia,Super Cup,7305,20212022
data,Saudi Arabia Super Cup,Saudi Arabia,Super Cup,8871,20222023
data,Saudi Arabia Super Cup,Saudi Arabia,Super Cup,11328,20232024
data,Saudi Arabia Super Cup,Saudi Arabia,Super Cup,12539,20242025
data,Saudi Arabia Super Cup,Saudi Arabia,Super Cup,15739,20252026
data,Nepal A Division,Nepal,A Division,3736,20192020
data,Nepal A Division,Nepal,A Division,3968,20142015
data,Nepal A Division,Nepal,A Division,3969,20132014
data,Nepal A Division,Nepal,A Division,3970,20122013
data,Nepal A Division,Nepal,A Division,3971,2011
data,Nepal A Division,Nepal,A Division,6781,20212022
data,Nepal A Division,Nepal,A Division,8932,20222023
data,Scotland Challenge Cup,Scotland,Challenge Cup,3739,20192020
data,Scotland Challenge Cup,Scotland,Challenge Cup,4176,20132014
data,Scotland Challenge Cup,Scotland,Challenge Cup,4177,20182019
data,Scotland Challenge Cup,Scotland,Challenge Cup,4179,20122013
data,Scotland Challenge Cup,Scotland,Challenge Cup,4180,20112012
data,Scotland Challenge Cup,Scotland,Challenge Cup,4181,20172018
data,Scotland Challenge Cup,Scotland,Challenge Cup,4182,20102011
data,Scotland Challenge Cup,Scotland,Challenge Cup,4183,20162017
data,Scotland Challenge Cup,Scotland,Challenge Cup,4184,20152016
data,Scotland Challenge Cup,Scotland,Challenge Cup,4187,20142015
data,Scotland Challenge Cup,Scotland,Challenge Cup,4188,20092010
data,Scotland Challenge Cup,Scotland,Challenge Cup,6109,20212022
data,Scotland Challenge Cup,Scotland,Challenge Cup,7720,20222023
data,Scotland Challenge Cup,Scotland,Challenge Cup,9676,20232024
data,Scotland Challenge Cup,Scotland,Challenge Cup,12597,20242025
data,Scotland Challenge Cup,Scotland,Challenge Cup,15355,20252026
data,Japan Super Cup,Japan,Super Cup,3740,2020
data,Japan Super Cup,Japan,Super Cup,5428,2021
data,Japan Super Cup,Japan,Super Cup,6931,2022
data,Japan Super Cup,Japan,Super Cup,8786,2023
data,Japan Super Cup,Japan,Super Cup,10928,2024
data,Japan Super Cup,Japan,Super Cup,13894,2025
data,Argentina Torneos De Verano,Argentina,Torneos De Verano,3741,2020
data,Argentina Torneos De Verano,Argentina,Torneos De Verano,6962,2022
data,UAE Arabian Gulf Reserve League,UAE,Arabian Gulf Reserve League,3743,20192020
data,UAE Arabian Gulf Reserve League,UAE,Arabian Gulf Reserve League,4832,20202021
data,UAE Arabian Gulf Reserve League,UAE,Arabian Gulf Reserve League,6342,20212022
data,UAE Arabian Gulf Reserve League,UAE,Arabian Gulf Reserve League,8232,20222023
data,UAE Arabian Gulf Reserve League,UAE,Arabian Gulf Reserve League,9948,20232024
data,UAE Arabian Gulf Reserve League,UAE,Arabian Gulf Reserve League,13032,20242025
data,UAE Arabian Gulf Reserve League,UAE,Arabian Gulf Reserve League,15759,20252026
data,International Olympics,International,Olympics,3744,2016
data,International Olympics,International,Olympics,4050,2012
data,International Olympics,International,Olympics,5905,2020
data,International Olympics,International,Olympics,11500,2024
data,England Central League Cup,England,Central League Cup,3748,20192020
data,England Central League Cup,England,Central League Cup,3888,20182019
data,England Central League Cup,England,Central League Cup,3889,20172018
data,England Central League Cup,England,Central League Cup,3890,20162017
data,England Central League Cup,England,Central League Cup,3891,20152016
data,England Central League Cup,England,Central League Cup,4086,20142015
data,England Central League Cup,England,Central League Cup,4088,20132014
data,England Central League Cup,England,Central League Cup,5016,20202021
data,England Central League Cup,England,Central League Cup,6459,20212022
data,England Central League Cup,England,Central League Cup,8181,20222023
data,England Central League Cup,England,Central League Cup,10075,20232024
data,England Central League Cup,England,Central League Cup,13168,20242025
data,England Central League Cup,England,Central League Cup,16117,20252026
data,Kuwait Crown Prince Cup,Kuwait,Crown Prince Cup,3749,20192020
data,Kuwait Crown Prince Cup,Kuwait,Crown Prince Cup,5338,20202021
data,Kuwait Crown Prince Cup,Kuwait,Crown Prince Cup,7401,20212022
data,Kuwait Crown Prince Cup,Kuwait,Crown Prince Cup,8180,20222023
data,Kuwait Crown Prince Cup,Kuwait,Crown Prince Cup,10892,20232024
data,Kuwait Crown Prince Cup,Kuwait,Crown Prince Cup,14404,20242025
data,Asia Women's Olympic Qualifying,Asia,Women's Olympic Qualifying,3751,2020
data,Asia Women's Olympic Qualifying,Asia,Women's Olympic Qualifying,8994,2024
data,South America CONMEBOL Pre-Olympic Tournament,South America,CONMEBOL Pre-Olympic Tournament,3755,2020
data,South America CONMEBOL Pre-Olympic Tournament,South America,CONMEBOL Pre-Olympic Tournament,10806,2024
data,Saudi Arabia Youth League,Saudi Arabia,Youth League,3757,20192020
data,Saudi Arabia Youth League,Saudi Arabia,Youth League,4895,20202021
data,Saudi Arabia Youth League,Saudi Arabia,Youth League,6426,20212022
data,Saudi Arabia Youth League,Saudi Arabia,Youth League,8233,20222023
data,Saudi Arabia Youth League,Saudi Arabia,Youth League,10464,20232024
data,Saudi Arabia Youth League,Saudi Arabia,Youth League,13465,20242025
data,Saudi Arabia Youth League,Saudi Arabia,Youth League,15955,20252026
data,Belgium Belgian Cup,Belgium,Belgian Cup,3759,20192020
data,Belgium Belgian Cup,Belgium,Belgian Cup,5453,20202021
data,Belgium Belgian Cup,Belgium,Belgian Cup,6074,20212022
data,Belgium Belgian Cup,Belgium,Belgian Cup,7726,20222023
data,Belgium Belgian Cup,Belgium,Belgian Cup,9634,20232024
data,Belgium Belgian Cup,Belgium,Belgian Cup,13012,20242025
data,Belgium Belgian Cup,Belgium,Belgian Cup,15343,20252026
data,Netherlands Reserve League,Netherlands,Reserve League,3761,20192020
data,Netherlands Reserve League,Netherlands,Reserve League,6684,20212022
data,South America Copa Libertadores U20,South America,Copa Libertadores U20,3763,2020
data,South America Copa Libertadores U20,South America,Copa Libertadores U20,6961,2022
data,South America Copa Libertadores U20,South America,Copa Libertadores U20,9417,2023
data,South America Copa Libertadores U20,South America,Copa Libertadores U20,11258,2024
data,South America Copa Libertadores U20,South America,Copa Libertadores U20,14227,2025
data,Scotland Scottish Cup,Scotland,Scottish Cup,3768,20192020
data,Scotland Scottish Cup,Scotland,Scottish Cup,5298,20202021
data,Scotland Scottish Cup,Scotland,Scottish Cup,6613,20212022
data,Scotland Scottish Cup,Scotland,Scottish Cup,8082,20222023
data,Scotland Scottish Cup,Scotland,Scottish Cup,10122,20232024
data,Scotland Scottish Cup,Scotland,Scottish Cup,12824,20242025
data,Scotland Scottish Cup,Scotland,Scottish Cup,15493,20252026
data,Egypt Egypt Cup,Egypt,Egypt Cup,3772,20192020
data,Egypt Egypt Cup,Egypt,Egypt Cup,5532,20202021
data,Egypt Egypt Cup,Egypt,Egypt Cup,7387,20212022
data,Egypt Egypt Cup,Egypt,Egypt Cup,9290,20222023
data,Egypt Egypt Cup,Egypt,Egypt Cup,10983,20232024
data,Egypt Egypt Cup,Egypt,Egypt Cup,13931,20242025
data,Thailand League Cup,Thailand,League Cup,3798,2020
data,Thailand League Cup,Thailand,League Cup,6792,2021
data,Thailand League Cup,Thailand,League Cup,8487,20222023
data,Thailand League Cup,Thailand,League Cup,10537,20232024
data,Thailand League Cup,Thailand,League Cup,13464,20242025
data,International CONCACAF Champions League,International,CONCACAF Champions League,3806,2020
data,International CONCACAF Champions League,International,CONCACAF Champions League,4028,2019
data,International CONCACAF Champions League,International,CONCACAF Champions League,4029,2018
data,International CONCACAF Champions League,International,CONCACAF Champions League,4030,20162017
data,International CONCACAF Champions League,International,CONCACAF Champions League,4031,20142015
data,International CONCACAF Champions League,International,CONCACAF Champions League,4032,20152016
data,International CONCACAF Champions League,International,CONCACAF Champions League,4033,20132014
data,International CONCACAF Champions League,International,CONCACAF Champions League,4034,20122013
data,International CONCACAF Champions League,International,CONCACAF Champions League,4035,20092010
data,International CONCACAF Champions League,International,CONCACAF Champions League,4037,20112012
data,International CONCACAF Champions League,International,CONCACAF Champions League,5529,2021
data,International CONCACAF Champions League,International,CONCACAF Champions League,6926,2022
data,International CONCACAF Champions League,International,CONCACAF Champions League,8876,2023
data,International CONCACAF Champions League,International,CONCACAF Champions League,10936,2024
data,International CONCACAF Champions League,International,CONCACAF Champions League,13925,2025
data,Europe UEFA Youth League,Europe,UEFA Youth League,3808,20192020
data,Europe UEFA Youth League,Europe,UEFA Youth League,4049,20142015
data,Europe UEFA Youth League,Europe,UEFA Youth League,4051,20182019
data,Europe UEFA Youth League,Europe,UEFA Youth League,4054,20132014
data,Europe UEFA Youth League,Europe,UEFA Youth League,4056,20172018
data,Europe UEFA Youth League,Europe,UEFA Youth League,4063,20162017
data,Europe UEFA Youth League,Europe,UEFA Youth League,4065,20152016
data,Europe UEFA Youth League,Europe,UEFA Youth League,5598,20202021
data,Europe UEFA Youth League,Europe,UEFA Youth League,6565,20212022
data,Europe UEFA Youth League,Europe,UEFA Youth League,8337,20222023
data,Europe UEFA Youth League,Europe,UEFA Youth League,10568,20232024
data,Europe UEFA Youth League,Europe,UEFA Youth League,13497,20242025
data,Europe UEFA Youth League,Europe,UEFA Youth League,16004,20252026
data,Sweden Division 2 Norra Svealand,Sweden,Division 2 Norra Svealand,3831,2020
data,Sweden Division 2 Norra Svealand,Sweden,Division 2 Norra Svealand,5487,2021
data,Sweden Division 2 Norra Svealand,Sweden,Division 2 Norra Svealand,7144,2022
data,Sweden Division 2 Norra Svealand,Sweden,Division 2 Norra Svealand,8913,2023
data,Sweden Division 2 Norra Svealand,Sweden,Division 2 Norra Svealand,11126,2024
data,Sweden Division 2 Norra Svealand,Sweden,Division 2 Norra Svealand,14161,2025
data,Sweden Division 2 Vastra Gotaland,Sweden,Division 2 Vastra Gotaland,3836,2020
data,Sweden Division 2 Vastra Gotaland,Sweden,Division 2 Vastra Gotaland,5494,2021
data,Sweden Division 2 Vastra Gotaland,Sweden,Division 2 Vastra Gotaland,7149,2022
data,Sweden Division 2 Vastra Gotaland,Sweden,Division 2 Vastra Gotaland,8914,2023
data,Sweden Division 2 Vastra Gotaland,Sweden,Division 2 Vastra Gotaland,11127,2024
data,Sweden Division 2 Vastra Gotaland,Sweden,Division 2 Vastra Gotaland,14160,2025
data,Sweden Division 2 Ostra Gotaland,Sweden,Division 2 Ostra Gotaland,3839,2020
data,Sweden Division 2 Ostra Gotaland,Sweden,Division 2 Ostra Gotaland,5491,2021
data,Sweden Division 2 Norrland,Sweden,Division 2 Norrland,3841,2020
data,Sweden Division 2 Norrland,Sweden,Division 2 Norrland,5489,2021
data,Sweden Division 2 Norrland,Sweden,Division 2 Norrland,8788,2022
data,Sweden Division 2 Norrland,Sweden,Division 2 Norrland,8915,2023
data,Sweden Division 2 Norrland,Sweden,Division 2 Norrland,11417,2024
data,Sweden Division 2 Norrland,Sweden,Division 2 Norrland,14155,2025
data,Italy Serie D Group D,Italy,Serie D Group D,3849,20192020
data,Italy Serie D Group D,Italy,Serie D Group D,5095,20202021
data,Italy Serie D Group D,Italy,Serie D Group D,6665,20212022
data,Italy Serie D Group D,Italy,Serie D Group D,8258,20222023
data,Italy Serie D Group D,Italy,Serie D Group D,10589,20232024
data,Italy Serie D Group D,Italy,Serie D Group D,13481,20242025
data,Italy Serie D Group D,Italy,Serie D Group D,15714,20252026
data,Congo DR Super League,Congo DR,Super League,3851,20192020
data,Congo DR Super League,Congo DR,Super League,5167,20202021
data,Congo DR Super League,Congo DR,Super League,6651,20212022
data,Congo DR Super League,Congo DR,Super League,8482,20222023
data,Congo DR Super League,Congo DR,Super League,9740,20232024
data,Congo DR Super League,Congo DR,Super League,12937,20242025
data,South Africa South African Cup,South Africa,South African Cup,3854,20192020
data,South Africa South African Cup,South Africa,South African Cup,5438,20202021
data,South Africa South African Cup,South Africa,South African Cup,6956,20212022
data,South Africa South African Cup,South Africa,South African Cup,8995,20222023
data,South Africa South African Cup,South Africa,South African Cup,10880,20232024
data,South Africa South African Cup,South Africa,South African Cup,14108,20242025
data,Hong Kong Hong Kong FA Cup,Hong Kong,Hong Kong FA Cup,3860,2020
data,Hong Kong Hong Kong FA Cup,Hong Kong,Hong Kong FA Cup,5420,20202021
data,Hong Kong Hong Kong FA Cup,Hong Kong,Hong Kong FA Cup,6821,20212022
data,Hong Kong Hong Kong FA Cup,Hong Kong,Hong Kong FA Cup,8259,20222023
data,Hong Kong Hong Kong FA Cup,Hong Kong,Hong Kong FA Cup,10765,20232024
data,Hong Kong Hong Kong FA Cup,Hong Kong,Hong Kong FA Cup,14104,20242025
data,Hong Kong Hong Kong FA Cup,Hong Kong,Hong Kong FA Cup,15991,20252026
data,England FA Trophy,England,FA Trophy,3936,20172018
data,England FA Trophy,England,FA Trophy,3937,20182019
data,England FA Trophy,England,FA Trophy,3938,20192020
data,England FA Trophy,England,FA Trophy,5308,20202021
data,England FA Trophy,England,FA Trophy,6460,20212022
data,England FA Trophy,England,FA Trophy,7842,20222023
data,England FA Trophy,England,FA Trophy,9745,20232024
data,England FA Trophy,England,FA Trophy,12545,20242025
data,England FA Trophy,England,FA Trophy,15588,20252026
data,Poland Polish Cup,Poland,Polish Cup,3986,20162017
data,Poland Polish Cup,Poland,Polish Cup,3987,20172018
data,Poland Polish Cup,Poland,Polish Cup,3988,20152016
data,Poland Polish Cup,Poland,Polish Cup,3989,20182019
data,Poland Polish Cup,Poland,Polish Cup,4405,20192020
data,Poland Polish Cup,Poland,Polish Cup,4592,20202021
data,Poland Polish Cup,Poland,Polish Cup,6106,20212022
data,Poland Polish Cup,Poland,Polish Cup,7774,20222023
data,Poland Polish Cup,Poland,Polish Cup,9423,20232024
data,Poland Polish Cup,Poland,Polish Cup,12102,20242025
data,Poland Polish Cup,Poland,Polish Cup,16112,20252026
data,Poland I Liga Women,Poland,I Liga Women,3993,20172018
data,Poland I Liga Women,Poland,I Liga Women,3994,20162017
data,Poland I Liga Women,Poland,I Liga Women,3995,20192020
data,Poland I Liga Women,Poland,I Liga Women,3996,20182019
data,Poland I Liga Women,Poland,I Liga Women,4627,20202021
data,Poland I Liga Women,Poland,I Liga Women,6618,20212022
data,Poland I Liga Women,Poland,I Liga Women,7991,20222023
data,Poland I Liga Women,Poland,I Liga Women,10082,20232024
data,Poland I Liga Women,Poland,I Liga Women,12684,20242025
data,Poland Super Cup,Poland,Super Cup,3997,20162017
data,Poland Super Cup,Poland,Super Cup,3998,20122013
data,Poland Super Cup,Poland,Super Cup,3999,20192020
data,Poland Super Cup,Poland,Super Cup,4000,20172018
data,Poland Super Cup,Poland,Super Cup,4001,20182019
data,Poland Super Cup,Poland,Super Cup,4002,20152016
data,Poland Super Cup,Poland,Super Cup,4003,20142015
data,Poland Super Cup,Poland,Super Cup,4881,20202021
data,Poland Super Cup,Poland,Super Cup,6031,20212022
data,Poland Super Cup,Poland,Super Cup,7453,20222023
data,Poland Super Cup,Poland,Super Cup,9291,20232024
data,Poland Super Cup,Poland,Super Cup,12274,20242025
data,Poland Super Cup,Poland,Super Cup,15027,20252026
data,Poland Womens Cup,Poland,Womens Cup,4004,20182019
data,Poland Womens Cup,Poland,Womens Cup,4005,20192020
data,Poland Womens Cup,Poland,Womens Cup,5295,20202021
data,Poland Womens Cup,Poland,Womens Cup,7324,20212022
data,Poland Womens Cup,Poland,Womens Cup,8659,20222023
data,Poland Womens Cup,Poland,Womens Cup,10805,20232024
data,Poland Womens Cup,Poland,Womens Cup,13696,20242025
data,Europe UEFA Women's Champions League,Europe,UEFA Women's Champions League,4047,20182019
data,Europe UEFA Women's Champions League,Europe,UEFA Women's Champions League,4052,20122013
data,Europe UEFA Women's Champions League,Europe,UEFA Women's Champions League,4055,20172018
data,Europe UEFA Women's Champions League,Europe,UEFA Women's Champions League,4057,20112012
data,Europe UEFA Women's Champions League,Europe,UEFA Women's Champions League,4059,20192020
data,Europe UEFA Women's Champions League,Europe,UEFA Women's Champions League,4061,20102011
data,Europe UEFA Women's Champions League,Europe,UEFA Women's Champions League,4064,20162017
data,Europe UEFA Women's Champions League,Europe,UEFA Women's Champions League,4066,20132014
data,Europe UEFA Women's Champions League,Europe,UEFA Women's Champions League,4067,20152016
data,Europe UEFA Women's Champions League,Europe,UEFA Women's Champions League,4077,20142015
data,Europe UEFA Women's Champions League,Europe,UEFA Women's Champions League,5277,20202021
data,Europe UEFA Women's Champions League,Europe,UEFA Women's Champions League,6139,20212022
data,Europe UEFA Women's Champions League,Europe,UEFA Women's Champions League,8725,20222023
data,Europe UEFA Women's Champions League,Europe,UEFA Women's Champions League,9669,20232024
data,Europe UEFA Women's Champions League,Europe,UEFA Women's Champions League,12536,20242025
data,Europe UEFA Women's Champions League,Europe,UEFA Women's Champions League,16046,20252026
data,Nicaragua Primera Division,Nicaragua,Primera Division,4089,20192020
data,Nicaragua Primera Division,Nicaragua,Primera Division,4095,20182019
data,Nicaragua Primera Division,Nicaragua,Primera Division,4100,20172018
data,Nicaragua Primera Division,Nicaragua,Primera Division,4107,20162017
data,Nicaragua Primera Division,Nicaragua,Primera Division,4109,20152016
data,Nicaragua Primera Division,Nicaragua,Primera Division,4549,20202021
data,Nicaragua Primera Division,Nicaragua,Primera Division,6137,20212022
data,Nicaragua Primera Division,Nicaragua,Primera Division,7651,20222023
data,Nicaragua Primera Division,Nicaragua,Primera Division,9698,20232024
data,Nicaragua Primera Division,Nicaragua,Primera Division,12498,20242025
data,Nicaragua Primera Division,Nicaragua,Primera Division,15242,20252026
data,Nicaragua Copa Nicaragua,Nicaragua,Copa Nicaragua,4110,2020
data,Nicaragua Copa Nicaragua,Nicaragua,Copa Nicaragua,5626,2021
data,Nicaragua Copa Nicaragua,Nicaragua,Copa Nicaragua,7135,2022
data,Nicaragua Copa Nicaragua,Nicaragua,Copa Nicaragua,9071,2023
data,Nicaragua Copa Nicaragua,Nicaragua,Copa Nicaragua,11345,2024
data,Nicaragua Copa Nicaragua,Nicaragua,Copa Nicaragua,16201,2025
data,Nicaragua Liga Primera U20,Nicaragua,Liga Primera U20,4111,2020
data,Nicaragua Liga Primera U20,Nicaragua,Liga Primera U20,4550,20202021
data,Nicaragua Liga Primera U20,Nicaragua,Liga Primera U20,6140,20212022
data,Nicaragua Liga Primera U20,Nicaragua,Liga Primera U20,7661,20222023
data,Nicaragua Liga Primera U20,Nicaragua,Liga Primera U20,10123,20232024
data,Nicaragua Liga Primera U20,Nicaragua,Liga Primera U20,12569,20242025
data,Nicaragua Liga Primera U20,Nicaragua,Liga Primera U20,15413,20252026
data,Belarus Reserve League,Belarus,Reserve League,4126,2020
data,Belarus Reserve League,Belarus,Reserve League,4143,2019
data,Belarus Reserve League,Belarus,Reserve League,4144,2013
data,Belarus Reserve League,Belarus,Reserve League,4145,2014
data,Belarus Reserve League,Belarus,Reserve League,4146,2015
data,Belarus Reserve League,Belarus,Reserve League,4148,2018
data,Belarus Reserve League,Belarus,Reserve League,4150,2017
data,Belarus Reserve League,Belarus,Reserve League,4151,2016
data,Belarus Reserve League,Belarus,Reserve League,5700,2021
data,Belarus Reserve League,Belarus,Reserve League,7083,2022
data,Belarus Reserve League,Belarus,Reserve League,9050,2023
data,Tajikistan Vysshaya Liga,Tajikistan,Vysshaya Liga,4158,2020
data,Tajikistan Vysshaya Liga,Tajikistan,Vysshaya Liga,4159,2019
data,Tajikistan Vysshaya Liga,Tajikistan,Vysshaya Liga,4161,2018
data,Tajikistan Vysshaya Liga,Tajikistan,Vysshaya Liga,4163,2017
data,Tajikistan Vysshaya Liga,Tajikistan,Vysshaya Liga,4165,2016
data,Tajikistan Vysshaya Liga,Tajikistan,Vysshaya Liga,5662,2021
data,Tajikistan Vysshaya Liga,Tajikistan,Vysshaya Liga,7159,2022
data,Tajikistan Vysshaya Liga,Tajikistan,Vysshaya Liga,9104,2023
data,Tajikistan Vysshaya Liga,Tajikistan,Vysshaya Liga,11366,2024
data,Tajikistan Vysshaya Liga,Tajikistan,Vysshaya Liga,14228,2025
data,Burundi Burundi Premier League,Burundi,Burundi Premier League,4171,20192020
data,Burundi Burundi Premier League,Burundi,Burundi Premier League,4173,20182019
data,Burundi Burundi Premier League,Burundi,Burundi Premier League,4174,20172018
data,Burundi Burundi Premier League,Burundi,Burundi Premier League,4175,20162017
data,Burundi Burundi Premier League,Burundi,Burundi Premier League,4189,20152016
data,Burundi Burundi Premier League,Burundi,Burundi Premier League,4190,20142015
data,Burundi Burundi Premier League,Burundi,Burundi Premier League,4191,20132014
data,Burundi Burundi Premier League,Burundi,Burundi Premier League,4192,20122013
data,Burundi Burundi Premier League,Burundi,Burundi Premier League,4194,20112012
data,Burundi Burundi Premier League,Burundi,Burundi Premier League,4197,20102011
data,Burundi Burundi Premier League,Burundi,Burundi Premier League,4868,20202021
data,Burundi Burundi Premier League,Burundi,Burundi Premier League,6154,20212022
data,Burundi Burundi Premier League,Burundi,Burundi Premier League,7823,20222023
data,Burundi Burundi Premier League,Burundi,Burundi Premier League,9910,20232024
data,Burundi Burundi Premier League,Burundi,Burundi Premier League,13304,20242025
data,Burundi Burundi Premier League,Burundi,Burundi Premier League,15414,20252026
data,Liechtenstein Cup,Liechtenstein,Cup,4250,20192020
data,Liechtenstein Cup,Liechtenstein,Cup,4653,20202021
data,Liechtenstein Cup,Liechtenstein,Cup,6516,20212022
data,Liechtenstein Cup,Liechtenstein,Cup,7957,20222023
data,Liechtenstein Cup,Liechtenstein,Cup,10321,20232024
data,Liechtenstein Cup,Liechtenstein,Cup,12634,20242025
data,Liechtenstein Cup,Liechtenstein,Cup,15794,20252026
data,International UEFA Womens Euro,International,UEFA Womens Euro,4340,2022
data,International UEFA Womens Euro,International,UEFA Womens Euro,15233,2025
data,Taiwan Mulan Football League,Taiwan,Mulan Football League,4343,2020
data,Taiwan Mulan Football League,Taiwan,Mulan Football League,5693,2021
data,Taiwan Mulan Football League,Taiwan,Mulan Football League,7309,2022
data,Taiwan Mulan Football League,Taiwan,Mulan Football League,9222,2023
data,Taiwan Mulan Football League,Taiwan,Mulan Football League,11414,2024
data,Taiwan Mulan Football League,Taiwan,Mulan Football League,15698,20252026
data,Belarus Second Division,Belarus,Second Division,4344,2020
data,Belarus Premier League Women,Belarus,Premier League Women,4345,2020
data,Belarus Premier League Women,Belarus,Premier League Women,4346,2019
data,Belarus Premier League Women,Belarus,Premier League Women,4347,2018
data,Belarus Premier League Women,Belarus,Premier League Women,4348,2017
data,Belarus Premier League Women,Belarus,Premier League Women,4349,2016
data,Belarus Premier League Women,Belarus,Premier League Women,4350,2015
data,Belarus Premier League Women,Belarus,Premier League Women,5660,2021
data,Belarus Premier League Women,Belarus,Premier League Women,7233,2022
data,Belarus Premier League Women,Belarus,Premier League Women,9099,2023
data,Belarus Premier League Women,Belarus,Premier League Women,11352,2024
data,Belarus Premier League Women,Belarus,Premier League Women,14427,2025
data,Turkmenistan Ýokary Liga,Turkmenistan,Ýokary Liga,4352,2020
data,Turkmenistan Ýokary Liga,Turkmenistan,Ýokary Liga,6835,2021
data,Turkmenistan Ýokary Liga,Turkmenistan,Ýokary Liga,8086,2022
data,Turkmenistan Ýokary Liga,Turkmenistan,Ýokary Liga,9189,2023
data,Turkmenistan Ýokary Liga,Turkmenistan,Ýokary Liga,11325,2024
data,Turkmenistan Ýokary Liga,Turkmenistan,Ýokary Liga,14397,2025
data,Estonia II liiga,Estonia,II liiga,4398,2020
data,Estonia II liiga,Estonia,II liiga,5885,2021
data,Estonia II liiga,Estonia,II liiga,7262,2022
data,Estonia II liiga,Estonia,II liiga,9116,2023
data,Estonia II liiga,Estonia,II liiga,11308,2024
data,Estonia II liiga,Estonia,II liiga,14515,2025
data,Estonia Super Cup Women,Estonia,Super Cup Women,4399,2020
data,Estonia Super Cup Women,Estonia,Super Cup Women,7116,2022
data,Estonia Super Cup Women,Estonia,Super Cup Women,9078,2023
data,Estonia Super Cup Women,Estonia,Super Cup Women,11108,2024
data,Estonia Super Cup Women,Estonia,Super Cup Women,14189,2025
data,Estonia Esiliiga Women,Estonia,Esiliiga Women,4401,2020
data,Estonia Esiliiga Women,Estonia,Esiliiga Women,5838,2021
data,Estonia Esiliiga Women,Estonia,Esiliiga Women,7267,2022
data,Estonia Esiliiga Women,Estonia,Esiliiga Women,9212,2023
data,Estonia Esiliiga Women,Estonia,Esiliiga Women,12008,2024
data,Estonia Esiliiga Women,Estonia,Esiliiga Women,14430,2025
data,Estonia Meistriliiga Women,Estonia,Meistriliiga Women,4402,2020
data,Estonia Meistriliiga Women,Estonia,Meistriliiga Women,5595,2021
data,Estonia Meistriliiga Women,Estonia,Meistriliiga Women,7270,2022
data,Estonia Meistriliiga Women,Estonia,Meistriliiga Women,9077,2023
data,Estonia Meistriliiga Women,Estonia,Meistriliiga Women,11266,2024
data,Estonia Meistriliiga Women,Estonia,Meistriliiga Women,14308,2025
data,Faroe Islands 1. Deild Women,Faroe Islands,1. Deild Women,4403,2020
data,Faroe Islands 1. Deild Women,Faroe Islands,1. Deild Women,5671,2021
data,Faroe Islands 1. Deild Women,Faroe Islands,1. Deild Women,7118,2022
data,Faroe Islands 1. Deild Women,Faroe Islands,1. Deild Women,8858,2023
data,Faroe Islands 1. Deild Women,Faroe Islands,1. Deild Women,11165,2024
data,Faroe Islands 1. Deild Women,Faroe Islands,1. Deild Women,16280,2025
data,Hungary NB I Women,Hungary,NB I Women,4406,20192020
data,Hungary NB I Women,Hungary,NB I Women,4626,20202021
data,Hungary NB I Women,Hungary,NB I Women,6284,20212022
data,Hungary NB I Women,Hungary,NB I Women,8483,20222023
data,Hungary NB I Women,Hungary,NB I Women,10108,20232024
data,Hungary NB I Women,Hungary,NB I Women,12752,20242025
data,Hungary NB I Women,Hungary,NB I Women,15526,20252026
data,Vietnam U19 Championship,Vietnam,U19 Championship,4410,2020
data,Vietnam U19 Championship,Vietnam,U19 Championship,5441,2021
data,Vietnam U19 Championship,Vietnam,U19 Championship,7058,2022
data,Vietnam U19 Championship,Vietnam,U19 Championship,9123,2023
data,Vietnam U19 Championship,Vietnam,U19 Championship,11012,2024
data,Vietnam U19 Championship,Vietnam,U19 Championship,13946,2025
data,Kosovo Kosovar Cup,Kosovo,Kosovar Cup,4414,20192020
data,Kosovo Kosovar Cup,Kosovo,Kosovar Cup,5365,20202021
data,Kosovo Kosovar Cup,Kosovo,Kosovar Cup,6823,20212022
data,Kosovo Kosovar Cup,Kosovo,Kosovar Cup,8613,20222023
data,Kosovo Kosovar Cup,Kosovo,Kosovar Cup,10915,20232024
data,Kosovo Kosovar Cup,Kosovo,Kosovar Cup,13846,20242025
data,Vietnam U21 Championship,Vietnam,U21 Championship,4415,2019
data,Vietnam U21 Championship,Vietnam,U21 Championship,5376,2020
data,Vietnam U21 Championship,Vietnam,U21 Championship,6833,2021
data,Vietnam U21 Championship,Vietnam,U21 Championship,8822,2022
data,Vietnam U21 Championship,Vietnam,U21 Championship,10561,2023
data,Vietnam U21 Championship,Vietnam,U21 Championship,13194,2024
data,Vietnam U21 Championship,Vietnam,U21 Championship,15318,2025
data,Estonia Womens Cup,Estonia,Womens Cup,4417,20192020
data,Estonia Womens Cup,Estonia,Womens Cup,4874,20202021
data,Estonia Womens Cup,Estonia,Womens Cup,6397,20212022
data,Estonia Womens Cup,Estonia,Womens Cup,7621,20222023
data,Estonia Womens Cup,Estonia,Womens Cup,9695,20232024
data,Estonia Womens Cup,Estonia,Womens Cup,13260,20242025
data,Estonia Womens Cup,Estonia,Womens Cup,15188,20252026
data,Germany DFB Pokal Women,Germany,DFB Pokal Women,4418,20192020
data,Germany DFB Pokal Women,Germany,DFB Pokal Women,5022,20202021
data,Germany DFB Pokal Women,Germany,DFB Pokal Women,6477,20212022
data,Germany DFB Pokal Women,Germany,DFB Pokal Women,8100,20222023
data,Germany DFB Pokal Women,Germany,DFB Pokal Women,9990,20232024
data,Germany DFB Pokal Women,Germany,DFB Pokal Women,12466,20242025
data,Germany DFB Pokal Women,Germany,DFB Pokal Women,15868,20252026
data,Estonia U19 Eliitliiga Esiliiga,Estonia,U19 Eliitliiga Esiliiga,4420,2020
data,Estonia U19 Eliitliiga Esiliiga,Estonia,U19 Eliitliiga Esiliiga,5594,2021
data,Estonia U19 Eliitliiga Esiliiga,Estonia,U19 Eliitliiga Esiliiga,7264,2022
data,Estonia U19 Eliitliiga Esiliiga,Estonia,U19 Eliitliiga Esiliiga,9093,2023
data,Estonia U19 Eliitliiga Esiliiga,Estonia,U19 Eliitliiga Esiliiga,11494,2024
data,Estonia U19 Eliitliiga Esiliiga,Estonia,U19 Eliitliiga Esiliiga,14595,2025
data,Estonia U19 Eliitliiga Meistriliiga,Estonia,U19 Eliitliiga Meistriliiga,4421,2020
data,Estonia U19 Eliitliiga Meistriliiga,Estonia,U19 Eliitliiga Meistriliiga,5473,2021
data,Estonia U19 Eliitliiga Meistriliiga,Estonia,U19 Eliitliiga Meistriliiga,6910,2022
data,Estonia U19 Eliitliiga Meistriliiga,Estonia,U19 Eliitliiga Meistriliiga,8983,2023
data,Estonia U19 Eliitliiga Meistriliiga,Estonia,U19 Eliitliiga Meistriliiga,11061,2024
data,Estonia U19 Eliitliiga Meistriliiga,Estonia,U19 Eliitliiga Meistriliiga,14016,2025
data,Lithuania A Lyga Women,Lithuania,A Lyga Women,4425,2020
data,Lithuania A Lyga Women,Lithuania,A Lyga Women,5757,2021
data,Lithuania A Lyga Women,Lithuania,A Lyga Women,7293,2022
data,Lithuania A Lyga Women,Lithuania,A Lyga Women,9111,2023
data,Lithuania A Lyga Women,Lithuania,A Lyga Women,11373,2024
data,Lithuania A Lyga Women,Lithuania,A Lyga Women,14424,2025
data,Iceland Womens Cup,Iceland,Womens Cup,4426,2020
data,Iceland Womens Cup,Iceland,Womens Cup,5606,2021
data,Iceland Womens Cup,Iceland,Womens Cup,7129,2022
data,Iceland Womens Cup,Iceland,Womens Cup,9057,2023
data,Iceland Womens Cup,Iceland,Womens Cup,11207,2024
data,Iceland Womens Cup,Iceland,Womens Cup,16160,2025
data,Israel State Cup,Israel,State Cup,4427,20192020
data,Israel State Cup,Israel,State Cup,5227,20202021
data,Israel State Cup,Israel,State Cup,6574,20212022
data,Israel State Cup,Israel,State Cup,8445,20222023
data,Israel State Cup,Israel,State Cup,11018,20232024
data,Israel State Cup,Israel,State Cup,13730,20242025
data,Israel State Cup,Israel,State Cup,15971,20252026
data,Iceland U19 League Women,Iceland,U19 League Women,4428,2020
data,Iceland U19 League Women,Iceland,U19 League Women,9331,2021
data,Belarus Belarusian Cup,Belarus,Belarusian Cup,4429,20192020
data,Belarus Belarusian Cup,Belarus,Belarusian Cup,4430,20202021
data,Belarus Belarusian Cup,Belarus,Belarusian Cup,5921,20212022
data,Belarus Belarusian Cup,Belarus,Belarusian Cup,7385,20222023
data,Belarus Belarusian Cup,Belarus,Belarusian Cup,9793,20232024
data,Belarus Belarusian Cup,Belarus,Belarusian Cup,11962,20242025
data,Belarus Belarusian Cup,Belarus,Belarusian Cup,15032,20252026
data,Iceland Super Cup Women,Iceland,Super Cup Women,4433,2020
data,Iceland Super Cup Women,Iceland,Super Cup Women,5735,2021
data,Iceland Super Cup Women,Iceland,Super Cup Women,7049,2022
data,Iceland Super Cup Women,Iceland,Super Cup Women,8974,2023
data,Iceland Super Cup Women,Iceland,Super Cup Women,10980,2024
data,Iceland Super Cup Women,Iceland,Super Cup Women,14024,2025
data,Denmark Women's Play-offs Divisions 1/2,Denmark,Women's Play-offs Divisions 1/2,4435,20192020
data,Denmark Women's Play-offs Divisions 1/2,Denmark,Women's Play-offs Divisions 1/2,5730,20202021
data,Denmark Women's Play-offs Divisions 1/2,Denmark,Women's Play-offs Divisions 1/2,7317,20212022
data,Denmark Women's Play-offs Divisions 1/2,Denmark,Women's Play-offs Divisions 1/2,8969,20222023
data,Denmark Women's Play-offs Divisions 1/2,Denmark,Women's Play-offs Divisions 1/2,11170,20232024
data,Australia Northern Territory Premier League,Australia,Northern Territory Premier League,4438,2020
data,Australia Northern Territory Premier League,Australia,Northern Territory Premier League,5821,2021
data,Australia Northern Territory Premier League,Australia,Northern Territory Premier League,7210,2022
data,Australia Northern Territory Premier League,Australia,Northern Territory Premier League,9214,2023
data,Australia Northern Territory Premier League,Australia,Northern Territory Premier League,11378,2024
data,Australia Northern Territory Premier League,Australia,Northern Territory Premier League,16217,2025
data,Palestine West Bank 1st Division,Palestine,West Bank 1st Division,4453,20192020
data,Palestine West Bank 1st Division,Palestine,West Bank 1st Division,5252,20202021
data,Palestine West Bank 1st Division,Palestine,West Bank 1st Division,6719,20212022
data,Palestine West Bank 1st Division,Palestine,West Bank 1st Division,8582,20222023
data,Palestine West Bank 1st Division,Palestine,West Bank 1st Division,10379,20232024
data,USA NWSL Challenge Cup,USA,NWSL Challenge Cup,4464,2020
data,USA NWSL Challenge Cup,USA,NWSL Challenge Cup,5677,2021
data,USA NWSL Challenge Cup,USA,NWSL Challenge Cup,7157,2022
data,USA NWSL Challenge Cup,USA,NWSL Challenge Cup,9011,2023
data,USA NWSL Challenge Cup,USA,NWSL Challenge Cup,11085,2024
data,USA NWSL Challenge Cup,USA,NWSL Challenge Cup,14111,2025
data,Sweden Division 2 Norra Gotaland,Sweden,Division 2 Norra Gotaland,4467,2020
data,Sweden Division 2 Norra Gotaland,Sweden,Division 2 Norra Gotaland,5485,2021
data,Sweden Division 2 Norra Gotaland,Sweden,Division 2 Norra Gotaland,7143,2022
data,Sweden Division 2 Norra Gotaland,Sweden,Division 2 Norra Gotaland,8916,2023
data,Sweden Division 2 Norra Gotaland,Sweden,Division 2 Norra Gotaland,11125,2024
data,Sweden Division 2 Norra Gotaland,Sweden,Division 2 Norra Gotaland,14154,2025
data,Sweden Division 2 Sodra Svealand,Sweden,Division 2 Sodra Svealand,4468,2020
data,Sweden Division 2 Sodra Svealand,Sweden,Division 2 Sodra Svealand,5493,2021
data,Sweden Division 2 Sodra Svealand,Sweden,Division 2 Sodra Svealand,7148,2022
data,Sweden Division 2 Sodra Svealand,Sweden,Division 2 Sodra Svealand,8911,2023
data,Sweden Division 2 Sodra Svealand,Sweden,Division 2 Sodra Svealand,11419,2024
data,Sweden Division 2 Sodra Svealand,Sweden,Division 2 Sodra Svealand,14157,2025
data,Montenegro Play-offs 1/2,Montenegro,Play-offs 1/2,4488,20192020
data,Montenegro Play-offs 1/2,Montenegro,Play-offs 1/2,7344,20212022
data,Montenegro Play-offs 1/2,Montenegro,Play-offs 1/2,9452,20222023
data,Montenegro Play-offs 1/2,Montenegro,Play-offs 1/2,12046,20232024
data,Montenegro Play-offs 1/2,Montenegro,Play-offs 1/2,14789,20242025
data,Slovakia Playoffs 1 2,Slovakia,Playoffs 1 2,4489,20192020
data,Slovakia Playoffs 1 2,Slovakia,Playoffs 1 2,7306,20202021
data,Slovakia Playoffs 1 2,Slovakia,Playoffs 1 2,7402,20212022
data,Slovakia Playoffs 1 2,Slovakia,Playoffs 1 2,9344,20222023
data,Slovakia Playoffs 1 2,Slovakia,Playoffs 1 2,12018,20232024
data,Slovakia Playoffs 1 2,Slovakia,Playoffs 1 2,16074,20242025
data,Bulgaria Elite U19,Bulgaria,Elite U19,4490,20202021
data,Bulgaria Elite U19,Bulgaria,Elite U19,4491,20192020
data,Bulgaria Elite U19,Bulgaria,Elite U19,6558,20212022
data,Curacao Curacao Prome Divishon,Curacao,Curacao Prome Divishon,4492,20192020
data,Curacao Curacao Prome Divishon,Curacao,Curacao Prome Divishon,5592,20202021
data,Curacao Curacao Prome Divishon,Curacao,Curacao Prome Divishon,8108,2022
data,Curacao Curacao Prome Divishon,Curacao,Curacao Prome Divishon,10801,20232024
data,Bulgaria Play Offs 1 2,Bulgaria,Play Offs 1 2,4493,20192020
data,Bulgaria Play Offs 1 2,Bulgaria,Play Offs 1 2,7943,20212022
data,Bulgaria Play Offs 1 2,Bulgaria,Play Offs 1 2,9440,20222023
data,Bulgaria Play Offs 1 2,Bulgaria,Play Offs 1 2,12033,20232024
data,Bulgaria Play Offs 1 2,Bulgaria,Play Offs 1 2,14770,20242025
data,Belarus Womens Cup,Belarus,Womens Cup,4494,2020
data,Belarus Womens Cup,Belarus,Womens Cup,5825,2021
data,Belarus Womens Cup,Belarus,Womens Cup,7234,2022
data,Belarus Womens Cup,Belarus,Womens Cup,9150,2023
data,Belarus Womens Cup,Belarus,Womens Cup,11403,2024
data,Belarus Womens Cup,Belarus,Womens Cup,14566,2025
data,Australia Tasmania Southern Championship,Australia,Tasmania Southern Championship,4495,2020
data,Australia Tasmania Southern Championship,Australia,Tasmania Southern Championship,5469,2021
data,Australia Tasmania Southern Championship,Australia,Tasmania Southern Championship,7218,2022
data,Australia Tasmania Southern Championship,Australia,Tasmania Southern Championship,9108,2023
data,Australia Tasmania Southern Championship,Australia,Tasmania Southern Championship,11297,2024
data,Australia Tasmania Southern Championship,Australia,Tasmania Southern Championship,14310,2025
data,Bulgaria Womens League,Bulgaria,Womens League,4496,20192020
data,Bulgaria Womens League,Bulgaria,Womens League,4846,20202021
data,Bulgaria Womens League,Bulgaria,Womens League,6563,20212022
data,Bulgaria Womens League,Bulgaria,Womens League,8475,20222023
data,Bulgaria Womens League,Bulgaria,Womens League,10339,20232024
data,Bulgaria Womens League,Bulgaria,Womens League,13327,20242025
data,Bulgaria Womens League,Bulgaria,Womens League,15766,20252026
data,Bulgaria Super Cup,Bulgaria,Super Cup,4497,20192020
data,Bulgaria Super Cup,Bulgaria,Super Cup,5007,20202021
data,Bulgaria Super Cup,Bulgaria,Super Cup,5964,20212022
data,Bulgaria Super Cup,Bulgaria,Super Cup,7667,20222023
data,Bulgaria Super Cup,Bulgaria,Super Cup,9992,20232024
data,Bulgaria Super Cup,Bulgaria,Super Cup,13782,20242025
data,Finland A Junior League,Finland,A Junior League,4499,2020
data,Finland A Junior League,Finland,A Junior League,5406,2021
data,Finland A Junior League,Finland,A Junior League,8496,2022
data,Finland A Junior League,Finland,A Junior League,8816,2023
data,Finland A Junior League,Finland,A Junior League,12686,2024
data,Finland A Junior League,Finland,A Junior League,15489,2025
data,Brazil Copa do Nordeste,Brazil,Copa do Nordeste,4506,2020
data,Brazil Copa do Nordeste,Brazil,Copa do Nordeste,5468,2021
data,Brazil Copa do Nordeste,Brazil,Copa do Nordeste,6882,20212022
data,Brazil Copa do Nordeste,Brazil,Copa do Nordeste,8865,20222023
data,Brazil Copa do Nordeste,Brazil,Copa do Nordeste,10854,20232024
data,Brazil Copa do Nordeste,Brazil,Copa do Nordeste,13794,2025
data,Australia Northern Territory Womens Premier League,Australia,Northern Territory Womens Premier League,4510,2020
data,Australia Northern Territory Womens Premier League,Australia,Northern Territory Womens Premier League,5718,2021
data,Australia Northern Territory Womens Premier League,Australia,Northern Territory Womens Premier League,7226,2022
data,Australia Northern Territory Womens Premier League,Australia,Northern Territory Womens Premier League,9224,2023
data,Australia Northern Territory Womens Premier League,Australia,Northern Territory Womens Premier League,11379,2024
data,Australia Northern Territory Womens Premier League,Australia,Northern Territory Womens Premier League,14487,2025
data,Estonia Small Cup,Estonia,Small Cup,4511,2020
data,Estonia Small Cup,Estonia,Small Cup,5892,2021
data,Estonia Small Cup,Estonia,Small Cup,7268,2022
data,Estonia Small Cup,Estonia,Small Cup,9113,2023
data,Estonia Small Cup,Estonia,Small Cup,11410,2024
data,Estonia Small Cup,Estonia,Small Cup,16305,2025
data,Croatia First League Women,Croatia,First League Women,4512,20192020
data,Croatia First League Women,Croatia,First League Women,5013,20202021
data,Croatia First League Women,Croatia,First League Women,6394,20212022
data,Croatia First League Women,Croatia,First League Women,8476,20222023
data,Croatia First League Women,Croatia,First League Women,10493,20232024
data,Croatia First League Women,Croatia,First League Women,13202,20242025
data,Croatia First League Women,Croatia,First League Women,15367,20252026
data,Austria KFV Cup,Austria,KFV Cup,4526,20202021
data,Austria KFV Cup,Austria,KFV Cup,6071,20212022
data,Austria KFV Cup,Austria,KFV Cup,7566,20222023
data,Austria KFV Cup,Austria,KFV Cup,9659,20232024
data,Austria KFV Cup,Austria,KFV Cup,12287,20242025
data,Austria KFV Cup,Austria,KFV Cup,15435,20252026
data,Bhutan Bhutan Premier League,Bhutan,Bhutan Premier League,4530,2020
data,Bhutan Bhutan Premier League,Bhutan,Bhutan Premier League,5876,2021
data,Bhutan Bhutan Premier League,Bhutan,Bhutan Premier League,8060,2022
data,Bhutan Bhutan Premier League,Bhutan,Bhutan Premier League,9826,2023
data,Bhutan Bhutan Premier League,Bhutan,Bhutan Premier League,11937,2024
data,Bhutan Bhutan Premier League,Bhutan,Bhutan Premier League,16178,2025
data,Australia Brisbane Premier League,Australia,Brisbane Premier League,4541,2020
data,Australia Brisbane Premier League,Australia,Brisbane Premier League,5587,2021
data,Australia Brisbane Premier League,Australia,Brisbane Premier League,7373,2022
data,Australia Brisbane Premier League,Australia,Brisbane Premier League,8887,2023
data,Australia Brisbane Premier League,Australia,Brisbane Premier League,13913,2025
data,Finland Ykkönen Women,Finland,Ykkönen Women,4543,2020
data,Finland Ykkönen Women,Finland,Ykkönen Women,5604,2021
data,Finland Ykkönen Women,Finland,Ykkönen Women,7590,2022
data,Finland Ykkönen Women,Finland,Ykkönen Women,9080,2023
data,Finland Ykkönen Women,Finland,Ykkönen Women,11291,2024
data,Finland Ykkönen Women,Finland,Ykkönen Women,14609,2025
data,Hungary NB III,Hungary,NB III,4545,20202021
data,Japan Regional Leagues,Japan,Regional Leagues,4548,2020
data,Japan Regional Leagues,Japan,Regional Leagues,5748,2021
data,Japan Regional Leagues,Japan,Regional Leagues,7564,2022
data,Czech Republic 4. Liga Division D,Czech Republic,4. Liga Division D,4563,20202021
data,Czech Republic 4. Liga Division D,Czech Republic,4. Liga Division D,6059,20192020
data,Czech Republic 4. Liga Division D,Czech Republic,4. Liga Division D,6250,20212022
data,Czech Republic 4. Liga Division D,Czech Republic,4. Liga Division D,7695,20222023
data,Czech Republic 4. Liga Division D,Czech Republic,4. Liga Division D,9628,20232024
data,Czech Republic 4. Liga Division D,Czech Republic,4. Liga Division D,12512,20242025
data,Czech Republic 4. Liga Division D,Czech Republic,4. Liga Division D,15332,20252026
data,Kyrgyzstan Top Liga,Kyrgyzstan,Top Liga,4569,2020
data,Kyrgyzstan Top Liga,Kyrgyzstan,Top Liga,4570,2019
data,Kyrgyzstan Top Liga,Kyrgyzstan,Top Liga,4571,2018
data,Kyrgyzstan Top Liga,Kyrgyzstan,Top Liga,5767,2021
data,Kyrgyzstan Top Liga,Kyrgyzstan,Top Liga,7384,2022
data,Kyrgyzstan Top Liga,Kyrgyzstan,Top Liga,9129,2023
data,Kyrgyzstan Top Liga,Kyrgyzstan,Top Liga,11407,2024
data,Kyrgyzstan Top Liga,Kyrgyzstan,Top Liga,15546,2025
data,Bosnia and Herzegovina First League RS,Bosnia and Herzegovina,First League RS,4581,20202021
data,Bosnia and Herzegovina First League RS,Bosnia and Herzegovina,First League RS,6227,20212022
data,Bosnia and Herzegovina First League RS,Bosnia and Herzegovina,First League RS,7779,20222023
data,Bosnia and Herzegovina First League RS,Bosnia and Herzegovina,First League RS,9805,20232024
data,Bosnia and Herzegovina First League RS,Bosnia and Herzegovina,First League RS,12862,20242025
data,Bosnia and Herzegovina First League RS,Bosnia and Herzegovina,First League RS,15909,20252026
data,Bosnia and Herzegovina First League FBiH,Bosnia and Herzegovina,First League FBiH,4584,20202021
data,Bosnia and Herzegovina First League FBiH,Bosnia and Herzegovina,First League FBiH,6226,20212022
data,Bosnia and Herzegovina First League FBiH,Bosnia and Herzegovina,First League FBiH,7829,20222023
data,Bosnia and Herzegovina First League FBiH,Bosnia and Herzegovina,First League FBiH,10282,20232024
data,Bosnia and Herzegovina First League FBiH,Bosnia and Herzegovina,First League FBiH,12859,20242025
data,Bosnia and Herzegovina First League FBiH,Bosnia and Herzegovina,First League FBiH,15547,20252026
data,Spain Tercera Play offs,Spain,Tercera Play offs,4610,20192020
data,Spain Tercera Play offs,Spain,Tercera Play offs,5140,20202021
data,Spain Tercera Play offs,Spain,Tercera Play offs,6522,20212022
data,Spain Tercera Play offs,Spain,Tercera Play offs,9236,20222023
data,Spain Tercera Play offs,Spain,Tercera Play offs,11977,20232024
data,Spain Tercera Play offs,Spain,Tercera Play offs,14724,20242025
data,Serbia U19 League,Serbia,U19 League,4611,20202021
data,Serbia U19 League,Serbia,U19 League,6313,20212022
data,Serbia U19 League,Serbia,U19 League,7932,20222023
data,Serbia U19 League,Serbia,U19 League,9931,20232024
data,Serbia U19 League,Serbia,U19 League,13033,20242025
data,Serbia U19 League,Serbia,U19 League,15538,20252026
data,Australia Northern NSW Reserve League,Australia,Northern NSW Reserve League,4612,2020
data,Australia Northern NSW Reserve League,Australia,Northern NSW Reserve League,5470,2021
data,Australia Northern NSW Reserve League,Australia,Northern NSW Reserve League,6909,2022
data,Australia Northern NSW Reserve League,Australia,Northern NSW Reserve League,8990,2023
data,Australia Northern NSW Reserve League,Australia,Northern NSW Reserve League,10948,2024
data,Australia Northern NSW Reserve League,Australia,Northern NSW Reserve League,13942,2025
data,Czech Republic Czech Cup,Czech Republic,Czech Cup,4622,20202021
data,Czech Republic Czech Cup,Czech Republic,Czech Cup,6063,20192020
data,Czech Republic Czech Cup,Czech Republic,Czech Cup,6077,20212022
data,Czech Republic Czech Cup,Czech Republic,Czech Cup,7751,20222023
data,Czech Republic Czech Cup,Czech Republic,Czech Cup,10041,20232024
data,Czech Republic Czech Cup,Czech Republic,Czech Cup,12522,20242025
data,Czech Republic Czech Cup,Czech Republic,Czech Cup,16171,20252026
data,Germany Oberliga Nordost Süd,Germany,Oberliga Nordost Süd,4671,20202021
data,Germany Oberliga Nordost Süd,Germany,Oberliga Nordost Süd,6262,20212022
data,Germany Oberliga Nordost Süd,Germany,Oberliga Nordost Süd,7700,20222023
data,Germany Oberliga Nordost Süd,Germany,Oberliga Nordost Süd,9714,20232024
data,Germany Oberliga Nordost Süd,Germany,Oberliga Nordost Süd,12613,20242025
data,Germany Oberliga Nordost Süd,Germany,Oberliga Nordost Süd,14953,20252026
data,Germany Oberliga Rheinland Pfalz Saar,Germany,Oberliga Rheinland Pfalz Saar,4672,20202021
data,Germany Oberliga Rheinland Pfalz Saar,Germany,Oberliga Rheinland Pfalz Saar,6264,20212022
data,Germany Oberliga Rheinland Pfalz Saar,Germany,Oberliga Rheinland Pfalz Saar,7857,20222023
data,Germany Oberliga Rheinland Pfalz Saar,Germany,Oberliga Rheinland Pfalz Saar,9755,20232024
data,Germany Oberliga Rheinland Pfalz Saar,Germany,Oberliga Rheinland Pfalz Saar,12666,20242025
data,Germany Oberliga Rheinland Pfalz Saar,Germany,Oberliga Rheinland Pfalz Saar,15300,20252026
data,Germany Oberliga Schleswig Holstein,Germany,Oberliga Schleswig Holstein,4674,20202021
data,Germany Oberliga Schleswig Holstein,Germany,Oberliga Schleswig Holstein,6398,20212022
data,Germany Oberliga Schleswig Holstein,Germany,Oberliga Schleswig Holstein,7835,20222023
data,Germany Oberliga Schleswig Holstein,Germany,Oberliga Schleswig Holstein,9715,20232024
data,Germany Oberliga Schleswig Holstein,Germany,Oberliga Schleswig Holstein,12617,20242025
data,Germany Oberliga Schleswig Holstein,Germany,Oberliga Schleswig Holstein,15265,20252026
data,Germany Oberliga Westfalen,Germany,Oberliga Westfalen,4675,20202021
data,Germany Oberliga Westfalen,Germany,Oberliga Westfalen,6266,20212022
data,Germany Oberliga Westfalen,Germany,Oberliga Westfalen,7833,20222023
data,Germany Oberliga Westfalen,Germany,Oberliga Westfalen,9765,20232024
data,Germany Oberliga Westfalen,Germany,Oberliga Westfalen,12657,20242025
data,Germany Oberliga Westfalen,Germany,Oberliga Westfalen,15556,20252026
data,Germany Oberliga Baden Wurttemberg,Germany,Oberliga Baden Wurttemberg,4679,20202021
data,Germany Oberliga Baden Wurttemberg,Germany,Oberliga Baden Wurttemberg,6267,20212022
data,Germany Oberliga Baden Wurttemberg,Germany,Oberliga Baden Wurttemberg,7647,20222023
data,Germany Oberliga Baden Wurttemberg,Germany,Oberliga Baden Wurttemberg,9766,20232024
data,Germany Oberliga Baden Wurttemberg,Germany,Oberliga Baden Wurttemberg,12652,20242025
data,Germany Oberliga Baden Wurttemberg,Germany,Oberliga Baden Wurttemberg,15165,20252026
data,Germany Oberliga Bremen,Germany,Oberliga Bremen,4682,20202021
data,Germany Oberliga Bremen,Germany,Oberliga Bremen,6269,20212022
data,Germany Oberliga Bremen,Germany,Oberliga Bremen,8032,20222023
data,Germany Oberliga Bremen,Germany,Oberliga Bremen,9947,20232024
data,Germany Oberliga Bremen,Germany,Oberliga Bremen,12774,20242025
data,Germany Oberliga Bremen,Germany,Oberliga Bremen,15691,20252026
data,Denmark 2 Division Group 1,Denmark,2 Division Group 1,4687,20202021
data,Denmark 2 Division Group 2,Denmark,2 Division Group 2,4688,20202021
data,Denmark 1st Division Women,Denmark,1st Division Women,4690,20202021
data,Denmark 1st Division Women,Denmark,1st Division Women,6090,20212022
data,Denmark 1st Division Women,Denmark,1st Division Women,7581,20222023
data,Denmark 1st Division Women,Denmark,1st Division Women,9601,20232024
data,Denmark 1st Division Women,Denmark,1st Division Women,12553,20242025
data,Denmark 1st Division Women,Denmark,1st Division Women,15184,20252026
data,England Womens FA Community Shield,England,Womens FA Community Shield,4711,20202021
data,France National 2 Group A,France,National 2 Group A,4716,20202021
data,France National 2 Group A,France,National 2 Group A,6256,20212022
data,France National 2 Group A,France,National 2 Group A,7870,20222023
data,France National 2 Group A,France,National 2 Group A,9907,20232024
data,France National 2 Group A,France,National 2 Group A,12812,20242025
data,France National 2 Group A,France,National 2 Group A,15438,20252026
data,France National 2 Group B,France,National 2 Group B,4717,20202021
data,France National 2 Group B,France,National 2 Group B,6257,20212022
data,France National 2 Group B,France,National 2 Group B,7871,20222023
data,France National 2 Group B,France,National 2 Group B,9915,20232024
data,France National 2 Group B,France,National 2 Group B,12803,20242025
data,France National 2 Group B,France,National 2 Group B,15436,20252026
data,France National 2 Group C,France,National 2 Group C,4718,20202021
data,France National 2 Group C,France,National 2 Group C,6258,20212022
data,France National 2 Group C,France,National 2 Group C,7874,20222023
data,France National 2 Group C,France,National 2 Group C,9908,20232024
data,France National 2 Group C,France,National 2 Group C,12817,20242025
data,France National 2 Group C,France,National 2 Group C,15440,20252026
data,France National 2 Group D,France,National 2 Group D,4720,20202021
data,France National 2 Group D,France,National 2 Group D,6263,20212022
data,France National 2 Group D,France,National 2 Group D,7876,20222023
data,France National 2 Group D,France,National 2 Group D,9909,20232024
data,France National 3 Group C,France,National 3 Group C,4730,20202021
data,France National 3 Group C,France,National 3 Group C,6466,20212022
data,France National 3 Group C,France,National 3 Group C,8051,20222023
data,France National 3 Group C,France,National 3 Group C,10173,20232024
data,France National 3 Group C,France,National 3 Group C,12922,20242025
data,France National 3 Group C,France,National 3 Group C,15500,20252026
data,France National 3 Group J,France,National 3 Group J,4736,20202021
data,France National 3 Group J,France,National 3 Group J,6470,20212022
data,France National 3 Group J,France,National 3 Group J,8052,20222023
data,France National 3 Group J,France,National 3 Group J,10187,20232024
data,France National 3 Group J,France,National 3 Group J,12918,20242025
data,Greece Play Offs 1 2,Greece,Play Offs 1 2,4744,20192020
data,Greece Play Offs 1 2,Greece,Play Offs 1 2,7403,20202021
data,Greece Play Offs 1 2,Greece,Play Offs 1 2,7454,20212022
data,Sweden Svenska Cupen Women,Sweden,Svenska Cupen Women,4777,20202021
data,Sweden Svenska Cupen Women,Sweden,Svenska Cupen Women,6512,20212022
data,Sweden Svenska Cupen Women,Sweden,Svenska Cupen Women,7468,20222023
data,Sweden Svenska Cupen Women,Sweden,Svenska Cupen Women,9555,20232024
data,Sweden Svenska Cupen Women,Sweden,Svenska Cupen Women,12147,20242025
data,Sweden Svenska Cupen Women,Sweden,Svenska Cupen Women,15888,20252026
data,Germany Oberliga Mittelrhein,Germany,Oberliga Mittelrhein,4786,20202021
data,Germany Oberliga Mittelrhein,Germany,Oberliga Mittelrhein,6271,20212022
data,Germany Oberliga Mittelrhein,Germany,Oberliga Mittelrhein,7867,20222023
data,Germany Oberliga Mittelrhein,Germany,Oberliga Mittelrhein,9872,20232024
data,Germany Oberliga Mittelrhein,Germany,Oberliga Mittelrhein,12814,20242025
data,Germany Oberliga Mittelrhein,Germany,Oberliga Mittelrhein,15896,20252026
data,Germany Oberliga Niedersachsen,Germany,Oberliga Niedersachsen,4788,20202021
data,Germany Oberliga Niedersachsen,Germany,Oberliga Niedersachsen,6275,20212022
data,Germany Oberliga Niedersachsen,Germany,Oberliga Niedersachsen,7617,20222023
data,Germany Oberliga Niedersachsen,Germany,Oberliga Niedersachsen,9767,20232024
data,Germany Oberliga Niedersachsen,Germany,Oberliga Niedersachsen,12658,20242025
data,Germany Oberliga Niedersachsen,Germany,Oberliga Niedersachsen,15730,20252026
data,Germany Oberliga Hessen,Germany,Oberliga Hessen,4790,20202021
data,Germany Oberliga Hessen,Germany,Oberliga Hessen,6400,20212022
data,Germany Oberliga Hessen,Germany,Oberliga Hessen,7995,20222023
data,Germany Oberliga Hessen,Germany,Oberliga Hessen,9768,20232024
data,Germany Oberliga Hessen,Germany,Oberliga Hessen,12735,20242025
data,Germany Oberliga Hessen,Germany,Oberliga Hessen,14996,20252026
data,Ukraine Super Cup,Ukraine,Super Cup,4794,20202021
data,Ukraine Super Cup,Ukraine,Super Cup,5975,20212022
data,Croatia 3. HNL North,Croatia,3. HNL North,4813,20202021
data,Croatia 3. HNL North,Croatia,3. HNL North,6557,20212022
data,Croatia 3. HNL North,Croatia,3. HNL North,8013,20222023
data,Croatia 3. HNL North,Croatia,3. HNL North,10161,20232024
data,Croatia 3. HNL North,Croatia,3. HNL North,13262,20242025
data,Croatia 3. HNL North,Croatia,3. HNL North,15804,20252026
data,Croatia 3. HNL Center,Croatia,3. HNL Center,4816,20202021
data,Croatia 3. HNL Center,Croatia,3. HNL Center,6388,20212022
data,Croatia 3. HNL Center,Croatia,3. HNL Center,8014,20222023
data,Croatia 3. HNL Center,Croatia,3. HNL Center,10160,20232024
data,Croatia 3. HNL Center,Croatia,3. HNL Center,13420,20242025
data,Croatia 3. HNL Center,Croatia,3. HNL Center,15799,20252026
data,UAE UAE League Cup,UAE,UAE League Cup,4833,20202021
data,UAE UAE League Cup,UAE,UAE League Cup,6697,20212022
data,UAE UAE League Cup,UAE,UAE League Cup,8359,20222023
data,UAE UAE League Cup,UAE,UAE League Cup,9928,20232024
data,UAE UAE League Cup,UAE,UAE League Cup,13042,20242025
data,UAE UAE League Cup,UAE,UAE League Cup,15364,20252026
data,Scotland SWPL 1,Scotland,SWPL 1,4901,20202021
data,Scotland SWPL 1,Scotland,SWPL 1,6316,20212022
data,Scotland SWPL 1,Scotland,SWPL 1,7649,20222023
data,Scotland SWPL 1,Scotland,SWPL 1,9668,20232024
data,Scotland SWPL 1,Scotland,SWPL 1,12452,20242025
data,Scotland SWPL 1,Scotland,SWPL 1,15082,20252026
data,Turkey 3. Lig Group 1,Turkey,3. Lig Group 1,4911,20202021
data,Turkey 3. Lig Group 1,Turkey,3. Lig Group 1,6330,20212022
data,Turkey 3. Lig Group 1,Turkey,3. Lig Group 1,7741,20222023
data,Turkey 3. Lig Group 1,Turkey,3. Lig Group 1,9991,20232024
data,Turkey 3. Lig Group 1,Turkey,3. Lig Group 1,13093,20242025
data,Turkey 3. Lig Group 1,Turkey,3. Lig Group 1,15931,20252026
data,Turkey 3. Lig Group 2,Turkey,3. Lig Group 2,4914,20202021
data,Turkey 3. Lig Group 2,Turkey,3. Lig Group 2,6332,20212022
data,Turkey 3. Lig Group 2,Turkey,3. Lig Group 2,7742,20222023
data,Turkey 3. Lig Group 2,Turkey,3. Lig Group 2,9997,20232024
data,Turkey 3. Lig Group 2,Turkey,3. Lig Group 2,13100,20242025
data,Turkey 3. Lig Group 2,Turkey,3. Lig Group 2,15207,20252026
data,Turkey 3. Lig Group 3,Turkey,3. Lig Group 3,4917,20202021
data,Turkey 3. Lig Group 3,Turkey,3. Lig Group 3,6334,20212022
data,Turkey 3. Lig Group 3,Turkey,3. Lig Group 3,7748,20222023
data,Turkey 3. Lig Group 3,Turkey,3. Lig Group 3,9998,20232024
data,Turkey 3. Lig Group 3,Turkey,3. Lig Group 3,13098,20242025
data,Turkey 3. Lig Group 3,Turkey,3. Lig Group 3,15206,20252026
data,Turkey 3 Lig Play offs,Turkey,3 Lig Play offs,4918,20202021
data,Turkey 3 Lig Play offs,Turkey,3 Lig Play offs,6335,20212022
data,Turkey 3 Lig Play offs,Turkey,3 Lig Play offs,9389,20222023
data,Turkey 3 Lig Play offs,Turkey,3 Lig Play offs,11534,20232024
data,Turkey 3 Lig Play offs,Turkey,3 Lig Play offs,14658,20242025
data,England Southern League Premier South,England,Southern League Premier South,4927,20202021
data,England Southern League Premier South,England,Southern League Premier South,6169,20212022
data,England Southern League Premier South,England,Southern League Premier South,7911,20222023
data,England Southern League Premier South,England,Southern League Premier South,9871,20232024
data,England Southern League Premier South,England,Southern League Premier South,13154,20242025
data,England Southern League Premier South,England,Southern League Premier South,15389,20252026
data,England Isthmian League Division One North,England,Isthmian League Division One North,4928,20202021
data,England Isthmian League Division One North,England,Isthmian League Division One North,6162,20212022
data,England Isthmian League Division One North,England,Isthmian League Division One North,7877,20222023
data,England Isthmian League Division One North,England,Isthmian League Division One North,9873,20232024
data,England Isthmian League Division One North,England,Isthmian League Division One North,13170,20242025
data,England Isthmian League Division One North,England,Isthmian League Division One North,15409,20252026
data,England Isthmian League Division One South,England,Isthmian League Division One South,4929,20202021
data,England Southern League Division One Central,England,Southern League Division One Central,4932,20202021
data,England Southern League Division One Central,England,Southern League Division One Central,6163,20212022
data,England Southern League Division One Central,England,Southern League Division One Central,7878,20222023
data,England Southern League Division One Central,England,Southern League Division One Central,9874,20232024
data,England Southern League Division One Central,England,Southern League Division One Central,12809,20242025
data,England Southern League Division One Central,England,Southern League Division One Central,15617,20252026
data,South Africa Play-offs 1 2,South Africa,Play-offs 1 2,4941,20192020
data,South Africa Play-offs 1 2,South Africa,Play-offs 1 2,5979,20202021
data,South Africa Play-offs 1 2,South Africa,Play-offs 1 2,8111,20212022
data,South Africa Play-offs 1 2,South Africa,Play-offs 1 2,9426,20222023
data,Romania 3. Liga Series 7,Romania,3. Liga Series 7,4982,20202021
data,Romania 3. Liga Series 7,Romania,3. Liga Series 7,6602,20212022
data,Romania 3. Liga Series 7,Romania,3. Liga Series 7,8282,20222023
data,Romania 3. Liga Series 7,Romania,3. Liga Series 7,10363,20232024
data,Romania 3. Liga Series 7,Romania,3. Liga Series 7,13368,20242025
data,Romania 3. Liga Series 7,Romania,3. Liga Series 7,15916,20252026
data,Romania 3. Liga Series 8,Romania,3. Liga Series 8,4983,20202021
data,Romania 3. Liga Series 8,Romania,3. Liga Series 8,6607,20212022
data,Romania 3. Liga Series 8,Romania,3. Liga Series 8,8283,20222023
data,Romania 3. Liga Series 8,Romania,3. Liga Series 8,10364,20232024
data,Romania 3. Liga Series 8,Romania,3. Liga Series 8,13363,20242025
data,Romania 3. Liga Series 8,Romania,3. Liga Series 8,15897,20252026
data,Romania 3. Liga Series 10,Romania,3. Liga Series 10,4987,20202021
data,Romania 3. Liga Series 10,Romania,3. Liga Series 10,6609,20212022
data,Romania 3. Liga Series 10,Romania,3. Liga Series 10,8284,20222023
data,Romania 3. Liga Series 10,Romania,3. Liga Series 10,10369,20232024
data,Romania 3. Liga Series 10,Romania,3. Liga Series 10,13362,20242025
data,Portugal Campeonato de Portugal Group A,Portugal,Campeonato de Portugal Group A,4990,20202021
data,Portugal Campeonato de Portugal Group A,Portugal,Campeonato de Portugal Group A,6415,20212022
data,Portugal Campeonato de Portugal Group A,Portugal,Campeonato de Portugal Group A,8201,20222023
data,Portugal Campeonato de Portugal Group A,Portugal,Campeonato de Portugal Group A,10234,20232024
data,Portugal Campeonato de Portugal Group A,Portugal,Campeonato de Portugal Group A,12830,20242025
data,Portugal Campeonato de Portugal Group A,Portugal,Campeonato de Portugal Group A,15602,20252026
data,Portugal Campeonato de Portugal Group B,Portugal,Campeonato de Portugal Group B,4992,20202021
data,Portugal Campeonato de Portugal Group B,Portugal,Campeonato de Portugal Group B,6417,20212022
data,Portugal Campeonato de Portugal Group B,Portugal,Campeonato de Portugal Group B,8202,20222023
data,Portugal Campeonato de Portugal Group B,Portugal,Campeonato de Portugal Group B,10237,20232024
data,Portugal Campeonato de Portugal Group B,Portugal,Campeonato de Portugal Group B,12864,20242025
data,Portugal Campeonato de Portugal Group B,Portugal,Campeonato de Portugal Group B,15505,20252026
data,Portugal Campeonato de Portugal Group C,Portugal,Campeonato de Portugal Group C,4994,20202021
data,Portugal Campeonato de Portugal Group C,Portugal,Campeonato de Portugal Group C,6418,20212022
data,Portugal Campeonato de Portugal Group C,Portugal,Campeonato de Portugal Group C,8199,20222023
data,Portugal Campeonato de Portugal Group C,Portugal,Campeonato de Portugal Group C,10238,20232024
data,Portugal Campeonato de Portugal Group C,Portugal,Campeonato de Portugal Group C,12823,20242025
data,Portugal Campeonato de Portugal Group C,Portugal,Campeonato de Portugal Group C,15885,20252026
data,Portugal Campeonato de Portugal Group D,Portugal,Campeonato de Portugal Group D,4996,20202021
data,Portugal Campeonato de Portugal Group D,Portugal,Campeonato de Portugal Group D,6419,20212022
data,Portugal Campeonato de Portugal Group D,Portugal,Campeonato de Portugal Group D,8200,20222023
data,Portugal Campeonato de Portugal Group D,Portugal,Campeonato de Portugal Group D,10233,20232024
data,Portugal Campeonato de Portugal Group D,Portugal,Campeonato de Portugal Group D,12868,20242025
data,Portugal Campeonato de Portugal Group D,Portugal,Campeonato de Portugal Group D,15503,20252026
data,Portugal Campeonato de Portugal Group G,Portugal,Campeonato de Portugal Group G,5040,20202021
data,Portugal Campeonato de Portugal Group F,Portugal,Campeonato de Portugal Group F,5042,20202021
data,Portugal Campeonato de Portugal Group F,Portugal,Campeonato de Portugal Group F,6422,20212022
data,Portugal Campeonato de Portugal Group E,Portugal,Campeonato de Portugal Group E,5046,20202021
data,Portugal Campeonato de Portugal Group E,Portugal,Campeonato de Portugal Group E,6421,20212022
data,Portugal Campeonato de Portugal Group H,Portugal,Campeonato de Portugal Group H,5047,20202021
data,Romania Romania Cup,Romania,Romania Cup,5063,20202021
data,Romania Romania Cup,Romania,Romania Cup,6064,20192020
data,Romania Romania Cup,Romania,Romania Cup,6202,20212022
data,Romania Romania Cup,Romania,Romania Cup,7706,20222023
data,Romania Romania Cup,Romania,Romania Cup,9736,20232024
data,Romania Romania Cup,Romania,Romania Cup,12601,20242025
data,Romania Romania Cup,Romania,Romania Cup,15375,20252026
data,Spain Segunda B Group 5,Spain,Segunda B Group 5,5068,20202021
data,Spain Segunda B Group 1,Spain,Segunda B Group 1,5069,20202021
data,Spain Segunda B Group 2,Spain,Segunda B Group 2,5070,20202021
data,Spain Segunda B Group 3,Spain,Segunda B Group 3,5071,20202021
data,Spain Segunda B Group 4,Spain,Segunda B Group 4,5073,20202021
data,Egypt Second Division,Egypt,Second Division,5100,20192020
data,Egypt Second Division,Egypt,Second Division,5343,20202021
data,Egypt Second Division,Egypt,Second Division,7171,20212022
data,Egypt Second Division,Egypt,Second Division,8570,20222023
data,Egypt Second Division,Egypt,Second Division,10698,20232024
data,Egypt Second Division,Egypt,Second Division,13663,20242025
data,Egypt Second Division,Egypt,Second Division,15215,20252026
data,Greece Gamma Ethniki Group 9,Greece,Gamma Ethniki Group 9,5102,20202021
data,Greece Gamma Ethniki Group 10,Greece,Gamma Ethniki Group 10,5105,20202021
data,England Isthmian League South East Division,England,Isthmian League South East Division,5154,20202021
data,England Isthmian League South East Division,England,Isthmian League South East Division,6171,20212022
data,England Isthmian League South East Division,England,Isthmian League South East Division,7879,20222023
data,England Isthmian League South East Division,England,Isthmian League South East Division,9828,20232024
data,England Isthmian League South East Division,England,Isthmian League South East Division,13210,20242025
data,England Isthmian League South East Division,England,Isthmian League South East Division,15402,20252026
data,England Northern North Division One,England,Northern North Division One,5156,20202021
data,England Northern South Division One,England,Northern South Division One,5157,20202021
data,England Southern South and West Division One,England,Southern South and West Division One,5158,20202021
data,Germany Oberliga Hamburg,Germany,Oberliga Hamburg,5160,20202021
data,Germany Oberliga Hamburg,Germany,Oberliga Hamburg,6270,20212022
data,Germany Oberliga Hamburg,Germany,Oberliga Hamburg,7998,20222023
data,Germany Oberliga Hamburg,Germany,Oberliga Hamburg,9773,20232024
data,Germany Oberliga Hamburg,Germany,Oberliga Hamburg,12592,20242025
data,Germany Oberliga Hamburg,Germany,Oberliga Hamburg,15146,20252026
data,Qatar Qatar Stars Cup,Qatar,Qatar Stars Cup,5161,20202021
data,Qatar Qatar Stars Cup,Qatar,Qatar Stars Cup,5213,20192020
data,Qatar Qatar Stars Cup,Qatar,Qatar Stars Cup,6584,20212022
data,Qatar Qatar Stars Cup,Qatar,Qatar Stars Cup,8552,20222023
data,Qatar Qatar Stars Cup,Qatar,Qatar Stars Cup,10564,20232024
data,Qatar Qatar Stars Cup,Qatar,Qatar Stars Cup,13374,20242025
data,Qatar Qatar Stars Cup,Qatar,Qatar Stars Cup,15957,20252026
data,Switzerland Erste Liga Cup,Switzerland,Erste Liga Cup,5164,20202021
data,Switzerland Erste Liga Cup,Switzerland,Erste Liga Cup,6698,20212022
data,Switzerland Erste Liga Cup,Switzerland,Erste Liga Cup,7839,20222023
data,Switzerland Erste Liga Cup,Switzerland,Erste Liga Cup,9752,20232024
data,Switzerland Erste Liga Cup,Switzerland,Erste Liga Cup,13195,20242025
data,Switzerland Erste Liga Cup,Switzerland,Erste Liga Cup,15189,20252026
data,USA NWSL Fall Series,USA,NWSL Fall Series,5169,2020
data,FYR Macedonia Macedonian Football Cup,FYR Macedonia,Macedonian Football Cup,5176,20202021
data,FYR Macedonia Macedonian Football Cup,FYR Macedonia,Macedonian Football Cup,5214,20192020
data,FYR Macedonia Macedonian Football Cup,FYR Macedonia,Macedonian Football Cup,6567,20212022
data,FYR Macedonia Macedonian Football Cup,FYR Macedonia,Macedonian Football Cup,8569,20222023
data,FYR Macedonia Macedonian Football Cup,FYR Macedonia,Macedonian Football Cup,10560,20232024
data,FYR Macedonia Macedonian Football Cup,FYR Macedonia,Macedonian Football Cup,13334,20242025
data,FYR Macedonia Macedonian Football Cup,FYR Macedonia,Macedonian Football Cup,16082,20252026
data,Czech Republic 4. Liga Division F,Czech Republic,4. Liga Division F,5231,20202021
data,Czech Republic 4. Liga Division F,Czech Republic,4. Liga Division F,6251,20212022
data,Czech Republic 4. Liga Division F,Czech Republic,4. Liga Division F,7696,20222023
data,Czech Republic 4. Liga Division F,Czech Republic,4. Liga Division F,9629,20232024
data,Czech Republic 4. Liga Division F,Czech Republic,4. Liga Division F,12509,20242025
data,Czech Republic 4. Liga Division F,Czech Republic,4. Liga Division F,15315,20252026
data,Norway PostNord Cup,Norway,PostNord Cup,5232,2020
data,Netherlands U21 Divisie 1,Netherlands,U21 Divisie 1,5233,20202021
data,Netherlands U21 Divisie 1,Netherlands,U21 Divisie 1,6599,20212022
data,Netherlands U21 Divisie 1,Netherlands,U21 Divisie 1,7976,20222023
data,Netherlands U21 Divisie 1,Netherlands,U21 Divisie 1,10052,20232024
data,Netherlands U21 Divisie 1,Netherlands,U21 Divisie 1,12663,20242025
data,Netherlands U21 Divisie 1,Netherlands,U21 Divisie 1,15250,20252026
data,Netherlands U21 Divisie 2,Netherlands,U21 Divisie 2,5234,20202021
data,Netherlands U21 Divisie 2,Netherlands,U21 Divisie 2,6617,20212022
data,Netherlands U21 Divisie 2,Netherlands,U21 Divisie 2,8117,20222023
data,Netherlands U21 Divisie 2,Netherlands,U21 Divisie 2,10069,20232024
data,Netherlands U21 Divisie 2,Netherlands,U21 Divisie 2,12678,20242025
data,Netherlands U21 Divisie 2,Netherlands,U21 Divisie 2,15299,20252026
data,Netherlands U21 Divisie 3,Netherlands,U21 Divisie 3,5235,20202021
data,Netherlands U21 Divisie 3,Netherlands,U21 Divisie 3,6610,20212022
data,Netherlands U21 Divisie 3,Netherlands,U21 Divisie 3,8118,20222023
data,Netherlands U21 Divisie 3,Netherlands,U21 Divisie 3,10109,20232024
data,Netherlands U21 Divisie 3,Netherlands,U21 Divisie 3,12661,20242025
data,Netherlands U21 Divisie 3,Netherlands,U21 Divisie 3,15260,20252026
data,Netherlands U21 Divisie 4,Netherlands,U21 Divisie 4,5236,20202021
data,Netherlands U21 Divisie 4,Netherlands,U21 Divisie 4,6616,20212022
data,Netherlands U21 Divisie 4,Netherlands,U21 Divisie 4,8119,20222023
data,Netherlands U21 Divisie 4,Netherlands,U21 Divisie 4,10110,20232024
data,Netherlands U21 Divisie 4,Netherlands,U21 Divisie 4,12682,20242025
data,Netherlands U21 Divisie 4,Netherlands,U21 Divisie 4,15259,20252026
data,Oman Sultan Cup,Oman,Sultan Cup,5264,20192020
data,Oman Sultan Cup,Oman,Sultan Cup,5483,20202021
data,Oman Sultan Cup,Oman,Sultan Cup,6827,20212022
data,Oman Sultan Cup,Oman,Sultan Cup,8462,20222023
data,Oman Sultan Cup,Oman,Sultan Cup,10743,20232024
data,Oman Sultan Cup,Oman,Sultan Cup,13717,20242025
data,South Africa 8 Cup,South Africa,8 Cup,5299,20202021
data,South Africa 8 Cup,South Africa,8 Cup,6306,20212022
data,South Africa 8 Cup,South Africa,8 Cup,8066,20222023
data,South Africa 8 Cup,South Africa,8 Cup,10113,20232024
data,South Africa 8 Cup,South Africa,8 Cup,13011,20242025
data,South Africa 8 Cup,South Africa,8 Cup,15328,20252026
data,Wales Welsh Premier Womens League,Wales,Welsh Premier Womens League,5305,20202021
data,Wales Welsh Premier Womens League,Wales,Welsh Premier Womens League,6624,20212022
data,Wales Welsh Premier Womens League,Wales,Welsh Premier Womens League,8345,20222023
data,Wales Welsh Premier Womens League,Wales,Welsh Premier Womens League,10119,20232024
data,Wales Welsh Premier Womens League,Wales,Welsh Premier Womens League,13094,20242025
data,Wales Welsh Premier Womens League,Wales,Welsh Premier Womens League,15650,20252026
data,Africa CAF Confederations Cup,Africa,CAF Confederations Cup,5313,20202021
data,Africa CAF Confederations Cup,Africa,CAF Confederations Cup,6456,20212022
data,Africa CAF Confederations Cup,Africa,CAF Confederations Cup,8370,20222023
data,Africa CAF Confederations Cup,Africa,CAF Confederations Cup,10471,20232024
data,Africa CAF Confederations Cup,Africa,CAF Confederations Cup,12637,20242025
data,Africa CAF Confederations Cup,Africa,CAF Confederations Cup,15688,20252026
data,Netherlands KNVB Women's Cup,Netherlands,KNVB Women's Cup,5320,20202021
data,Netherlands KNVB Women's Cup,Netherlands,KNVB Women's Cup,6782,20212022
data,Netherlands KNVB Women's Cup,Netherlands,KNVB Women's Cup,9089,20222023
data,Netherlands KNVB Women's Cup,Netherlands,KNVB Women's Cup,10279,20232024
data,Netherlands KNVB Women's Cup,Netherlands,KNVB Women's Cup,14196,20242025
data,Netherlands KNVB Women's Cup,Netherlands,KNVB Women's Cup,15973,20252026
data,Netherlands Eredivisie Cup Women,Netherlands,Eredivisie Cup Women,5322,20202021
data,Netherlands Eredivisie Cup Women,Netherlands,Eredivisie Cup Women,7404,20212022
data,Netherlands Eredivisie Cup Women,Netherlands,Eredivisie Cup Women,9313,20222023
data,Netherlands Eredivisie Cup Women,Netherlands,Eredivisie Cup Women,11965,20232024
data,Netherlands Eredivisie Cup Women,Netherlands,Eredivisie Cup Women,14750,20242025
data,International COSAFA U20 Championship,International,COSAFA U20 Championship,5327,2020
data,International COSAFA U20 Championship,International,COSAFA U20 Championship,8579,2022
data,International COSAFA U20 Championship,International,COSAFA U20 Championship,13774,2024
data,International COSAFA U20 Championship,International,COSAFA U20 Championship,16212,2025
data,Brazil Carioca B2,Brazil,Carioca B2,5330,20202021
data,Brazil Carioca B2,Brazil,Carioca B2,6769,2021
data,Brazil Carioca B2,Brazil,Carioca B2,8005,2022
data,Brazil Carioca B2,Brazil,Carioca B2,10313,2023
data,Brazil Carioca B2,Brazil,Carioca B2,13201,2024
data,Brazil Carioca B2,Brazil,Carioca B2,15675,2025
data,El Salvador Reserve League,El Salvador,Reserve League,5331,20202021
data,El Salvador Reserve League,El Salvador,Reserve League,6457,20212022
data,El Salvador Reserve League,El Salvador,Reserve League,7734,20222023
data,El Salvador Reserve League,El Salvador,Reserve League,10328,20232024
data,El Salvador Reserve League,El Salvador,Reserve League,12950,20242025
data,El Salvador Reserve League,El Salvador,Reserve League,15286,20252026
data,Uruguay Campeonato Femenino,Uruguay,Campeonato Femenino,5335,2020
data,Uruguay Campeonato Femenino,Uruguay,Campeonato Femenino,6625,2021
data,Uruguay Campeonato Femenino,Uruguay,Campeonato Femenino,7600,2022
data,Uruguay Campeonato Femenino,Uruguay,Campeonato Femenino,9256,2023
data,Uruguay Campeonato Femenino,Uruguay,Campeonato Femenino,11527,2024
data,Uruguay Campeonato Femenino,Uruguay,Campeonato Femenino,16312,2025
data,International Africa U20 Cup of Nations Qualification,International,Africa U20 Cup of Nations Qualification,5340,2021
data,International Africa U20 Cup of Nations Qualification,International,Africa U20 Cup of Nations Qualification,8371,2023
data,Malawi Super League,Malawi,Super League,5341,2020
data,Malawi Super League,Malawi,Super League,7297,2022
data,Malawi Super League,Malawi,Super League,9153,2023
data,Malawi Super League,Malawi,Super League,11423,2024
data,Malawi Super League,Malawi,Super League,16226,2025
data,Germany Oberliga Niederrhein,Germany,Oberliga Niederrhein,5404,20202021
data,Germany Oberliga Niederrhein,Germany,Oberliga Niederrhein,6273,20212022
data,Germany Oberliga Niederrhein,Germany,Oberliga Niederrhein,7733,20222023
data,Germany Oberliga Niederrhein,Germany,Oberliga Niederrhein,9774,20232024
data,Germany Oberliga Niederrhein,Germany,Oberliga Niederrhein,12698,20242025
data,Germany Oberliga Niederrhein,Germany,Oberliga Niederrhein,15674,20252026
data,Iceland Fotbolti net Cup A,Iceland,Fotbolti net Cup A,5423,2021
data,Iceland Fotbolti net Cup A,Iceland,Fotbolti net Cup A,6917,2022
data,Iceland Fotbolti net Cup B,Iceland,Fotbolti net Cup B,5424,2021
data,Iceland Fotbolti net Cup B,Iceland,Fotbolti net Cup B,6918,2022
data,Finland Kakkosen Cup,Finland,Kakkosen Cup,5427,2021
data,France National 3 Group B,France,National 3 Group B,5436,20202021
data,France National 3 Group B,France,National 3 Group B,6474,20212022
data,France National 3 Group B,France,National 3 Group B,8015,20222023
data,France National 3 Group B,France,National 3 Group B,10168,20232024
data,France National 3 Group B,France,National 3 Group B,12914,20242025
data,France National 3 Group B,France,National 3 Group B,15482,20252026
data,Iceland Fotbolti net Cup C,Iceland,Fotbolti net Cup C,5437,2021
data,Iceland Fotbolti net Cup C,Iceland,Fotbolti net Cup C,6919,2022
data,UAE Super Cup,UAE,Super Cup,5446,20202021
data,UAE Super Cup,UAE,Super Cup,6834,20212022
data,UAE Super Cup,UAE,Super Cup,8773,20222023
data,UAE Super Cup,UAE,Super Cup,10884,20232024
data,UAE Super Cup,UAE,Super Cup,13768,20242025
data,France Coupe Gambardella,France,Coupe Gambardella,5449,20192020
data,France Coupe Gambardella,France,Coupe Gambardella,8106,20212022
data,France Coupe Gambardella,France,Coupe Gambardella,8776,20222023
data,France Coupe Gambardella,France,Coupe Gambardella,10942,20232024
data,France Coupe Gambardella,France,Coupe Gambardella,14040,20242025
data,Wales League Cup,Wales,League Cup,5454,20202021
data,Wales League Cup,Wales,League Cup,6049,20212022
data,Wales League Cup,Wales,League Cup,7974,20222023
data,Wales League Cup,Wales,League Cup,9792,20232024
data,Wales League Cup,Wales,League Cup,12286,20242025
data,Wales League Cup,Wales,League Cup,15059,20252026
data,Wales Welsh Cup,Wales,Welsh Cup,5456,20192020
data,Wales Welsh Cup,Wales,Welsh Cup,6344,20212022
data,Wales Welsh Cup,Wales,Welsh Cup,8299,20222023
data,Wales Welsh Cup,Wales,Welsh Cup,10513,20232024
data,Wales Welsh Cup,Wales,Welsh Cup,13466,20242025
data,Wales Welsh Cup,Wales,Welsh Cup,16010,20252026
data,Estonia Winter Tournament,Estonia,Winter Tournament,5474,2021
data,Estonia Winter Tournament,Estonia,Winter Tournament,6902,2022
data,Estonia Winter Tournament,Estonia,Winter Tournament,8873,2023
data,Estonia Super Cup,Estonia,Super Cup,5475,2021
data,Estonia Super Cup,Estonia,Super Cup,6911,2022
data,Estonia Super Cup,Estonia,Super Cup,8912,2023
data,Estonia Super Cup,Estonia,Super Cup,11095,2024
data,Estonia Super Cup,Estonia,Super Cup,14029,2025
data,Fiji Cup,Fiji,Cup,5476,2021
data,Fiji Cup,Fiji,Cup,7589,2022
data,Fiji Cup,Fiji,Cup,9453,2023
data,Fiji Cup,Fiji,Cup,11948,2024
data,Fiji Cup,Fiji,Cup,14757,2025
data,Thailand Womens League 1,Thailand,Womens League 1,5511,20202021
data,Thailand Womens League 1,Thailand,Womens League 1,7160,2022
data,Thailand Womens League 1,Thailand,Womens League 1,9096,2023
data,Thailand Womens League 1,Thailand,Womens League 1,11295,2024
data,Thailand Womens League 1,Thailand,Womens League 1,14141,2025
data,International African Nations Championship,International,African Nations Championship,5513,2020
data,International African Nations Championship,International,African Nations Championship,8580,2022
data,International African Nations Championship,International,African Nations Championship,16158,2025
data,Albania Womens National Championship,Albania,Womens National Championship,5514,20202021
data,Albania Womens National Championship,Albania,Womens National Championship,6709,20212022
data,Albania Womens National Championship,Albania,Womens National Championship,8380,20222023
data,Albania Womens National Championship,Albania,Womens National Championship,10715,20232024
data,Albania Womens National Championship,Albania,Womens National Championship,13522,20242025
data,Albania Womens National Championship,Albania,Womens National Championship,16110,20252026
data,Iceland Northern Iceland Cup,Iceland,Northern Iceland Cup,5515,2021
data,Brazil Copa Verde,Brazil,Copa Verde,5518,2020
data,Brazil Copa Verde,Brazil,Copa Verde,6765,2021
data,Brazil Copa Verde,Brazil,Copa Verde,8346,2022
data,Brazil Copa Verde,Brazil,Copa Verde,8872,2023
data,Brazil Copa Verde,Brazil,Copa Verde,11059,2024
data,Brazil Copa Verde,Brazil,Copa Verde,13938,2025
data,Belarus Super Cup,Belarus,Super Cup,5542,2021
data,Belarus Super Cup,Belarus,Super Cup,6895,2022
data,Belarus Super Cup,Belarus,Super Cup,8758,2023
data,Belarus Super Cup,Belarus,Super Cup,11206,2024
data,Belarus Super Cup,Belarus,Super Cup,14187,2025
data,Kazakhstan Super Cup,Kazakhstan,Super Cup,5574,2021
data,Kazakhstan Super Cup,Kazakhstan,Super Cup,7125,2022
data,Kazakhstan Super Cup,Kazakhstan,Super Cup,8970,2023
data,Kazakhstan Super Cup,Kazakhstan,Super Cup,11267,2024
data,Kazakhstan Super Cup,Kazakhstan,Super Cup,14103,2025
data,Argentina Copa de la Superliga,Argentina,Copa de la Superliga,5582,2020
data,Republic of Ireland Womens National League,Republic of Ireland,Womens National League,5620,2021
data,Republic of Ireland Womens National League,Republic of Ireland,Womens National League,6955,2022
data,Republic of Ireland Womens National League,Republic of Ireland,Womens National League,8755,2023
data,Republic of Ireland Womens National League,Republic of Ireland,Womens National League,10963,2024
data,Republic of Ireland Womens National League,Republic of Ireland,Womens National League,13954,2025
data,Republic of Ireland FAI Presidents Cup,Republic of Ireland,FAI Presidents Cup,5628,2021
data,Republic of Ireland FAI Presidents Cup,Republic of Ireland,FAI Presidents Cup,7092,2022
data,Republic of Ireland FAI Presidents Cup,Republic of Ireland,FAI Presidents Cup,8976,2023
data,Republic of Ireland FAI Presidents Cup,Republic of Ireland,FAI Presidents Cup,11055,2024
data,Republic of Ireland FAI Presidents Cup,Republic of Ireland,FAI Presidents Cup,13792,2025
data,Argentina Supercopa Argentina,Argentina,Supercopa Argentina,5644,20192020
data,Argentina Supercopa Argentina,Argentina,Supercopa Argentina,5645,20182019
data,Argentina Supercopa Argentina,Argentina,Supercopa Argentina,5646,20172018
data,Argentina Supercopa Argentina,Argentina,Supercopa Argentina,5647,20162017
data,Argentina Supercopa Argentina,Argentina,Supercopa Argentina,8834,2023
data,Argentina Supercopa Argentina,Argentina,Supercopa Argentina,11319,2024
data,Argentina Supercopa Argentina,Argentina,Supercopa Argentina,14067,2025
data,Argentina Torneo Regional Federal Amateur,Argentina,Torneo Regional Federal Amateur,5651,20202021
data,Argentina Torneo Regional Federal Amateur,Argentina,Torneo Regional Federal Amateur,7031,20212022
data,Argentina Torneo Regional Federal Amateur,Argentina,Torneo Regional Federal Amateur,8586,20222023
data,Australia Brisbane Reserves Premier League,Australia,Brisbane Reserves Premier League,5652,2021
data,Australia Brisbane Reserves Premier League,Australia,Brisbane Reserves Premier League,7406,2022
data,Australia Brisbane Reserves Premier League,Australia,Brisbane Reserves Premier League,8892,2023
data,Australia Brisbane Reserves Premier League,Australia,Brisbane Reserves Premier League,11115,2024
data,Australia Brisbane Reserves Premier League,Australia,Brisbane Reserves Premier League,13917,2025
data,Australia South Australia Womens Pre Season Cup,Australia,South Australia Womens Pre Season Cup,5653,2021
data,Australia South Australia Womens Pre Season Cup,Australia,South Australia Womens Pre Season Cup,7191,2022
data,Australia South Australia Womens Pre Season Cup,Australia,South Australia Womens Pre Season Cup,8984,2023
data,Australia South Australia Womens Pre Season Cup,Australia,South Australia Womens Pre Season Cup,11083,2024
data,Australia South Australia Womens Pre Season Cup,Australia,South Australia Womens Pre Season Cup,13916,2025
data,Brazil Copa Alagoas,Brazil,Copa Alagoas,5655,2021
data,Brazil Copa Alagoas,Brazil,Copa Alagoas,6888,2022
data,Brazil Copa Alagoas,Brazil,Copa Alagoas,8801,2023
data,Brazil Copa Alagoas,Brazil,Copa Alagoas,10926,2024
data,Brazil Copa Alagoas,Brazil,Copa Alagoas,13848,2025
data,Cyprus First Division Women,Cyprus,First Division Women,5656,20202021
data,Cyprus First Division Women,Cyprus,First Division Women,6578,20212022
data,Cyprus First Division Women,Cyprus,First Division Women,8107,20222023
data,Cyprus First Division Women,Cyprus,First Division Women,10338,20232024
data,Cyprus First Division Women,Cyprus,First Division Women,13667,20242025
data,Cyprus First Division Women,Cyprus,First Division Women,16114,20252026
data,Cyprus Womens Cup,Cyprus,Womens Cup,5657,20202021
data,Cyprus Womens Cup,Cyprus,Womens Cup,8724,20212022
data,Cyprus Womens Cup,Cyprus,Womens Cup,8802,20222023
data,Cyprus Womens Cup,Cyprus,Womens Cup,10965,20232024
data,Cyprus Womens Cup,Cyprus,Womens Cup,13868,20242025
data,Jordan Shield Cup,Jordan,Shield Cup,5672,20202021
data,Jordan Shield Cup,Jordan,Shield Cup,7407,20212022
data,Jordan Shield Cup,Jordan,Shield Cup,9238,20232024
data,Jordan Shield Cup,Jordan,Shield Cup,12910,20242025
data,Jordan Shield Cup,Jordan,Shield Cup,15258,20252026
data,Jordan Super Cup,Jordan,Super Cup,5673,20192020
data,Jordan Super Cup,Jordan,Super Cup,5742,20202021
data,Jordan Super Cup,Jordan,Super Cup,7279,2022
data,Jordan Super Cup,Jordan,Super Cup,9249,2023
data,Jordan Super Cup,Jordan,Super Cup,16179,2025
data,Jordan Super Cup,Jordan,Super Cup,16185,2024
data,International WC Qualification CONCACAF,International,WC Qualification CONCACAF,5680,2022
data,International WC Qualification CONCACAF,International,WC Qualification CONCACAF,11426,2026
data,International Olympic Qualifying Concacaf,International,Olympic Qualifying Concacaf,5681,2020
data,Guinea Ligue 1 Pro,Guinea,Ligue 1 Pro,5699,20202021
data,Guinea Ligue 1 Pro,Guinea,Ligue 1 Pro,6762,20212022
data,Guinea Ligue 1 Pro,Guinea,Ligue 1 Pro,8589,20222023
data,Guinea Ligue 1 Pro,Guinea,Ligue 1 Pro,10834,20232024
data,Guinea Ligue 1 Pro,Guinea,Ligue 1 Pro,16292,20242025
data,Portugal Taca Revelacao U23,Portugal,Taca Revelacao U23,5702,20202021
data,Portugal Taca Revelacao U23,Portugal,Taca Revelacao U23,8121,20212022
data,Portugal Taca Revelacao U23,Portugal,Taca Revelacao U23,9614,20222023
data,Portugal Taca Revelacao U23,Portugal,Taca Revelacao U23,11547,20232024
data,Portugal Taca Revelacao U23,Portugal,Taca Revelacao U23,14677,20242025
data,Panama Liga Prom,Panama,Liga Prom,5705,2021
data,Panama Liga Prom,Panama,Liga Prom,8065,2022
data,Panama Liga Prom,Panama,Liga Prom,8796,2023
data,Panama Liga Prom,Panama,Liga Prom,11106,2024
data,Panama Liga Prom,Panama,Liga Prom,15797,2025
data,Algeria Coupe de la Ligue,Algeria,Coupe de la Ligue,5714,20202021
data,Australia Victoria NPL 2 Youth,Australia,Victoria NPL 2 Youth,5719,2021
data,Australia Victoria NPL 2 Youth,Australia,Victoria NPL 2 Youth,7010,2022
data,Australia Victoria NPL 2 Youth,Australia,Victoria NPL 2 Youth,8731,2023
data,Australia Victoria NPL 2 Youth,Australia,Victoria NPL 2 Youth,10927,2024
data,Australia Victoria NPL 2 Youth,Australia,Victoria NPL 2 Youth,13841,2025
data,St. Kitts and Nevis St Kitts and Nevis PL,St. Kitts and Nevis,St Kitts and Nevis PL,5720,20202021
data,St. Kitts and Nevis St Kitts and Nevis PL,St. Kitts and Nevis,St Kitts and Nevis PL,9008,20222023
data,St. Kitts and Nevis St Kitts and Nevis PL,St. Kitts and Nevis,St Kitts and Nevis PL,11273,20232024
data,St. Kitts and Nevis St Kitts and Nevis PL,St. Kitts and Nevis,St Kitts and Nevis PL,16197,20242025
data,Latvia Women League,Latvia,Women League,5754,2021
data,Latvia Women League,Latvia,Women League,7284,2022
data,Latvia Women League,Latvia,Women League,9191,2023
data,Latvia Women League,Latvia,Women League,11408,2024
data,Latvia Women League,Latvia,Women League,14503,2025
data,Nepal Super League,Nepal,Super League,5779,2021
data,Nepal Super League,Nepal,Super League,10675,2023
data,Nepal Super League,Nepal,Super League,14528,2025
data,Qatar U23 League,Qatar,U23 League,5780,20202021
data,Qatar U23 League,Qatar,U23 League,7409,20212022
data,Vietnam Women Cup,Vietnam,Women Cup,5781,2021
data,Vietnam Women Cup,Vietnam,Women Cup,8344,2022
data,Vietnam Women Cup,Vietnam,Women Cup,9065,2023
data,Vietnam Women Cup,Vietnam,Women Cup,13858,2024
data,England FA Vase,England,FA Vase,5782,20202021
data,England FA Vase,England,FA Vase,6724,20212022
data,England FA Vase,England,FA Vase,8558,20222023
data,England FA Vase,England,FA Vase,10722,20232024
data,England FA Vase,England,FA Vase,13654,20242025
data,England FA Vase,England,FA Vase,15245,20252026
data,Portugal Campeonato de Portugal Play Offs,Portugal,Campeonato de Portugal Play Offs,5783,20202021
data,Portugal Campeonato de Portugal Play Offs,Portugal,Campeonato de Portugal Play Offs,7319,20212022
data,Portugal Campeonato de Portugal Play Offs,Portugal,Campeonato de Portugal Play Offs,9229,20222023
data,Portugal Campeonato de Portugal Play Offs,Portugal,Campeonato de Portugal Play Offs,11442,20232024
data,Portugal Campeonato de Portugal Play Offs,Portugal,Campeonato de Portugal Play Offs,14643,20242025
data,Scotland Scotland Play-offs 3/4,Scotland,Scotland Play-offs 3/4,5786,20202021
data,Scotland Scotland Play-offs 3/4,Scotland,Scotland Play-offs 3/4,7315,20212022
data,Scotland Scotland Play-offs 3/4,Scotland,Scotland Play-offs 3/4,9302,20222023
data,Scotland Scotland Play-offs 3/4,Scotland,Scotland Play-offs 3/4,11928,20232024
data,Scotland Scotland Play-offs 3/4,Scotland,Scotland Play-offs 3/4,14683,20242025
data,Scotland Scotland Play-offs 2/3,Scotland,Scotland Play-offs 2/3,5787,20202021
data,Scotland Scotland Play-offs 2/3,Scotland,Scotland Play-offs 2/3,7314,20212022
data,Scotland Scotland Play-offs 2/3,Scotland,Scotland Play-offs 2/3,9303,20222023
data,Scotland Scotland Play-offs 2/3,Scotland,Scotland Play-offs 2/3,11927,20232024
data,Scotland Scotland Play-offs 2/3,Scotland,Scotland Play-offs 2/3,14682,20242025
data,Scotland Scotland Play-offs 4/5,Scotland,Scotland Play-offs 4/5,5789,20202021
data,Scotland Scotland Play-offs 4/5,Scotland,Scotland Play-offs 4/5,7316,20212022
data,Scotland Scotland Play-offs 4/5,Scotland,Scotland Play-offs 4/5,9447,20222023
data,Scotland Scotland Play-offs 4/5,Scotland,Scotland Play-offs 4/5,11926,20232024
data,Scotland Scotland Play-offs 4/5,Scotland,Scotland Play-offs 4/5,14687,20242025
data,Australia Western Australia FFA Cup Preliminary,Australia,Western Australia FFA Cup Preliminary,5792,2021
data,Australia Western Australia FFA Cup Preliminary,Australia,Western Australia FFA Cup Preliminary,7206,2022
data,Australia Western Australia FFA Cup Preliminary,Australia,Western Australia FFA Cup Preliminary,8942,2023
data,Australia Western Australia FFA Cup Preliminary,Australia,Western Australia FFA Cup Preliminary,11333,2024
data,Australia Western Australia FFA Cup Preliminary,Australia,Western Australia FFA Cup Preliminary,14206,2025
data,Australia Northern Territory FFA Cup Preliminary,Australia,Northern Territory FFA Cup Preliminary,5794,2021
data,Australia Northern Territory FFA Cup Preliminary,Australia,Northern Territory FFA Cup Preliminary,7203,2022
data,Australia Northern Territory FFA Cup Preliminary,Australia,Northern Territory FFA Cup Preliminary,9135,2023
data,Australia Northern Territory FFA Cup Preliminary,Australia,Northern Territory FFA Cup Preliminary,11353,2024
data,Australia Northern Territory FFA Cup Preliminary,Australia,Northern Territory FFA Cup Preliminary,14428,2025
data,Australia Queensland FFA Cup Preliminary,Australia,Queensland FFA Cup Preliminary,5796,2021
data,Australia Queensland FFA Cup Preliminary,Australia,Queensland FFA Cup Preliminary,7204,2022
data,Australia Queensland FFA Cup Preliminary,Australia,Queensland FFA Cup Preliminary,8954,2023
data,Australia Queensland FFA Cup Preliminary,Australia,Queensland FFA Cup Preliminary,11154,2024
data,Australia Queensland FFA Cup Preliminary,Australia,Queensland FFA Cup Preliminary,14880,2025
data,Australia Victoria FFA Cup Preliminary,Australia,Victoria FFA Cup Preliminary,5798,2021
data,Australia Victoria FFA Cup Preliminary,Australia,Victoria FFA Cup Preliminary,7205,2022
data,Australia Victoria FFA Cup Preliminary,Australia,Victoria FFA Cup Preliminary,9041,2023
data,Australia Victoria FFA Cup Preliminary,Australia,Victoria FFA Cup Preliminary,11247,2024
data,Australia Victoria FFA Cup Preliminary,Australia,Victoria FFA Cup Preliminary,14313,2025
data,Australia Northern NSW FFA Cup Preliminary,Australia,Northern NSW FFA Cup Preliminary,5800,2021
data,Australia Northern NSW FFA Cup Preliminary,Australia,Northern NSW FFA Cup Preliminary,7202,2022
data,Australia Northern NSW FFA Cup Preliminary,Australia,Northern NSW FFA Cup Preliminary,9015,2023
data,Australia Northern NSW FFA Cup Preliminary,Australia,Northern NSW FFA Cup Preliminary,11213,2024
data,Australia Northern NSW FFA Cup Preliminary,Australia,Northern NSW FFA Cup Preliminary,14312,2025
data,San Marino Coppa Titano,San Marino,Coppa Titano,5801,20202021
data,San Marino Coppa Titano,San Marino,Coppa Titano,6720,20212022
data,San Marino Coppa Titano,San Marino,Coppa Titano,8182,20222023
data,San Marino Coppa Titano,San Marino,Coppa Titano,10329,20232024
data,San Marino Coppa Titano,San Marino,Coppa Titano,13323,20242025
data,San Marino Coppa Titano,San Marino,Coppa Titano,15457,20252026
data,Uzbekistan Pro League A,Uzbekistan,Pro League A,5811,2021
data,Uzbekistan Pro League A,Uzbekistan,Pro League A,7163,2022
data,Uzbekistan Pro League A,Uzbekistan,Pro League A,10762,2023
data,Uzbekistan Pro League A,Uzbekistan,Pro League A,11260,2024
data,Uzbekistan Pro League A,Uzbekistan,Pro League A,14890,2025
data,USA UWS,USA,UWS,5835,2021
data,USA UWS,USA,UWS,7561,2022
data,USA UWS,USA,UWS,9537,2023
data,USA UWS,USA,UWS,11942,2024
data,USA UWS,USA,UWS,15336,2025
data,Northern Ireland Irish Cup,Northern Ireland,Irish Cup,5854,20202021
data,Northern Ireland Irish Cup,Northern Ireland,Irish Cup,6829,20212022
data,Northern Ireland Irish Cup,Northern Ireland,Irish Cup,8803,20222023
data,Northern Ireland Irish Cup,Northern Ireland,Irish Cup,10728,20232024
data,Northern Ireland Irish Cup,Northern Ireland,Irish Cup,13618,20242025
data,Northern Ireland Irish Cup,Northern Ireland,Irish Cup,16093,20252026
data,Australia Capital Territory FFA Cup Preliminary,Australia,Capital Territory FFA Cup Preliminary,5856,2021
data,Australia Capital Territory FFA Cup Preliminary,Australia,Capital Territory FFA Cup Preliminary,7201,2022
data,Australia Capital Territory FFA Cup Preliminary,Australia,Capital Territory FFA Cup Preliminary,8959,2023
data,Australia Capital Territory FFA Cup Preliminary,Australia,Capital Territory FFA Cup Preliminary,11261,2024
data,Australia Capital Territory FFA Cup Preliminary,Australia,Capital Territory FFA Cup Preliminary,14293,2025
data,Romania U19 League,Romania,U19 League,5857,20202021
data,Romania U19 League,Romania,U19 League,6447,20212022
data,Esports Esoccer Liga Pro,Esports,Esoccer Liga Pro,5861,-1
data,Ghana Ghana FA Cup,Ghana,Ghana FA Cup,5869,2021
data,Ghana Ghana FA Cup,Ghana,Ghana FA Cup,8576,20212022
data,Ghana Ghana FA Cup,Ghana,Ghana FA Cup,8819,20222023
data,Ghana Ghana FA Cup,Ghana,Ghana FA Cup,10866,20232024
data,Ghana Ghana FA Cup,Ghana,Ghana FA Cup,13775,20242025
data,Israel Play Offs 2nd Division,Israel,Play Offs 2nd Division,5871,20202021
data,Israel Play Offs 2nd Division,Israel,Play Offs 2nd Division,8555,20212022
data,Israel Play Offs 2nd Division,Israel,Play Offs 2nd Division,9495,20222023
data,Israel Play Offs 2nd Division,Israel,Play Offs 2nd Division,12041,20232024
data,Israel Play Offs 2nd Division,Israel,Play Offs 2nd Division,14753,20242025
data,Uganda Uganda Cup,Uganda,Uganda Cup,5872,20202021
data,Uganda Uganda Cup,Uganda,Uganda Cup,7155,2022
data,Uganda Uganda Cup,Uganda,Uganda Cup,9022,20222023
data,Uganda Uganda Cup,Uganda,Uganda Cup,11221,20232024
data,Uganda Uganda Cup,Uganda,Uganda Cup,14230,2025
data,Esports Esoccer Battle,Esports,Esoccer Battle,5874,-1
data,Russia III Division,Russia,III Division,5875,2021
data,Russia III Division,Russia,III Division,7303,2022
data,England London Senior Cup,England,London Senior Cup,5877,20202021
data,England London Senior Cup,England,London Senior Cup,6569,20212022
data,England London Senior Cup,England,London Senior Cup,8242,20222023
data,England London Senior Cup,England,London Senior Cup,10623,20232024
data,England London Senior Cup,England,London Senior Cup,13150,20242025
data,England London Senior Cup,England,London Senior Cup,15969,20252026
data,Andorra Play Offs 1st Division,Andorra,Play Offs 1st Division,5886,20202021
data,Andorra Play Offs 1st Division,Andorra,Play Offs 1st Division,8554,20212022
data,Andorra Play Offs 1st Division,Andorra,Play Offs 1st Division,9444,20222023
data,Andorra Play Offs 1st Division,Andorra,Play Offs 1st Division,12005,20232024
data,Andorra Play Offs 1st Division,Andorra,Play Offs 1st Division,14752,20242025
data,Slovenia Play Offs 1st Division,Slovenia,Play Offs 1st Division,5887,20202021
data,Slovenia Play Offs 1st Division,Slovenia,Play Offs 1st Division,7410,20212022
data,Slovenia Play Offs 1st Division,Slovenia,Play Offs 1st Division,9387,20222023
data,Slovenia Play Offs 1st Division,Slovenia,Play Offs 1st Division,12021,20232024
data,Slovenia Play Offs 1st Division,Slovenia,Play Offs 1st Division,14775,20242025
data,Romania Play Offs 1st Division,Romania,Play Offs 1st Division,5889,20202021
data,Romania Play Offs 1st Division,Romania,Play Offs 1st Division,8122,20212022
data,Romania Play Offs 1st Division,Romania,Play Offs 1st Division,9448,20222023
data,Romania Play Offs 1st Division,Romania,Play Offs 1st Division,11967,20232024
data,Romania Play Offs 1st Division,Romania,Play Offs 1st Division,14740,20242025
data,Hungary U19 League,Hungary,U19 League,5893,20202021
data,Hungary U19 League,Hungary,U19 League,6509,20212022
data,Hungary U19 League,Hungary,U19 League,8338,20222023
data,Hungary U19 League,Hungary,U19 League,10280,20232024
data,Hungary U19 League,Hungary,U19 League,13306,20242025
data,Hungary U19 League,Hungary,U19 League,15719,20252026
data,Hungary U19 Alap,Hungary,U19 Alap,5894,20202021
data,Hungary U19 Alap,Hungary,U19 Alap,6501,20212022
data,Hungary U19 Alap,Hungary,U19 Alap,8339,20222023
data,Hungary U19 Alap,Hungary,U19 Alap,10572,20232024
data,Hungary U19 Alap,Hungary,U19 Alap,13311,20242025
data,Hungary U19 Alap,Hungary,U19 Alap,15731,20252026
data,Italy Campionato Primavera 3,Italy,Campionato Primavera 3,5896,20202021
data,Italy Campionato Primavera 3,Italy,Campionato Primavera 3,6661,20212022
data,Italy Campionato Primavera 3,Italy,Campionato Primavera 3,8381,20222023
data,Italy Campionato Primavera 3,Italy,Campionato Primavera 3,10637,20232024
data,Italy Campionato Primavera 3,Italy,Campionato Primavera 3,13153,20242025
data,Italy Campionato Primavera 3,Italy,Campionato Primavera 3,15711,20252026
data,Hungary U19 Playoffs,Hungary,U19 Playoffs,5897,20202021
data,Hungary U19 Playoffs,Hungary,U19 Playoffs,7106,20212022
data,Hungary U19 Playoffs,Hungary,U19 Playoffs,8978,20222023
data,Denmark Denmark Series Group 1,Denmark,Denmark Series Group 1,5899,20202021
data,Denmark Denmark Series Group 1,Denmark,Denmark Series Group 1,6078,20212022
data,Denmark Denmark Series Group 1,Denmark,Denmark Series Group 1,7630,20222023
data,Denmark Denmark Series Group 1,Denmark,Denmark Series Group 1,9635,20232024
data,Denmark Denmark Series Group 1,Denmark,Denmark Series Group 1,12577,20242025
data,Denmark Denmark Series Group 1,Denmark,Denmark Series Group 1,15148,20252026
data,Denmark Denmark Series Playoffs,Denmark,Denmark Series Playoffs,5900,20202021
data,Denmark Denmark Series Playoffs,Denmark,Denmark Series Playoffs,9217,20222023
data,Denmark Denmark Series Playoffs,Denmark,Denmark Series Playoffs,11443,20232024
data,Denmark Denmark Series Playoffs,Denmark,Denmark Series Playoffs,14613,20242025
data,Denmark Denmark Series Group 2,Denmark,Denmark Series Group 2,5901,20202021
data,Denmark Denmark Series Group 2,Denmark,Denmark Series Group 2,6080,20212022
data,Denmark Denmark Series Group 2,Denmark,Denmark Series Group 2,7629,20222023
data,Denmark Denmark Series Group 2,Denmark,Denmark Series Group 2,9643,20232024
data,Denmark Denmark Series Group 2,Denmark,Denmark Series Group 2,12567,20242025
data,Denmark Denmark Series Group 2,Denmark,Denmark Series Group 2,15126,20252026
data,Denmark Denmark Series Group 3,Denmark,Denmark Series Group 3,5902,20202021
data,Denmark Denmark Series Group 3,Denmark,Denmark Series Group 3,6081,20212022
data,Denmark Denmark Series Group 3,Denmark,Denmark Series Group 3,7631,20222023
data,Denmark Denmark Series Group 3,Denmark,Denmark Series Group 3,9648,20232024
data,Denmark Denmark Series Group 3,Denmark,Denmark Series Group 3,12573,20242025
data,Denmark Denmark Series Group 3,Denmark,Denmark Series Group 3,15097,20252026
data,Denmark Denmark Series Group 4,Denmark,Denmark Series Group 4,5903,20202021
data,Denmark Denmark Series Group 4,Denmark,Denmark Series Group 4,6082,20212022
data,Denmark Denmark Series Group 4,Denmark,Denmark Series Group 4,7632,20222023
data,Denmark Denmark Series Group 4,Denmark,Denmark Series Group 4,9649,20232024
data,Denmark Denmark Series Group 4,Denmark,Denmark Series Group 4,12560,20242025
data,Denmark Denmark Series Group 4,Denmark,Denmark Series Group 4,15112,20252026
data,Portugal U19 League,Portugal,U19 League,5904,20202021
data,Portugal U19 League,Portugal,U19 League,6446,20212022
data,Portugal U19 League,Portugal,U19 League,7990,20222023
data,Portugal U19 League,Portugal,U19 League,10242,20232024
data,Portugal U19 League,Portugal,U19 League,12683,20242025
data,Portugal U19 League,Portugal,U19 League,15274,20252026
data,International UEFA Euro U21 Championship Qualification,International,UEFA Euro U21 Championship Qualification,5907,2023
data,Australia Queensland Premier League 2,Australia,Queensland Premier League 2,5909,2021
data,Australia Queensland Premier League 2,Australia,Queensland Premier League 2,7013,2022
data,Australia Queensland Premier League 2,Australia,Queensland Premier League 2,8928,2023
data,Australia Queensland Premier League 2,Australia,Queensland Premier League 2,11097,2024
data,Australia Queensland Premier League 2,Australia,Queensland Premier League 2,14879,2025
data,Kenya Shield Cup,Kenya,Shield Cup,5910,2021
data,Kenya Shield Cup,Kenya,Shield Cup,9097,2023
data,Kenya Shield Cup,Kenya,Shield Cup,11367,2024
data,Kenya Shield Cup,Kenya,Shield Cup,14370,2025
data,Australia Tasmania FFA Cup Preliminary,Australia,Tasmania FFA Cup Preliminary,5911,2021
data,Australia Tasmania FFA Cup Preliminary,Australia,Tasmania FFA Cup Preliminary,7207,2022
data,Germany Oberliga Nordost Nord,Germany,Oberliga Nordost Nord,5916,20202021
data,Germany Oberliga Nordost Nord,Germany,Oberliga Nordost Nord,6274,20212022
data,Germany Oberliga Nordost Nord,Germany,Oberliga Nordost Nord,7701,20222023
data,Germany Oberliga Nordost Nord,Germany,Oberliga Nordost Nord,9716,20232024
data,Germany Oberliga Nordost Nord,Germany,Oberliga Nordost Nord,12618,20242025
data,Germany Oberliga Nordost Nord,Germany,Oberliga Nordost Nord,14982,20252026
data,Romania 3. Liga Series 9,Romania,3. Liga Series 9,5919,20202021
data,Romania 3. Liga Series 9,Romania,3. Liga Series 9,6608,20212022
data,Romania 3. Liga Series 9,Romania,3. Liga Series 9,8285,20222023
data,Romania 3. Liga Series 9,Romania,3. Liga Series 9,10371,20232024
data,Romania 3. Liga Series 9,Romania,3. Liga Series 9,13369,20242025
data,Australia NSW FFA Cup Preliminary,Australia,NSW FFA Cup Preliminary,5923,2021
data,Australia NSW FFA Cup Preliminary,Australia,NSW FFA Cup Preliminary,7243,2022
data,Australia NSW FFA Cup Preliminary,Australia,NSW FFA Cup Preliminary,9090,2023
data,Australia NSW FFA Cup Preliminary,Australia,NSW FFA Cup Preliminary,11359,2024
data,Australia NSW FFA Cup Preliminary,Australia,NSW FFA Cup Preliminary,14420,2025
data,Scotland SWPL 2,Scotland,SWPL 2,5924,20202021
data,Scotland SWPL 2,Scotland,SWPL 2,6317,20212022
data,Scotland SWPL 2,Scotland,SWPL 2,7650,20222023
data,Scotland SWPL 2,Scotland,SWPL 2,9666,20232024
data,Scotland SWPL 2,Scotland,SWPL 2,12459,20242025
data,Scotland SWPL 2,Scotland,SWPL 2,15159,20252026
data,Brazil Gaucho 3,Brazil,Gaucho 3,5928,2021
data,Brazil Gaucho 3,Brazil,Gaucho 3,7529,2022
data,Brazil Gaucho 3,Brazil,Gaucho 3,10593,2023
data,Brazil Gaucho 3,Brazil,Gaucho 3,13454,2024
data,Brazil Gaucho 3,Brazil,Gaucho 3,16044,2025
data,Iceland U19 Cup,Iceland,U19 Cup,5930,2021
data,Iceland U19 Cup,Iceland,U19 Cup,7277,2022
data,Iceland U19 Cup,Iceland,U19 Cup,9107,2023
data,Iceland U19 Cup,Iceland,U19 Cup,11360,2024
data,Iceland U19 Cup,Iceland,U19 Cup,14561,2025
data,Israel U19 Cup,Israel,U19 Cup,5933,20202021
data,Israel U19 Cup,Israel,U19 Cup,6761,20212022
data,Israel U19 Cup,Israel,U19 Cup,8572,20222023
data,Israel U19 Cup,Israel,U19 Cup,11027,20232024
data,Israel U19 Cup,Israel,U19 Cup,13614,20242025
data,Romania Supercupa,Romania,Supercupa,5946,20212022
data,Romania Supercupa,Romania,Supercupa,7652,20222023
data,Romania Supercupa,Romania,Supercupa,9846,20232024
data,Romania Supercupa,Romania,Supercupa,13217,20242025
data,Romania Supercupa,Romania,Supercupa,14903,20252026
data,Netherlands Dutch Super Cup,Netherlands,Dutch Super Cup,5952,20212022
data,Netherlands Dutch Super Cup,Netherlands,Dutch Super Cup,7481,20222023
data,Netherlands Dutch Super Cup,Netherlands,Dutch Super Cup,9395,20232024
data,Netherlands Dutch Super Cup,Netherlands,Dutch Super Cup,12275,20242025
data,Netherlands Dutch Super Cup,Netherlands,Dutch Super Cup,15227,20252026
data,Japan WE League,Japan,WE League,5953,20212022
data,Japan WE League,Japan,WE League,8473,20222023
data,Japan WE League,Japan,WE League,10660,20232024
data,Japan WE League,Japan,WE League,12662,20242025
data,Japan WE League,Japan,WE League,15670,20252026
data,Israel Super Cup,Israel,Super Cup,5954,20212022
data,Israel Super Cup,Israel,Super Cup,7670,20222023
data,Israel Super Cup,Israel,Super Cup,9608,20232024
data,Israel Super Cup,Israel,Super Cup,12373,20242025
data,Israel Super Cup,Israel,Super Cup,14807,20252026
data,Serbia Playoffs 1 2,Serbia,Playoffs 1 2,5958,20202021
data,Serbia Playoffs 1 2,Serbia,Playoffs 1 2,9487,20222023
data,Serbia Playoffs 1 2,Serbia,Playoffs 1 2,9488,20212022
data,Serbia Playoffs 1 2,Serbia,Playoffs 1 2,12045,20232024
data,Serbia Playoffs 1 2,Serbia,Playoffs 1 2,14771,20242025
data,England Non League Charity Shield,England,Non League Charity Shield,5963,20212022
data,England Non League Charity Shield,England,Non League Charity Shield,11200,20232024
data,Cyprus Super Cup,Cyprus,Super Cup,5965,20212022
data,Cyprus Super Cup,Cyprus,Super Cup,7668,20222023
data,Cyprus Super Cup,Cyprus,Super Cup,9934,20232024
data,Cyprus Super Cup,Cyprus,Super Cup,12533,20242025
data,Germany Regional Cup Bayern,Germany,Regional Cup Bayern,5978,20202021
data,Germany Regional Cup Bayern,Germany,Regional Cup Bayern,6413,20212022
data,Germany Regional Cup Bayern,Germany,Regional Cup Bayern,7889,20222023
data,Germany Regional Cup Bayern,Germany,Regional Cup Bayern,9971,20232024
data,Germany Regional Cup Bayern,Germany,Regional Cup Bayern,16215,20242025
data,Germany Regional Cup Bayern,Germany,Regional Cup Bayern,16216,20252026
data,Germany Regional Cup Baden,Germany,Regional Cup Baden,5980,20202021
data,Germany Regional Cup Baden,Germany,Regional Cup Baden,6133,20212022
data,Germany Regional Cup Baden,Germany,Regional Cup Baden,7955,20222023
data,Germany Regional Cup Baden,Germany,Regional Cup Baden,9830,20232024
data,Germany Regional Cup Baden,Germany,Regional Cup Baden,12526,20242025
data,Germany Regional Cup Baden,Germany,Regional Cup Baden,15466,20252026
data,Austria TFV Cup,Austria,TFV Cup,5985,20202021
data,Austria TFV Cup,Austria,TFV Cup,6648,20212022
data,Austria TFV Cup,Austria,TFV Cup,8009,20222023
data,Austria TFV Cup,Austria,TFV Cup,10243,20232024
data,Austria TFV Cup,Austria,TFV Cup,12604,20242025
data,Austria TFV Cup,Austria,TFV Cup,15187,20252026
data,Austria VFV Cup,Austria,VFV Cup,5987,20202021
data,Austria VFV Cup,Austria,VFV Cup,6364,20212022
data,Austria VFV Cup,Austria,VFV Cup,7937,20222023
data,Austria VFV Cup,Austria,VFV Cup,10327,20232024
data,Austria VFV Cup,Austria,VFV Cup,13125,20242025
data,Austria VFV Cup,Austria,VFV Cup,15637,20252026
data,Northern Ireland FA Cup Women,Northern Ireland,FA Cup Women,5988,2021
data,Northern Ireland FA Cup Women,Northern Ireland,FA Cup Women,8115,2022
data,Northern Ireland FA Cup Women,Northern Ireland,FA Cup Women,10011,2023
data,Northern Ireland FA Cup Women,Northern Ireland,FA Cup Women,12135,2024
data,Northern Ireland FA Cup Women,Northern Ireland,FA Cup Women,16174,2025
data,Bosnia and Herzegovina Womens Premier League,Bosnia and Herzegovina,Womens Premier League,6011,20212022
data,Bosnia and Herzegovina Womens Premier League,Bosnia and Herzegovina,Womens Premier League,8113,20222023
data,Bosnia and Herzegovina Womens Premier League,Bosnia and Herzegovina,Womens Premier League,10076,20232024
data,Denmark 3. Division,Denmark,3. Division,6014,20212022
data,Denmark 3. Division,Denmark,3. Division,7949,20222023
data,Denmark 3. Division,Denmark,3. Division,10003,20232024
data,Denmark 3. Division,Denmark,3. Division,12419,20242025
data,Denmark 3. Division,Denmark,3. Division,15128,20252026
data,International COSAFA Cup,International,COSAFA Cup,6022,2021
data,International COSAFA Cup,International,COSAFA Cup,7594,2022
data,International COSAFA Cup,International,COSAFA Cup,9796,2023
data,International COSAFA Cup,International,COSAFA Cup,12273,2024
data,International COSAFA Cup,International,COSAFA Cup,14765,2025
data,Germany Regionalliga Bayern,Germany,Regionalliga Bayern,6024,20212022
data,Germany Regionalliga Bayern,Germany,Regionalliga Bayern,7534,20222023
data,Germany Regionalliga Bayern,Germany,Regionalliga Bayern,9591,20232024
data,Germany Regionalliga Bayern,Germany,Regionalliga Bayern,12610,20242025
data,Germany Regionalliga Bayern,Germany,Regionalliga Bayern,15095,20252026
data,Germany Regionalliga Nordost,Germany,Regionalliga Nordost,6026,20212022
data,Germany Regionalliga Nordost,Germany,Regionalliga Nordost,7633,20222023
data,Germany Regionalliga Nordost,Germany,Regionalliga Nordost,9732,20232024
data,Germany Regionalliga Nordost,Germany,Regionalliga Nordost,12611,20242025
data,Germany Regionalliga Nordost,Germany,Regionalliga Nordost,14980,20252026
data,Spain Segunda B Playoffs,Spain,Segunda B Playoffs,6053,20202021
data,Australia Victoria NPL 3,Australia,Victoria NPL 3,6055,2021
data,Australia Victoria NPL 3,Australia,Victoria NPL 3,6894,2022
data,Australia Victoria NPL 3,Australia,Victoria NPL 3,8778,2023
data,Australia Victoria NPL 3,Australia,Victoria NPL 3,10930,2024
data,Australia Victoria NPL 3,Australia,Victoria NPL 3,13811,2025
data,Russia Supreme Division Women,Russia,Supreme Division Women,6057,2021
data,Russia Supreme Division Women,Russia,Supreme Division Women,8481,2022
data,Russia Supreme Division Women,Russia,Supreme Division Women,9102,2023
data,Russia Supreme Division Women,Russia,Supreme Division Women,11337,2024
data,Russia Supreme Division Women,Russia,Supreme Division Women,14417,2025
data,Germany Regional Cup Rheinland,Germany,Regional Cup Rheinland,6058,20202021
data,Germany Regional Cup Rheinland,Germany,Regional Cup Rheinland,6278,20212022
data,Germany Regional Cup Rheinland,Germany,Regional Cup Rheinland,7834,20222023
data,Germany Regional Cup Rheinland,Germany,Regional Cup Rheinland,9682,20232024
data,Germany Regional Cup Rheinland,Germany,Regional Cup Rheinland,12681,20242025
data,Germany Regional Cup Rheinland,Germany,Regional Cup Rheinland,15723,20252026
data,Brazil Brasiliense U20,Brazil,Brasiliense U20,6061,2021
data,Brazil Brasiliense U20,Brazil,Brasiliense U20,7246,2022
data,Brazil Brasiliense U20,Brazil,Brasiliense U20,9219,2023
data,Brazil Brasiliense U20,Brazil,Brasiliense U20,11421,2024
data,Brazil Brasiliense U20,Brazil,Brasiliense U20,14601,2025
data,Norway Nasjonal U19 Super,Norway,Nasjonal U19 Super,6086,2021
data,Germany Regional Cup Wurttemberg,Germany,Regional Cup Wurttemberg,6100,20212022
data,Germany Regional Cup Wurttemberg,Germany,Regional Cup Wurttemberg,7783,20222023
data,Germany Regional Cup Wurttemberg,Germany,Regional Cup Wurttemberg,9750,20232024
data,Germany Regional Cup Wurttemberg,Germany,Regional Cup Wurttemberg,12525,20242025
data,Germany Regional Cup Wurttemberg,Germany,Regional Cup Wurttemberg,15681,20252026
data,Slovakia I Liga Women,Slovakia,I Liga Women,6118,20212022
data,Slovakia I Liga Women,Slovakia,I Liga Women,7975,20222023
data,Slovakia I Liga Women,Slovakia,I Liga Women,10114,20232024
data,Slovakia I Liga Women,Slovakia,I Liga Women,12288,20242025
data,Slovakia I Liga Women,Slovakia,I Liga Women,15153,20252026
data,Scotland Feeder Leagues,Scotland,Feeder Leagues,6119,20212022
data,Scotland Feeder Leagues,Scotland,Feeder Leagues,7947,20222023
data,Scotland Feeder Leagues,Scotland,Feeder Leagues,9640,20232024
data,Scotland Feeder Leagues,Scotland,Feeder Leagues,12733,20242025
data,Cameroon Elite Two,Cameroon,Elite Two,6129,20202021
data,Cameroon Elite Two,Cameroon,Elite Two,7253,2022
data,Cameroon Elite Two,Cameroon,Elite Two,8511,20222023
data,Cameroon Elite Two,Cameroon,Elite Two,10751,20232024
data,Cameroon Elite Two,Cameroon,Elite Two,16289,20242025
data,Wales FAW Championship,Wales,FAW Championship,6132,20212022
data,Wales FAW Championship,Wales,FAW Championship,7640,20222023
data,Wales FAW Championship,Wales,FAW Championship,9645,20232024
data,Wales FAW Championship,Wales,FAW Championship,12340,20242025
data,International Olympics Women,International,Olympics Women,6134,2020
data,International Olympics Women,International,Olympics Women,11501,2024
data,Austria Landesliga Vorarlberg,Austria,Landesliga Vorarlberg,6145,20212022
data,Austria Landesliga Vorarlberg,Austria,Landesliga Vorarlberg,7644,20222023
data,Austria Landesliga Vorarlberg,Austria,Landesliga Vorarlberg,9775,20232024
data,Austria Landesliga Vorarlberg,Austria,Landesliga Vorarlberg,12715,20242025
data,Austria Landesliga Vorarlberg,Austria,Landesliga Vorarlberg,15183,20252026
data,Austria Landesliga Tirol,Austria,Landesliga Tirol,6149,20212022
data,Austria Landesliga Tirol,Austria,Landesliga Tirol,7746,20222023
data,Austria Landesliga Tirol,Austria,Landesliga Tirol,9776,20232024
data,Austria Landesliga Tirol,Austria,Landesliga Tirol,12703,20242025
data,Austria Landesliga Tirol,Austria,Landesliga Tirol,15124,20252026
data,Austria Landesliga Kärnten,Austria,Landesliga Kärnten,6150,20212022
data,Austria Landesliga Kärnten,Austria,Landesliga Kärnten,7643,20222023
data,Austria Landesliga Kärnten,Austria,Landesliga Kärnten,9777,20232024
data,Austria Landesliga Kärnten,Austria,Landesliga Kärnten,12718,20242025
data,Austria Landesliga Kärnten,Austria,Landesliga Kärnten,15170,20252026
data,Germany Oberliga Bayern Nord,Germany,Oberliga Bayern Nord,6180,20212022
data,Germany Oberliga Bayern Nord,Germany,Oberliga Bayern Nord,7533,20222023
data,Germany Oberliga Bayern Nord,Germany,Oberliga Bayern Nord,9718,20232024
data,Germany Oberliga Bayern Nord,Germany,Oberliga Bayern Nord,12593,20242025
data,Germany Oberliga Bayern Nord,Germany,Oberliga Bayern Nord,14939,20252026
data,Germany Oberliga Bayern Süd,Germany,Oberliga Bayern Süd,6182,20212022
data,Germany Oberliga Bayern Süd,Germany,Oberliga Bayern Süd,7532,20222023
data,Germany Oberliga Bayern Süd,Germany,Oberliga Bayern Süd,9724,20232024
data,Germany Oberliga Bayern Süd,Germany,Oberliga Bayern Süd,12615,20242025
data,Germany Oberliga Bayern Süd,Germany,Oberliga Bayern Süd,15252,20252026
data,Hungary NB III Keleti,Hungary,NB III Keleti,6185,20212022
data,Hungary NB III Keleti,Hungary,NB III Keleti,7812,20222023
data,Hungary NB III Kozep,Hungary,NB III Kozep,6189,20212022
data,Hungary NB III Kozep,Hungary,NB III Kozep,7814,20222023
data,Hungary NB III Nyugati,Hungary,NB III Nyugati,6191,20212022
data,Hungary NB III Nyugati,Hungary,NB III Nyugati,7815,20222023
data,Northern Ireland Northern Ireland League Cup,Northern Ireland,Northern Ireland League Cup,6197,20212022
data,Northern Ireland Northern Ireland League Cup,Northern Ireland,Northern Ireland League Cup,8104,20222023
data,Northern Ireland Northern Ireland League Cup,Northern Ireland,Northern Ireland League Cup,9964,20232024
data,Northern Ireland Northern Ireland League Cup,Northern Ireland,Northern Ireland League Cup,12742,20242025
data,Northern Ireland Northern Ireland League Cup,Northern Ireland,Northern Ireland League Cup,15176,20252026
data,Germany Regionalliga Südwest,Germany,Regionalliga Südwest,6276,20212022
data,Germany Regionalliga Südwest,Germany,Regionalliga Südwest,7618,20222023
data,Germany Regionalliga Südwest,Germany,Regionalliga Südwest,9749,20232024
data,Germany Regionalliga Südwest,Germany,Regionalliga Südwest,12629,20242025
data,Germany Regionalliga Südwest,Germany,Regionalliga Südwest,15093,20252026
data,Germany Regionalliga West,Germany,Regionalliga West,6277,20212022
data,Germany Regionalliga West,Germany,Regionalliga West,7634,20222023
data,Germany Regionalliga West,Germany,Regionalliga West,9733,20232024
data,Germany Regionalliga West,Germany,Regionalliga West,12628,20242025
data,Germany Regionalliga West,Germany,Regionalliga West,15096,20252026
data,Germany Regionalliga Nord,Germany,Regionalliga Nord,6279,20212022
data,Germany Regionalliga Nord,Germany,Regionalliga Nord,7868,20222023
data,Germany Regionalliga Nord,Germany,Regionalliga Nord,9831,20232024
data,Germany Regionalliga Nord,Germany,Regionalliga Nord,12693,20242025
data,Germany Regionalliga Nord,Germany,Regionalliga Nord,15214,20252026
data,Portugal Liga 3,Portugal,Liga 3,6309,20212022
data,Portugal Liga 3,Portugal,Liga 3,8006,20222023
data,Portugal Liga 3,Portugal,Liga 3,9887,20232024
data,Portugal Liga 3,Portugal,Liga 3,12648,20242025
data,Portugal Liga 3,Portugal,Liga 3,15448,20252026
data,Scotland Womens Championship,Scotland,Womens Championship,6318,20212022
data,Scotland Womens Championship,Scotland,Womens Championship,7953,20222023
data,Scotland Womens Championship,Scotland,Womens Championship,9975,20232024
data,Scotland Womens Championship,Scotland,Womens Championship,12941,20242025
data,Scotland Womens Championship,Scotland,Womens Championship,15326,20252026
data,Turkey TSYD Cup,Turkey,TSYD Cup,6324,20212022
data,Turkey TSYD Cup,Turkey,TSYD Cup,7930,20222023
data,Turkey TSYD Cup,Turkey,TSYD Cup,10861,20232024
data,Turkey TSYD Cup,Turkey,TSYD Cup,13052,20242025
data,Turkey TSYD Cup,Turkey,TSYD Cup,15514,20252026
data,Turkey 2 Lig Kirmizi,Turkey,2 Lig Kirmizi,6327,20212022
data,Turkey 2 Lig Kirmizi,Turkey,2 Lig Kirmizi,7737,20222023
data,Turkey 2 Lig Kirmizi,Turkey,2 Lig Kirmizi,9999,20232024
data,Turkey 2 Lig Kirmizi,Turkey,2 Lig Kirmizi,13083,20242025
data,Turkey 2 Lig Kirmizi,Turkey,2 Lig Kirmizi,15205,20252026
data,Turkey 2 Lig Beyaz,Turkey,2 Lig Beyaz,6328,20212022
data,Turkey 2 Lig Beyaz,Turkey,2 Lig Beyaz,7738,20222023
data,Turkey 2 Lig Beyaz,Turkey,2 Lig Beyaz,10000,20232024
data,Turkey 2 Lig Beyaz,Turkey,2 Lig Beyaz,13084,20242025
data,Turkey 2 Lig Beyaz,Turkey,2 Lig Beyaz,15203,20252026
data,Turkey 2 Lig Play offs,Turkey,2 Lig Play offs,6329,20212022
data,Turkey 2 Lig Play offs,Turkey,2 Lig Play offs,9388,20222023
data,Turkey 2 Lig Play offs,Turkey,2 Lig Play offs,11924,20232024
data,Turkey 2 Lig Play offs,Turkey,2 Lig Play offs,14694,20242025
data,Africa CECAFA Club Cup,Africa,CECAFA Club Cup,6346,2021
data,Africa CECAFA Club Cup,Africa,CECAFA Club Cup,16060,2025
data,Andorra Supercopa,Andorra,Supercopa,6357,20212022
data,Andorra Supercopa,Andorra,Supercopa,7495,20222023
data,Andorra Supercopa,Andorra,Supercopa,10508,20232024
data,Andorra Supercopa,Andorra,Supercopa,13455,20242025
data,Andorra Supercopa,Andorra,Supercopa,15987,2025
data,Italy Serie C Group A,Italy,Serie C Group A,6401,20212022
data,Italy Serie C Group A,Italy,Serie C Group A,8311,20222023
data,Italy Serie C Group A,Italy,Serie C Group A,10298,20232024
data,Italy Serie C Group A,Italy,Serie C Group A,12659,20242025
data,Italy Serie C Group A,Italy,Serie C Group A,15535,20252026
data,Italy Serie C Playoffs,Italy,Serie C Playoffs,6402,20212022
data,Italy Serie C Playoffs,Italy,Serie C Playoffs,9231,20222023
data,Italy Serie C Playoffs,Italy,Serie C Playoffs,11536,20232024
data,Italy Serie C Playoffs,Italy,Serie C Playoffs,14674,20242025
data,Italy Serie C Group B,Italy,Serie C Group B,6403,20212022
data,Italy Serie C Group B,Italy,Serie C Group B,8312,20222023
data,Italy Serie C Group B,Italy,Serie C Group B,10299,20232024
data,Italy Serie C Group B,Italy,Serie C Group B,12647,20242025
data,Italy Serie C Group B,Italy,Serie C Group B,15532,20252026
data,Italy Serie C Group C,Italy,Serie C Group C,6404,20212022
data,Italy Serie C Group C,Italy,Serie C Group C,8313,20222023
data,Italy Serie C Group C,Italy,Serie C Group C,10300,20232024
data,Italy Serie C Group C,Italy,Serie C Group C,12670,20242025
data,Italy Serie C Group C,Italy,Serie C Group C,15519,20252026
data,Israel U19 Elite Division,Israel,U19 Elite Division,6436,20212022
data,Israel U19 Elite Division,Israel,U19 Elite Division,8714,20222023
data,Israel U19 Elite Division,Israel,U19 Elite Division,10056,20232024
data,Israel U19 Elite Division,Israel,U19 Elite Division,13231,20242025
data,Israel U19 Elite Division,Israel,U19 Elite Division,15554,20252026
data,Lebanon Elite Cup,Lebanon,Elite Cup,6482,20212022
data,Lebanon Elite Cup,Lebanon,Elite Cup,7859,20222023
data,Israel Toto Cup Ligat Leumit,Israel,Toto Cup Ligat Leumit,6483,20212022
data,Israel Toto Cup Ligat Leumit,Israel,Toto Cup Ligat Leumit,7456,20222023
data,Israel Toto Cup Ligat Leumit,Israel,Toto Cup Ligat Leumit,9563,20232024
data,Israel Toto Cup Ligat Leumit,Israel,Toto Cup Ligat Leumit,12375,20242025
data,Israel Toto Cup Ligat Leumit,Israel,Toto Cup Ligat Leumit,15534,20252026
data,Jordan Cup,Jordan,Cup,6499,2021
data,Jordan Cup,Jordan,Cup,7639,2022
data,Jordan Cup,Jordan,Cup,10331,2023
data,Jordan Cup,Jordan,Cup,13450,20242025
data,Romania 3. Liga Series 6,Romania,3. Liga Series 6,6600,20212022
data,Romania 3. Liga Series 6,Romania,3. Liga Series 6,8286,20222023
data,Romania 3. Liga Series 6,Romania,3. Liga Series 6,10372,20232024
data,Romania 3. Liga Series 6,Romania,3. Liga Series 6,13365,20242025
data,Romania 3. Liga Series 6,Romania,3. Liga Series 6,15915,20252026
data,Tunisia Super Cup,Tunisia,Super Cup,6620,20212022
data,Tunisia Super Cup,Tunisia,Super Cup,8426,20222023
data,Tunisia Super Cup,Tunisia,Super Cup,11054,20232024
data,Tunisia Super Cup,Tunisia,Super Cup,13834,20242025
data,Tunisia Super Cup,Tunisia,Super Cup,15099,20252026
data,England Northern East Division One,England,Northern East Division One,6626,20212022
data,England Northern East Division One,England,Northern East Division One,7880,20222023
data,England Northern East Division One,England,Northern East Division One,9832,20232024
data,England Northern East Division One,England,Northern East Division One,12811,20242025
data,England Northern East Division One,England,Northern East Division One,15393,20252026
data,England Northern Midlands Division One,England,Northern Midlands Division One,6627,20212022
data,England Northern Midlands Division One,England,Northern Midlands Division One,7882,20222023
data,England Northern Midlands Division One,England,Northern Midlands Division One,9876,20232024
data,England Northern Midlands Division One,England,Northern Midlands Division One,12804,20242025
data,England Northern Midlands Division One,England,Northern Midlands Division One,15405,20252026
data,England Northern West Division One,England,Northern West Division One,6628,20212022
data,England Northern West Division One,England,Northern West Division One,7887,20222023
data,England Northern West Division One,England,Northern West Division One,9875,20232024
data,England Northern West Division One,England,Northern West Division One,13166,20242025
data,England Northern West Division One,England,Northern West Division One,15401,20252026
data,England Southern South Division One,England,Southern South Division One,6629,20212022
data,England Southern South Division One,England,Southern South Division One,7883,20222023
data,England Southern South Division One,England,Southern South Division One,9877,20232024
data,England Southern South Division One,England,Southern South Division One,12805,20242025
data,England Southern South Division One,England,Southern South Division One,15390,20252026
data,England Isthmian League South Central Division,England,Isthmian League South Central Division,6630,20212022
data,England Isthmian League South Central Division,England,Isthmian League South Central Division,7884,20222023
data,England Isthmian League South Central Division,England,Isthmian League South Central Division,9834,20232024
data,England Isthmian League South Central Division,England,Isthmian League South Central Division,13207,20242025
data,England Isthmian League South Central Division,England,Isthmian League South Central Division,15509,20252026
data,England Southern League Cup,England,Southern League Cup,6631,20212022
data,Asia AFC U23 Championship Qualification,Asia,AFC U23 Championship Qualification,6637,2022
data,Asia AFC U23 Championship Qualification,Asia,AFC U23 Championship Qualification,11251,2024
data,Greece Panelinio Protathlima,Greece,Panelinio Protathlima,6654,20212022
data,Greece Panelinio Protathlima,Greece,Panelinio Protathlima,8627,20222023
data,Greece Panelinio Protathlima,Greece,Panelinio Protathlima,10577,20232024
data,Greece Panelinio Protathlima,Greece,Panelinio Protathlima,16072,20252026
data,Hong Kong Sapling Cup,Hong Kong,Sapling Cup,6655,20212022
data,Hong Kong Sapling Cup,Hong Kong,Sapling Cup,8322,20222023
data,Hong Kong Sapling Cup,Hong Kong,Sapling Cup,10716,20232024
data,Hong Kong Sapling Cup,Hong Kong,Sapling Cup,13652,20242025
data,Italy Campionato Primavera 4,Italy,Campionato Primavera 4,6669,20212022
data,Italy Campionato Primavera 4,Italy,Campionato Primavera 4,8493,20222023
data,Italy Campionato Primavera 4,Italy,Campionato Primavera 4,10640,20232024
data,Italy Campionato Primavera 4,Italy,Campionato Primavera 4,13517,20242025
data,Italy Campionato Primavera 4,Italy,Campionato Primavera 4,15680,20252026
data,Kenya Super Cup,Kenya,Super Cup,6675,20212022
data,International Womens WC Qualification Europe,International,Womens WC Qualification Europe,6702,2023
data,International Womens WC Qualification Concacaf,International,Womens WC Qualification Concacaf,6703,2018
data,International Womens WC Qualification Oceania,International,Womens WC Qualification Oceania,6704,2019
data,International Womens WC Qualification Intercontinental Playoffs,International,Womens WC Qualification Intercontinental Playoffs,6705,2019
data,Africa COSAFA Womens Cup,Africa,COSAFA Womens Cup,6706,2021
data,Africa COSAFA Womens Cup,Africa,COSAFA Womens Cup,8372,2022
data,Africa COSAFA Womens Cup,Africa,COSAFA Womens Cup,10758,2023
data,Africa COSAFA Womens Cup,Africa,COSAFA Womens Cup,13692,2024
data,Angola Super Cup,Angola,Super Cup,6707,20212022
data,Angola Super Cup,Angola,Super Cup,8317,20222023
data,Angola Super Cup,Angola,Super Cup,10462,20232024
data,Angola Super Cup,Angola,Super Cup,13164,20242025
data,Angola Super Cup,Angola,Super Cup,15511,20252026
data,Brazil Carioca Women,Brazil,Carioca Women,6710,2021
data,Brazil Carioca Women,Brazil,Carioca Women,7948,2022
data,Brazil Carioca Women,Brazil,Carioca Women,9899,2023
data,Brazil Carioca Women,Brazil,Carioca Women,13570,2024
data,Brazil Carioca Women,Brazil,Carioca Women,16045,2025
data,Gibraltar Super Cup,Gibraltar,Super Cup,6716,20212022
data,Gibraltar Super Cup,Gibraltar,Super Cup,8318,20222023
data,Gibraltar Super Cup,Gibraltar,Super Cup,10662,20232024
data,Gibraltar Super Cup,Gibraltar,Super Cup,13061,20242025
data,Gibraltar Super Cup,Gibraltar,Super Cup,15616,20252026
data,Kuwait Federation Cup,Kuwait,Federation Cup,6775,20212022
data,Kuwait Federation Cup,Kuwait,Federation Cup,8444,20222023
data,Kuwait Emir Cup,Kuwait,Emir Cup,6777,2021
data,Kuwait Emir Cup,Kuwait,Emir Cup,7417,2022
data,Kuwait Emir Cup,Kuwait,Emir Cup,8183,20222023
data,Kuwait Emir Cup,Kuwait,Emir Cup,11060,20232024
data,Kuwait Emir Cup,Kuwait,Emir Cup,14579,20242025
data,Philippines Copa Paulino Alcantara,Philippines,Copa Paulino Alcantara,6784,2021
data,Philippines Copa Paulino Alcantara,Philippines,Copa Paulino Alcantara,7304,2022
data,Philippines Copa Paulino Alcantara,Philippines,Copa Paulino Alcantara,9983,2023
data,Puerto Rico Liga Puerto Rico,Puerto Rico,Liga Puerto Rico,6789,2021
data,Puerto Rico Liga Puerto Rico,Puerto Rico,Liga Puerto Rico,7302,2022
data,Puerto Rico Liga Puerto Rico,Puerto Rico,Liga Puerto Rico,8559,20222023
data,Puerto Rico Liga Puerto Rico,Puerto Rico,Liga Puerto Rico,10597,20232024
data,Puerto Rico Liga Puerto Rico,Puerto Rico,Liga Puerto Rico,14314,20242025
data,Puerto Rico Liga Puerto Rico,Puerto Rico,Liga Puerto Rico,15668,20252026
data,England Counties Leagues Essex Senior League,England,Counties Leagues Essex Senior League,6803,20212022
data,England Counties Leagues Essex Senior League,England,Counties Leagues Essex Senior League,7826,20222023
data,England Counties Leagues Essex Senior League,England,Counties Leagues Essex Senior League,9918,20232024
data,England Counties Leagues Essex Senior League,England,Counties Leagues Essex Senior League,12753,20242025
data,England Counties Leagues Essex Senior League,England,Counties Leagues Essex Senior League,15329,20252026
data,England Counties Leagues Combined Counties Premier North,England,Counties Leagues Combined Counties Premier North,6804,20212022
data,England Counties Leagues Combined Counties Premier North,England,Counties Leagues Combined Counties Premier North,8002,20222023
data,England Counties Leagues Combined Counties Premier North,England,Counties Leagues Combined Counties Premier North,10111,20232024
data,England Counties Leagues Combined Counties Premier North,England,Counties Leagues Combined Counties Premier North,13111,20242025
data,England Counties Leagues Combined Counties Premier North,England,Counties Leagues Combined Counties Premier North,15619,20252026
data,England Counties Leagues Combined Counties Premier South,England,Counties Leagues Combined Counties Premier South,6805,20212022
data,England Counties Leagues Combined Counties Premier South,England,Counties Leagues Combined Counties Premier South,8004,20222023
data,England Counties Leagues Combined Counties Premier South,England,Counties Leagues Combined Counties Premier South,10112,20232024
data,England Counties Leagues Combined Counties Premier South,England,Counties Leagues Combined Counties Premier South,12952,20242025
data,England Counties Leagues Combined Counties Premier South,England,Counties Leagues Combined Counties Premier South,15615,20252026
data,England Counties Leagues Eastern Counties League,England,Counties Leagues Eastern Counties League,6806,20212022
data,England Counties Leagues Eastern Counties League,England,Counties Leagues Eastern Counties League,8000,20222023
data,England Counties Leagues Eastern Counties League,England,Counties Leagues Eastern Counties League,9961,20232024
data,England Counties Leagues Eastern Counties League,England,Counties Leagues Eastern Counties League,12781,20242025
data,England Counties Leagues Eastern Counties League,England,Counties Leagues Eastern Counties League,15333,20252026
data,England Counties Leagues Midland League Premier,England,Counties Leagues Midland League Premier,6808,20212022
data,England Counties Leagues Midland League Premier,England,Counties Leagues Midland League Premier,7856,20222023
data,England Counties Leagues Midland League Premier,England,Counties Leagues Midland League Premier,9950,20232024
data,England Counties Leagues Midland League Premier,England,Counties Leagues Midland League Premier,12840,20242025
data,England Counties Leagues Midland League Premier,England,Counties Leagues Midland League Premier,16018,20252026
data,England Counties Leagues Northern Counties East,England,Counties Leagues Northern Counties East,6809,20212022
data,England Counties Leagues Northern Counties East,England,Counties Leagues Northern Counties East,7622,20222023
data,England Counties Leagues Northern Counties East,England,Counties Leagues Northern Counties East,9630,20232024
data,England Counties Leagues Northern Counties East,England,Counties Leagues Northern Counties East,12770,20242025
data,England Counties Leagues Northern Counties East,England,Counties Leagues Northern Counties East,15132,20252026
data,England Counties Leagues Northern League One,England,Counties Leagues Northern League One,6810,20212022
data,England Counties Leagues Northern League One,England,Counties Leagues Northern League One,7624,20222023
data,England Counties Leagues Northern League One,England,Counties Leagues Northern League One,9631,20232024
data,England Counties Leagues Northern League One,England,Counties Leagues Northern League One,12749,20242025
data,England Counties Leagues Northern League One,England,Counties Leagues Northern League One,15320,20252026
data,England Counties Leagues North West Counties League,England,Counties Leagues North West Counties League,6811,20212022
data,England Counties Leagues North West Counties League,England,Counties Leagues North West Counties League,7659,20222023
data,England Counties Leagues North West Counties League,England,Counties Leagues North West Counties League,9962,20232024
data,England Counties Leagues North West Counties League,England,Counties Leagues North West Counties League,12764,20242025
data,England Counties Leagues North West Counties League,England,Counties Leagues North West Counties League,15324,20252026
data,England Counties Leagues Southern Combination League Premier,England,Counties Leagues Southern Combination League Premier,6812,20212022
data,England Counties Leagues Southern Combination League Premier,England,Counties Leagues Southern Combination League Premier,7827,20222023
data,England Counties Leagues Southern Combination League Premier,England,Counties Leagues Southern Combination League Premier,9809,20232024
data,England Counties Leagues Southern Combination League Premier,England,Counties Leagues Southern Combination League Premier,12746,20242025
data,England Counties Leagues Southern Combination League Premier,England,Counties Leagues Southern Combination League Premier,15586,20252026
data,International FIFA Arab Cup,International,FIFA Arab Cup,6837,2021
data,Sri Lanka Super League,Sri Lanka,Super League,6839,2021
data,Malta Gozo First Division,Malta,Gozo First Division,6848,20212022
data,Malta Gozo First Division,Malta,Gozo First Division,8203,20222023
data,Malta Gozo First Division,Malta,Gozo First Division,10473,20232024
data,Malta Gozo First Division,Malta,Gozo First Division,13230,20242025
data,Malta Gozo First Division,Malta,Gozo First Division,15981,20252026
data,England Youth Alliance,England,Youth Alliance,6849,20212022
data,England Youth Alliance,England,Youth Alliance,8019,20222023
data,England Youth Alliance,England,Youth Alliance,10211,20232024
data,England Youth Alliance,England,Youth Alliance,12632,20242025
data,England Youth Alliance,England,Youth Alliance,15699,20252026
data,England FA Youth Cup,England,FA Youth Cup,6851,20212022
data,England FA Youth Cup,England,FA Youth Cup,8645,20222023
data,England FA Youth Cup,England,FA Youth Cup,10870,20232024
data,England FA Youth Cup,England,FA Youth Cup,13854,20242025
data,Brazil Supercopa do Brasil,Brazil,Supercopa do Brasil,6878,2022
data,Brazil Supercopa do Brasil,Brazil,Supercopa do Brasil,6879,2021
data,Brazil Supercopa do Brasil,Brazil,Supercopa do Brasil,6880,2020
data,Brazil Supercopa do Brasil,Brazil,Supercopa do Brasil,8644,2023
data,Brazil Supercopa do Brasil,Brazil,Supercopa do Brasil,10919,2024
data,Brazil Supercopa do Brasil,Brazil,Supercopa do Brasil,13887,2025
data,Iceland League Cup,Iceland,League Cup,6922,2022
data,Iceland League Cup,Iceland,League Cup,8710,2023
data,Iceland League Cup,Iceland,League Cup,10907,2024
data,Iceland League Cup,Iceland,League Cup,13880,2025
data,Iceland League Cup B,Iceland,League Cup B,6923,2022
data,Iceland League Cup B,Iceland,League Cup B,8711,2023
data,Iceland League Cup B,Iceland,League Cup B,10920,2024
data,Iceland League Cup B,Iceland,League Cup B,13881,2025
data,Iceland League Cup C,Iceland,League Cup C,6924,2022
data,Iceland League Cup C,Iceland,League Cup C,8712,2023
data,Iceland League Cup C,Iceland,League Cup C,10909,2024
data,Iceland League Cup C,Iceland,League Cup C,14107,2025
data,Iceland Super Cup,Iceland,Super Cup,6925,2022
data,Iceland Super Cup,Iceland,Super Cup,8977,2023
data,Iceland Super Cup,Iceland,Super Cup,10981,2024
data,Iceland Super Cup,Iceland,Super Cup,14013,2025
data,Australia New South Wales NPL 3,Australia,New South Wales NPL 3,6927,2022
data,Australia New South Wales NPL 3,Australia,New South Wales NPL 3,8988,2023
data,Australia New South Wales NPL 3,Australia,New South Wales NPL 3,10957,2024
data,Australia New South Wales NPL 3,Australia,New South Wales NPL 3,13981,2025
data,Norway 3. Division Group 1,Norway,3. Division Group 1,6941,2022
data,Norway 3. Division Group 1,Norway,3. Division Group 1,8761,2023
data,Norway 3. Division Group 1,Norway,3. Division Group 1,11013,2024
data,Norway 3. Division Group 1,Norway,3. Division Group 1,14005,2025
data,Norway 3. Division Group 2,Norway,3. Division Group 2,6942,2022
data,Norway 3. Division Group 2,Norway,3. Division Group 2,8762,2023
data,Norway 3. Division Group 2,Norway,3. Division Group 2,11014,2024
data,Norway 3. Division Group 2,Norway,3. Division Group 2,14014,2025
data,Norway 3. Division Group 3,Norway,3. Division Group 3,6948,2022
data,Norway 3. Division Group 3,Norway,3. Division Group 3,8764,2023
data,Norway 3. Division Group 3,Norway,3. Division Group 3,11015,2024
data,Norway 3. Division Group 3,Norway,3. Division Group 3,14020,2025
data,Norway 3. Division Group 4,Norway,3. Division Group 4,6949,2022
data,Norway 3. Division Group 4,Norway,3. Division Group 4,8767,2023
data,Norway 3. Division Group 4,Norway,3. Division Group 4,11016,2024
data,Norway 3. Division Group 4,Norway,3. Division Group 4,14003,2025
data,Norway 3. Division Group 5,Norway,3. Division Group 5,6950,2022
data,Norway 3. Division Group 5,Norway,3. Division Group 5,8768,2023
data,Norway 3. Division Group 5,Norway,3. Division Group 5,11017,2024
data,Norway 3. Division Group 5,Norway,3. Division Group 5,14049,2025
data,Norway 3. Division Group 6,Norway,3. Division Group 6,6951,2022
data,Norway 3. Division Group 6,Norway,3. Division Group 6,8770,2023
data,Norway 3. Division Group 6,Norway,3. Division Group 6,11024,2024
data,Norway 3. Division Group 6,Norway,3. Division Group 6,14043,2025
data,Czech Republic Tipsport Liga,Czech Republic,Tipsport Liga,6974,2022
data,Czech Republic Tipsport Liga,Czech Republic,Tipsport Liga,8637,2023
data,Czech Republic Tipsport Liga,Czech Republic,Tipsport Liga,10895,2024
data,Czech Republic Tipsport Liga,Czech Republic,Tipsport Liga,13951,2025
data,China Playoffs 1/2,China,Playoffs 1/2,6975,2021
data,Madagascar Pro League,Madagascar,Pro League,6977,20212022
data,Madagascar Pro League,Madagascar,Pro League,8630,20222023
data,Madagascar Pro League,Madagascar,Pro League,11253,20232024
data,Madagascar Pro League,Madagascar,Pro League,15135,20242025
data,France Coupe de France Féminine,France,Coupe de France Féminine,6978,20212022
data,France Coupe de France Féminine,France,Coupe de France Féminine,8808,20222023
data,France Coupe de France Féminine,France,Coupe de France Féminine,10879,20232024
data,France Coupe de France Féminine,France,Coupe de France Féminine,13869,20242025
data,England Womens National League Premier Division,England,Womens National League Premier Division,6980,20212022
data,England Womens National League Premier Division,England,Womens National League Premier Division,8566,20222023
data,England Womens National League Division One,England,Womens National League Division One,6981,20212022
data,England Womens National League Division One,England,Womens National League Division One,8562,20222023
data,Turkey Kadın Süper Ligi,Turkey,Kadın Süper Ligi,6982,20212022
data,Turkey Kadın Süper Ligi,Turkey,Kadın Süper Ligi,8584,20222023
data,Turkey Kadın Süper Ligi,Turkey,Kadın Süper Ligi,10382,20232024
data,Turkey Kadın Süper Ligi,Turkey,Kadın Süper Ligi,13585,20242025
data,Turkey Kadın Süper Ligi,Turkey,Kadın Süper Ligi,16048,20252026
data,Morocco Division 1 Féminin,Morocco,Division 1 Féminin,6995,20212022
data,Morocco Division 1 Féminin,Morocco,Division 1 Féminin,8581,20222023
data,Morocco Division 1 Féminin,Morocco,Division 1 Féminin,10768,20232024
data,Morocco Division 1 Féminin,Morocco,Division 1 Féminin,13671,20242025
data,Morocco Division 1 Féminin,Morocco,Division 1 Féminin,15553,20252026
data,Italy Primavera Women,Italy,Primavera Women,6996,20212022
data,Italy Primavera Women,Italy,Primavera Women,8556,20222023
data,Italy Primavera Women,Italy,Primavera Women,10548,20232024
data,Italy Primavera Women,Italy,Primavera Women,13155,20242025
data,Italy Primavera Women,Italy,Primavera Women,15743,20252026
data,Europe Tipsport Malta Cup,Europe,Tipsport Malta Cup,6997,2022
data,Europe Tipsport Malta Cup,Europe,Tipsport Malta Cup,8980,2023
data,Europe Tipsport Malta Cup,Europe,Tipsport Malta Cup,10935,2024
data,Liberia LFA First Division,Liberia,LFA First Division,6998,20212022
data,Liberia LFA First Division,Liberia,LFA First Division,8343,20222023
data,Liberia LFA First Division,Liberia,LFA First Division,10562,20232024
data,Liberia LFA First Division,Liberia,LFA First Division,13701,20242025
data,International AFC Womens Asian Cup,International,AFC Womens Asian Cup,6999,2022
data,British Virgin Islands BVIFA National League,British Virgin Islands,BVIFA National League,7001,2021
data,British Virgin Islands BVIFA National League,British Virgin Islands,BVIFA National League,8557,20222023
data,British Virgin Islands BVIFA National League,British Virgin Islands,BVIFA National League,10795,20232024
data,British Virgin Islands BVIFA National League,British Virgin Islands,BVIFA National League,13761,20242025
data,British Virgin Islands BVIFA National League,British Virgin Islands,BVIFA National League,16331,20252026
data,Djibouti Division 1,Djibouti,Division 1,7002,20212022
data,Djibouti Division 1,Djibouti,Division 1,8565,20222023
data,Djibouti Division 1,Djibouti,Division 1,10752,20232024
data,Djibouti Division 1,Djibouti,Division 1,13779,20242025
data,Tahiti Tahitian Ligue 1,Tahiti,Tahitian Ligue 1,7003,20212022
data,Tahiti Tahitian Ligue 1,Tahiti,Tahitian Ligue 1,8560,20222023
data,Tahiti Tahitian Ligue 1,Tahiti,Tahitian Ligue 1,10691,20232024
data,Tahiti Tahitian Ligue 1,Tahiti,Tahitian Ligue 1,13108,20242025
data,Tahiti Tahitian Ligue 1,Tahiti,Tahitian Ligue 1,16014,20252026
data,Finland League Cup,Finland,League Cup,7019,2022
data,Finland League Cup,Finland,League Cup,8925,2023
data,Finland League Cup,Finland,League Cup,11056,2024
data,Finland League Cup,Finland,League Cup,14051,2025
data,Finland Ykköscup,Finland,Ykköscup,7020,2022
data,Finland Ykköscup,Finland,Ykköscup,8817,2023
data,Finland Ykköscup,Finland,Ykköscup,10940,2024
data,Finland Ykköscup,Finland,Ykköscup,13882,2025
data,Georgia Super Cup,Georgia,Super Cup,7025,2022
data,Georgia Super Cup,Georgia,Super Cup,9528,2023
data,Georgia Super Cup,Georgia,Super Cup,12131,2024
data,Georgia Super Cup,Georgia,Super Cup,16223,2025
data,Faroe Islands Super Cup,Faroe Islands,Super Cup,7026,2022
data,Faroe Islands Super Cup,Faroe Islands,Super Cup,8975,2023
data,Faroe Islands Super Cup,Faroe Islands,Super Cup,12970,2024
data,Faroe Islands Super Cup,Faroe Islands,Super Cup,14185,2025
data,Chile Super Cup,Chile,Super Cup,7037,2022
data,Chile Super Cup,Chile,Super Cup,8727,2023
data,Chile Super Cup,Chile,Super Cup,11168,2024
data,Chile Super Cup,Chile,Super Cup,14061,2025
data,Australia South Australia State League 1 Reserves,Australia,South Australia State League 1 Reserves,7089,2022
data,Australia South Australia State League 1 Reserves,Australia,South Australia State League 1 Reserves,8903,2023
data,Australia South Australia State League 1 Reserves,Australia,South Australia State League 1 Reserves,11082,2024
data,Australia South Australia State League 1 Reserves,Australia,South Australia State League 1 Reserves,13941,2025
data,Brazil Supercopa Feminino,Brazil,Supercopa Feminino,7108,2022
data,Brazil Supercopa Feminino,Brazil,Supercopa Feminino,8968,2023
data,Brazil Supercopa Feminino,Brazil,Supercopa Feminino,11093,2024
data,Brazil Supercopa Feminino,Brazil,Supercopa Feminino,14273,2025
data,Sweden Division 2 Sodra Gotaland,Sweden,Division 2 Sodra Gotaland,7147,2022
data,Sweden Division 2 Sodra Gotaland,Sweden,Division 2 Sodra Gotaland,8924,2023
data,Sweden Division 2 Sodra Gotaland,Sweden,Division 2 Sodra Gotaland,11147,2024
data,Sweden Division 2 Sodra Gotaland,Sweden,Division 2 Sodra Gotaland,14159,2025
data,Belarus Second Division Brest Region,Belarus,Second Division Brest Region,7219,2022
data,Belarus Second Division Brest Region,Belarus,Second Division Brest Region,7225,2021
data,Belarus Second Division Brest Region,Belarus,Second Division Brest Region,9206,2023
data,Belarus Second Division Vitebsk Region,Belarus,Second Division Vitebsk Region,7220,2022
data,Belarus Second Division Vitebsk Region,Belarus,Second Division Vitebsk Region,7227,2021
data,Belarus Second Division Vitebsk Region,Belarus,Second Division Vitebsk Region,9207,2023
data,Belarus Second Division Gomel Region,Belarus,Second Division Gomel Region,7221,2022
data,Belarus Second Division Gomel Region,Belarus,Second Division Gomel Region,7228,2021
data,Belarus Second Division Gomel Region,Belarus,Second Division Gomel Region,9208,2023
data,Belarus Second Division Grodno Region,Belarus,Second Division Grodno Region,7222,2022
data,Belarus Second Division Grodno Region,Belarus,Second Division Grodno Region,7229,2021
data,Belarus Second Division Grodno Region,Belarus,Second Division Grodno Region,9209,2023
data,Belarus Second Division Minsk Region,Belarus,Second Division Minsk Region,7223,2022
data,Belarus Second Division Minsk Region,Belarus,Second Division Minsk Region,7230,2021
data,Belarus Second Division Minsk Region,Belarus,Second Division Minsk Region,9210,2023
data,Belarus Second Division Mogilev Region,Belarus,Second Division Mogilev Region,7224,2022
data,Belarus Second Division Mogilev Region,Belarus,Second Division Mogilev Region,7231,2021
data,Belarus Second Division Mogilev Region,Belarus,Second Division Mogilev Region,9211,2023
data,Europe UEFA Europa Conference League,Europe,UEFA Europa Conference League,7322,20212022
data,Europe UEFA Europa Conference League,Europe,UEFA Europa Conference League,7480,20222023
data,Europe UEFA Europa Conference League,Europe,UEFA Europa Conference League,9600,20232024
data,Europe UEFA Europa Conference League,Europe,UEFA Europa Conference League,12278,20242025
data,Europe UEFA Europa Conference League,Europe,UEFA Europa Conference League,14904,20252026
data,Austria OOEFV Cup,Austria,OOEFV Cup,7330,20212022
data,Austria OOEFV Cup,Austria,OOEFV Cup,7941,20222023
data,Austria OOEFV Cup,Austria,OOEFV Cup,9708,20232024
data,Austria OOEFV Cup,Austria,OOEFV Cup,12575,20242025
data,Austria OOEFV Cup,Austria,OOEFV Cup,15664,20252026
data,Austria BFV Cup,Austria,BFV Cup,7332,20212022
data,Austria BFV Cup,Austria,BFV Cup,7491,20222023
data,Austria BFV Cup,Austria,BFV Cup,10274,20232024
data,Austria BFV Cup,Austria,BFV Cup,12158,20242025
data,Austria BFV Cup,Austria,BFV Cup,15648,20252026
data,Austria STFV Cup,Austria,STFV Cup,7334,20212022
data,Austria STFV Cup,Austria,STFV Cup,8772,20222023
data,Austria STFV Cup,Austria,STFV Cup,9974,20232024
data,Austria STFV Cup,Austria,STFV Cup,13095,20242025
data,Austria STFV Cup,Austria,STFV Cup,15611,20252026
data,Belgium Playoffs 1 2,Belgium,Playoffs 1 2,7336,20212022
data,Belgium Playoffs 1 2,Belgium,Playoffs 1 2,11985,20232024
data,Belgium Playoffs 3 4,Belgium,Playoffs 3 4,7338,20212022
data,Belgium Playoffs 3 4,Belgium,Playoffs 3 4,9455,20222023
data,International Africa Cup of Nations Qualification,International,Africa Cup of Nations Qualification,7342,2023
data,International Africa Cup of Nations Qualification,International,Africa Cup of Nations Qualification,8374,2021
data,International Africa Cup of Nations Qualification,International,Africa Cup of Nations Qualification,13493,2025
data,International CONCACAF Nations League,International,CONCACAF Nations League,7343,20222023
data,International CONCACAF Nations League,International,CONCACAF Nations League,10586,20232024
data,International CONCACAF Nations League,International,CONCACAF Nations League,12980,20242025
data,International UEFA Euro U19 Championship Qualification,International,UEFA Euro U19 Championship Qualification,7346,2022
data,International UEFA Euro U19 Championship Qualification,International,UEFA Euro U19 Championship Qualification,12964,20232024
data,International UEFA Euro U19 Championship Qualification,International,UEFA Euro U19 Championship Qualification,13468,2025
data,International UEFA Euro U19 Championship Qualification,International,UEFA Euro U19 Championship Qualification,14547,2026
data,International International Friendlies Women,International,International Friendlies Women,7413,2022
data,International International Friendlies Women,International,International Friendlies Women,7415,2021
data,International International Friendlies Women,International,International Friendlies Women,8522,2023
data,International International Friendlies Women,International,International Friendlies Women,11043,2024
data,International International Friendlies Women,International,International Friendlies Women,16088,2025
data,International AFC Asian Cup,International,AFC Asian Cup,7418,2019
data,International AFC Asian Cup,International,AFC Asian Cup,9397,2023
data,International Asian Cup Qualification,International,Asian Cup Qualification,7419,2023
data,International Asian Cup Qualification,International,Asian Cup Qualification,7421,2019
data,International Asian Cup Qualification,International,Asian Cup Qualification,11943,2027
data,USA USL W League,USA,USL W League,7422,2022
data,USA USL W League,USA,USL W League,9251,2023
data,USA USL W League,USA,USL W League,12534,2024
data,USA USL W League,USA,USL W League,16224,2025
data,International CONMEBOL UEFA Cup of Champions,International,CONMEBOL UEFA Cup of Champions,7424,2022
data,International World Cup,International,World Cup,7432,2022
data,Europe Premier League International Cup,Europe,Premier League International Cup,7444,20192020
data,Europe Premier League International Cup,Europe,Premier League International Cup,9199,20222023
data,Europe Premier League International Cup,Europe,Premier League International Cup,10551,20232024
data,Europe Premier League International Cup,Europe,Premier League International Cup,13293,20242025
data,Europe Premier League International Cup,Europe,Premier League International Cup,15936,20252026
data,Oceania OFC Champions League,Oceania,OFC Champions League,7477,2022
data,Oceania OFC Champions League,Oceania,OFC Champions League,9352,2023
data,Indonesia Piala Indonesia,Indonesia,Piala Indonesia,7485,2018
data,Aruba Copa Betico Croes,Aruba,Copa Betico Croes,7487,2022
data,Aruba Copa Betico Croes,Aruba,Copa Betico Croes,8971,20222023
data,Aruba Copa Betico Croes,Aruba,Copa Betico Croes,11081,20232024
data,Aruba Copa Betico Croes,Aruba,Copa Betico Croes,14050,20242025
data,Netherlands Netherlands Playoffs 4 5,Netherlands,Netherlands Playoffs 4 5,7503,20212022
data,Netherlands Netherlands Playoffs 4 5,Netherlands,Netherlands Playoffs 4 5,9429,20222023
data,Netherlands Netherlands Playoffs 4 5,Netherlands,Netherlands Playoffs 4 5,12038,20232024
data,Netherlands Netherlands Playoffs 4 5,Netherlands,Netherlands Playoffs 4 5,14780,20242025
data,Asia AFF Womens Championship,Asia,AFF Womens Championship,7512,2022
data,Canada PLSQ,Canada,PLSQ,7514,2022
data,Canada PLSQ,Canada,PLSQ,9258,2023
data,Canada PLSQ,Canada,PLSQ,11382,2024
data,Canada PLSQ,Canada,PLSQ,14512,2025
data,Canada League1 BC,Canada,League1 BC,7515,2022
data,Canada League1 BC,Canada,League1 BC,9074,2023
data,Canada League1 BC,Canada,League1 BC,11393,2024
data,Canada League1 BC,Canada,League1 BC,16205,2025
data,Canada League1 Ontario,Canada,League1 Ontario,7516,2022
data,Canada League1 Ontario,Canada,League1 Ontario,9094,2023
data,Canada League1 Ontario,Canada,League1 Ontario,11424,2024
data,Canada League1 Ontario,Canada,League1 Ontario,16206,2025
data,Bhutan Bhutan Super League,Bhutan,Bhutan Super League,7523,2022
data,Bhutan Bhutan Super League,Bhutan,Bhutan Super League,7575,2020
data,Bhutan Bhutan Super League,Bhutan,Bhutan Super League,9246,2023
data,Bhutan Bhutan Super League,Bhutan,Bhutan Super League,14229,2025
data,Finland Kolmonen Pohjoinen,Finland,Kolmonen Pohjoinen,7546,2022
data,Finland Kolmonen Pohjoinen,Finland,Kolmonen Pohjoinen,9004,2023
data,Finland Kolmonen Pohjoinen,Finland,Kolmonen Pohjoinen,11227,2024
data,Finland Kolmonen Pohjoinen,Finland,Kolmonen Pohjoinen,14096,2025
data,Finland Kolmonen Etelä,Finland,Kolmonen Etelä,7551,2022
data,Finland Kolmonen Etelä,Finland,Kolmonen Etelä,14431,2025
data,Finland Kolmonen Etelä,Finland,Kolmonen Etelä,14442,2023
data,Finland Kolmonen Etelä,Finland,Kolmonen Etelä,14445,2024
data,Finland Kolmonen Länsi,Finland,Kolmonen Länsi,7552,2022
data,Finland Kolmonen Länsi,Finland,Kolmonen Länsi,8893,2023
data,Finland Kolmonen Länsi,Finland,Kolmonen Länsi,11232,2024
data,Finland Kolmonen Länsi,Finland,Kolmonen Länsi,14109,2025
data,Finland Kolmonen Itä,Finland,Kolmonen Itä,7553,2022
data,Finland Kolmonen Itä,Finland,Kolmonen Itä,9544,2023
data,Finland Kolmonen Itä,Finland,Kolmonen Itä,11226,2024
data,Finland Kolmonen Itä,Finland,Kolmonen Itä,14110,2025
data,Canada Canadian Championship,Canada,Canadian Championship,7554,2022
data,Canada Canadian Championship,Canada,Canadian Championship,8964,2023
data,Canada Canadian Championship,Canada,Canadian Championship,11311,2024
data,Canada Canadian Championship,Canada,Canadian Championship,14289,2025
data,Netherlands Netherlands Playoffs 5 6,Netherlands,Netherlands Playoffs 5 6,7556,20212022
data,Netherlands Netherlands Playoffs 5 6,Netherlands,Netherlands Playoffs 5 6,9535,20222023
data,Netherlands Netherlands Playoffs 5 6,Netherlands,Netherlands Playoffs 5 6,12054,20232024
data,Netherlands Netherlands Playoffs 5 6,Netherlands,Netherlands Playoffs 5 6,14786,20242025
data,Macau Macau FA Cup,Macau,Macau FA Cup,7557,2022
data,Macau Macau FA Cup,Macau,Macau FA Cup,9347,2023
data,Macau Macau FA Cup,Macau,Macau FA Cup,12532,2024
data,Macau Macau FA Cup,Macau,Macau FA Cup,16207,2025
data,Brazil Carioca A2,Brazil,Carioca A2,7559,2021
data,Brazil Carioca A2,Brazil,Carioca A2,7560,2022
data,Brazil Carioca A2,Brazil,Carioca A2,9192,2023
data,Brazil Carioca A2,Brazil,Carioca A2,11376,2024
data,Brazil Carioca A2,Brazil,Carioca A2,16167,2025
data,Ecuador Copa Ecuador,Ecuador,Copa Ecuador,7562,2022
data,Ecuador Copa Ecuador,Ecuador,Copa Ecuador,13691,2024
data,Ecuador Copa Ecuador,Ecuador,Copa Ecuador,14652,2025
data,Uruguay Copa Uruguay,Uruguay,Copa Uruguay,7563,2022
data,Uruguay Copa Uruguay,Uruguay,Copa Uruguay,10494,2023
data,Uruguay Copa Uruguay,Uruguay,Copa Uruguay,13586,2024
data,Uruguay Copa Uruguay,Uruguay,Copa Uruguay,15330,2025
data,Panama LFF,Panama,LFF,7582,2022
data,Panama LFF,Panama,LFF,9095,2023
data,Panama LFF,Panama,LFF,11188,2024
data,Panama LFF,Panama,LFF,14123,2025
data,International CONCACAF Championship U20,International,CONCACAF Championship U20,7587,2022
data,USA MLS Next Pro,USA,MLS Next Pro,7598,2022
data,USA MLS Next Pro,USA,MLS Next Pro,9127,2023
data,USA MLS Next Pro,USA,MLS Next Pro,11277,2024
data,USA MLS Next Pro,USA,MLS Next Pro,14180,2025
data,Australia Queensland FQPL 1 Women,Australia,Queensland FQPL 1 Women,7601,2022
data,Australia Queensland FQPL 1 Women,Australia,Queensland FQPL 1 Women,8972,2023
data,Australia Queensland FQPL 1 Women,Australia,Queensland FQPL 1 Women,11092,2024
data,Australia Queensland FQPL 1 Women,Australia,Queensland FQPL 1 Women,16264,2025
data,Egypt League Cup,Egypt,League Cup,7605,20212022
data,Egypt League Cup,Egypt,League Cup,8618,20222023
data,Egypt League Cup,Egypt,League Cup,11044,20232024
data,Egypt League Cup,Egypt,League Cup,13829,20242025
data,Egypt League Cup,Egypt,League Cup,16068,20252026
data,Malaysia Liga M3,Malaysia,Liga M3,7606,2022
data,Malaysia Liga M3,Malaysia,Liga M3,9076,2023
data,Malaysia Liga M3,Malaysia,Liga M3,12031,20242025
data,Brazil Copa Espirito Santo,Brazil,Copa Espirito Santo,7612,2022
data,Brazil Copa Espirito Santo,Brazil,Copa Espirito Santo,9133,2023
data,Brazil Copa Espirito Santo,Brazil,Copa Espirito Santo,11375,2024
data,Brazil Copa Espirito Santo,Brazil,Copa Espirito Santo,16188,2025
data,Scotland SWPL Cup,Scotland,SWPL Cup,7654,2021
data,Scotland SWPL Cup,Scotland,SWPL Cup,8300,2022
data,Scotland SWPL Cup,Scotland,SWPL Cup,10145,2023
data,Scotland SWPL Cup,Scotland,SWPL Cup,12608,20242025
data,Scotland SWPL Cup,Scotland,SWPL Cup,15362,20252026
data,Armenia Super Cup,Armenia,Super Cup,7666,20212022
data,Armenia Super Cup,Armenia,Super Cup,10726,20232024
data,Armenia Super Cup,Armenia,Super Cup,14093,20242025
data,New Zealand Chatham Cup,New Zealand,Chatham Cup,7673,2022
data,New Zealand Chatham Cup,New Zealand,Chatham Cup,9193,2023
data,New Zealand Chatham Cup,New Zealand,Chatham Cup,11947,2024
data,New Zealand Chatham Cup,New Zealand,Chatham Cup,16304,2025
data,Moldova Supercupa,Moldova,Supercupa,7674,20212022
data,Thailand Thai Champions Cup,Thailand,Thai Champions Cup,7676,20212022
data,Thailand Thai Champions Cup,Thailand,Thai Champions Cup,8061,20222023
data,Thailand Thai Champions Cup,Thailand,Thai Champions Cup,10016,20232024
data,Croatia Super Cup,Croatia,Super Cup,7727,20192020
data,Croatia Super Cup,Croatia,Super Cup,7728,20222023
data,Croatia Super Cup,Croatia,Super Cup,9797,20232024
data,Austria Landesliga Burgenland,Austria,Landesliga Burgenland,7749,20222023
data,Austria Landesliga Burgenland,Austria,Landesliga Burgenland,9778,20232024
data,Austria Landesliga Burgenland,Austria,Landesliga Burgenland,12702,20242025
data,Austria Landesliga Burgenland,Austria,Landesliga Burgenland,15152,20252026
data,Austria Landesliga Wien,Austria,Landesliga Wien,7758,20222023
data,Austria Landesliga Wien,Austria,Landesliga Wien,9782,20232024
data,Austria Landesliga Wien,Austria,Landesliga Wien,12726,20242025
data,Austria Landesliga Wien,Austria,Landesliga Wien,15129,20252026
data,Austria Landesliga Niederösterreich,Austria,Landesliga Niederösterreich,7760,20222023
data,Austria Landesliga Niederösterreich,Austria,Landesliga Niederösterreich,9783,20232024
data,Austria Landesliga Niederösterreich,Austria,Landesliga Niederösterreich,12719,20242025
data,Austria Landesliga Niederösterreich,Austria,Landesliga Niederösterreich,15166,20252026
data,Austria Landesliga Oberösterreich,Austria,Landesliga Oberösterreich,7761,20222023
data,Austria Landesliga Oberösterreich,Austria,Landesliga Oberösterreich,9786,20232024
data,Austria Landesliga Oberösterreich,Austria,Landesliga Oberösterreich,12697,20242025
data,Austria Landesliga Oberösterreich,Austria,Landesliga Oberösterreich,15139,20252026
data,Austria Landesliga Steiermark,Austria,Landesliga Steiermark,7765,20222023
data,Austria Landesliga Steiermark,Austria,Landesliga Steiermark,9787,20232024
data,Austria Landesliga Steiermark,Austria,Landesliga Steiermark,12695,20242025
data,Austria Landesliga Steiermark,Austria,Landesliga Steiermark,15171,20252026
data,Austria Landesliga Salzburg,Austria,Landesliga Salzburg,7767,20222023
data,Austria Landesliga Salzburg,Austria,Landesliga Salzburg,9789,20232024
data,Austria Landesliga Salzburg,Austria,Landesliga Salzburg,12710,20242025
data,Austria Landesliga Salzburg,Austria,Landesliga Salzburg,15123,20252026
data,International Club Friendlies 3,International,Club Friendlies 3,7801,2022
data,International Club Friendlies 3,International,Club Friendlies 3,8951,2023
data,International Club Friendlies 3,International,Club Friendlies 3,11431,2024
data,International Club Friendlies 3,International,Club Friendlies 3,13898,2025
data,International Club Friendlies 2,International,Club Friendlies 2,7802,2022
data,International Club Friendlies 2,International,Club Friendlies 2,10485,2023
data,International Club Friendlies 2,International,Club Friendlies 2,12674,2024
data,International Club Friendlies 2,International,Club Friendlies 2,15264,2025
data,International Club Friendlies 1,International,Club Friendlies 1,7805,2022
data,International Club Friendlies 1,International,Club Friendlies 1,8950,2023
data,International Club Friendlies 1,International,Club Friendlies 1,11042,2024
data,International Club Friendlies 1,International,Club Friendlies 1,13902,2025
data,Czech Republic 3. Liga CFL,Czech Republic,3. Liga CFL,7944,20222023
data,Czech Republic 3. Liga CFL,Czech Republic,3. Liga CFL,9646,20232024
data,Czech Republic 3. Liga CFL,Czech Republic,3. Liga CFL,14452,20242025
data,Czech Republic 3. Liga CFL,Czech Republic,3. Liga CFL,15094,20252026
data,Czech Republic 3. Liga MSFL,Czech Republic,3. Liga MSFL,7945,20222023
data,Czech Republic 3. Liga MSFL,Czech Republic,3. Liga MSFL,9647,20232024
data,Czech Republic 3. Liga MSFL,Czech Republic,3. Liga MSFL,15107,20252026
data,International CONCACAF League,International,CONCACAF League,7977,2022
data,England Counties Leagues United Counties League Premier North,England,Counties Leagues United Counties League Premier North,7979,20222023
data,England Counties Leagues United Counties League Premier North,England,Counties Leagues United Counties League Premier North,9803,20232024
data,England Counties Leagues United Counties League Premier North,England,Counties Leagues United Counties League Premier North,12768,20242025
data,England Counties Leagues United Counties League Premier North,England,Counties Leagues United Counties League Premier North,15334,20252026
data,England Counties Leagues United Counties League Premier South,England,Counties Leagues United Counties League Premier South,7980,20222023
data,England Counties Leagues United Counties League Premier South,England,Counties Leagues United Counties League Premier South,9802,20232024
data,England Counties Leagues United Counties League Premier South,England,Counties Leagues United Counties League Premier South,12737,20242025
data,England Counties Leagues United Counties League Premier South,England,Counties Leagues United Counties League Premier South,15317,20252026
data,Slovakia 3 Liga East,Slovakia,3 Liga East,8109,20222023
data,Slovakia 3 Liga East,Slovakia,3 Liga East,10115,20232024
data,Slovakia 3 Liga East,Slovakia,3 Liga East,12671,20242025
data,Slovakia 3 Liga East,Slovakia,3 Liga East,15088,20252026
data,Slovakia 3 Liga West,Slovakia,3 Liga West,8110,20222023
data,Slovakia 3 Liga West,Slovakia,3 Liga West,9963,20232024
data,Slovakia 3 Liga West,Slovakia,3 Liga West,12646,20242025
data,Slovakia 3 Liga West,Slovakia,3 Liga West,15102,20252026
data,Spain División De Honor Juvenil Group 1,Spain,División De Honor Juvenil Group 1,8125,20222023
data,Spain División De Honor Juvenil Group 1,Spain,División De Honor Juvenil Group 1,10094,20232024
data,Spain División De Honor Juvenil Group 1,Spain,División De Honor Juvenil Group 1,13186,20242025
data,Spain División De Honor Juvenil Group 1,Spain,División De Honor Juvenil Group 1,15456,20252026
data,Spain División De Honor Juvenil Group 2,Spain,División De Honor Juvenil Group 2,8126,20222023
data,Spain División De Honor Juvenil Group 2,Spain,División De Honor Juvenil Group 2,10095,20232024
data,Spain División De Honor Juvenil Group 2,Spain,División De Honor Juvenil Group 2,13185,20242025
data,Spain División De Honor Juvenil Group 2,Spain,División De Honor Juvenil Group 2,15455,20252026
data,Spain División De Honor Juvenil Group 3,Spain,División De Honor Juvenil Group 3,8129,20222023
data,Spain División De Honor Juvenil Group 3,Spain,División De Honor Juvenil Group 3,10096,20232024
data,Spain División De Honor Juvenil Group 3,Spain,División De Honor Juvenil Group 3,13222,20242025
data,Spain División De Honor Juvenil Group 3,Spain,División De Honor Juvenil Group 3,15487,20252026
data,Spain División De Honor Juvenil Group 4,Spain,División De Honor Juvenil Group 4,8130,20222023
data,Spain División De Honor Juvenil Group 4,Spain,División De Honor Juvenil Group 4,10097,20232024
data,Spain División De Honor Juvenil Group 4,Spain,División De Honor Juvenil Group 4,13227,20242025
data,Spain División De Honor Juvenil Group 4,Spain,División De Honor Juvenil Group 4,15475,20252026
data,Spain División De Honor Juvenil Group 5,Spain,División De Honor Juvenil Group 5,8133,20222023
data,Spain División De Honor Juvenil Group 5,Spain,División De Honor Juvenil Group 5,10102,20232024
data,Spain División De Honor Juvenil Group 5,Spain,División De Honor Juvenil Group 5,13193,20242025
data,Spain División De Honor Juvenil Group 5,Spain,División De Honor Juvenil Group 5,15458,20252026
data,Spain División De Honor Juvenil Group 6,Spain,División De Honor Juvenil Group 6,8134,20222023
data,Spain División De Honor Juvenil Group 6,Spain,División De Honor Juvenil Group 6,10103,20232024
data,Spain División De Honor Juvenil Group 6,Spain,División De Honor Juvenil Group 6,13188,20242025
data,Spain División De Honor Juvenil Group 6,Spain,División De Honor Juvenil Group 6,15442,20252026
data,Spain División De Honor Juvenil Group 7,Spain,División De Honor Juvenil Group 7,8136,20222023
data,Spain División De Honor Juvenil Group 7,Spain,División De Honor Juvenil Group 7,10104,20232024
data,Spain División De Honor Juvenil Group 7,Spain,División De Honor Juvenil Group 7,13191,20242025
data,Spain División De Honor Juvenil Group 7,Spain,División De Honor Juvenil Group 7,15441,20252026
data,Spain Segunda División RFEF Group 1,Spain,Segunda División RFEF Group 1,8147,20212022
data,Spain Segunda División RFEF Group 1,Spain,Segunda División RFEF Group 1,8148,20222023
data,Spain Segunda División RFEF Group 1,Spain,Segunda División RFEF Group 1,9920,20232024
data,Spain Segunda División RFEF Group 1,Spain,Segunda División RFEF Group 1,12909,20242025
data,Spain Segunda División RFEF Group 1,Spain,Segunda División RFEF Group 1,15090,20252026
data,Spain Segunda División RFEF Group 2,Spain,Segunda División RFEF Group 2,8149,20212022
data,Spain Segunda División RFEF Group 2,Spain,Segunda División RFEF Group 2,8150,20222023
data,Spain Segunda División RFEF Group 2,Spain,Segunda División RFEF Group 2,9921,20232024
data,Spain Segunda División RFEF Group 2,Spain,Segunda División RFEF Group 2,12920,20242025
data,Spain Segunda División RFEF Group 2,Spain,Segunda División RFEF Group 2,15105,20252026
data,Spain Segunda División RFEF Group 3,Spain,Segunda División RFEF Group 3,8151,20212022
data,Spain Segunda División RFEF Group 3,Spain,Segunda División RFEF Group 3,9922,20232024
data,Spain Segunda División RFEF Group 3,Spain,Segunda División RFEF Group 3,12923,20242025
data,Spain Segunda División RFEF Group 3,Spain,Segunda División RFEF Group 3,14380,20222023
data,Spain Segunda División RFEF Group 3,Spain,Segunda División RFEF Group 3,15092,20252026
data,Spain Segunda División RFEF Promotion Playoffs,Spain,Segunda División RFEF Promotion Playoffs,8154,20212022
data,Spain Segunda División RFEF Promotion Playoffs,Spain,Segunda División RFEF Promotion Playoffs,9328,20222023
data,Spain Segunda División RFEF Promotion Playoffs,Spain,Segunda División RFEF Promotion Playoffs,11931,20232024
data,Spain Segunda División RFEF Promotion Playoffs,Spain,Segunda División RFEF Promotion Playoffs,14691,20242025
data,Spain Segunda División RFEF Relegation Playoffs,Spain,Segunda División RFEF Relegation Playoffs,8155,20212022
data,Spain Segunda División RFEF Relegation Playoffs,Spain,Segunda División RFEF Relegation Playoffs,9329,20222023
data,Spain Segunda División RFEF Relegation Playoffs,Spain,Segunda División RFEF Relegation Playoffs,11935,20232024
data,Spain Segunda División RFEF Relegation Playoffs,Spain,Segunda División RFEF Relegation Playoffs,14698,20242025
data,Spain Segunda División RFEF Group 4,Spain,Segunda División RFEF Group 4,8156,20212022
data,Spain Segunda División RFEF Group 4,Spain,Segunda División RFEF Group 4,8157,20222023
data,Spain Segunda División RFEF Group 4,Spain,Segunda División RFEF Group 4,9932,20232024
data,Spain Segunda División RFEF Group 4,Spain,Segunda División RFEF Group 4,12908,20242025
data,Spain Segunda División RFEF Group 4,Spain,Segunda División RFEF Group 4,15796,20252026
data,Spain Segunda División RFEF Group 5,Spain,Segunda División RFEF Group 5,8158,20212022
data,Spain Segunda División RFEF Group 5,Spain,Segunda División RFEF Group 5,8159,20222023
data,Spain Segunda División RFEF Group 5,Spain,Segunda División RFEF Group 5,9933,20232024
data,Spain Segunda División RFEF Group 5,Spain,Segunda División RFEF Group 5,12924,20242025
data,Spain Segunda División RFEF Group 5,Spain,Segunda División RFEF Group 5,15149,20252026
data,Austria Frauenliga,Austria,Frauenliga,8245,20222023
data,Austria Frauenliga,Austria,Frauenliga,8248,20212022
data,Austria Frauenliga,Austria,Frauenliga,9965,20232024
data,Austria Frauenliga,Austria,Frauenliga,12639,20242025
data,Austria Frauenliga,Austria,Frauenliga,15058,20252026
data,Austria 2 Frauenliga,Austria,2 Frauenliga,8247,20222023
data,Austria 2 Frauenliga,Austria,2 Frauenliga,9967,20232024
data,Austria 2 Frauenliga,Austria,2 Frauenliga,12642,20242025
data,Austria 2 Frauenliga,Austria,2 Frauenliga,15608,20252026
data,Austria Womens Cup,Austria,Womens Cup,8249,20222023
data,Austria Womens Cup,Austria,Womens Cup,10272,20232024
data,Austria Womens Cup,Austria,Womens Cup,13310,20242025
data,Austria Womens Cup,Austria,Womens Cup,15738,20252026
data,Mexico Liga TDP Group 2,Mexico,Liga TDP Group 2,8388,20222023
data,Mexico Liga TDP Group 2,Mexico,Liga TDP Group 2,10740,20232024
data,Mexico Liga TDP Group 2,Mexico,Liga TDP Group 2,13518,20242025
data,Mexico Liga TDP Group 3,Mexico,Liga TDP Group 3,8389,20222023
data,Mexico Liga TDP Group 3,Mexico,Liga TDP Group 3,10594,20232024
data,Mexico Liga TDP Group 3,Mexico,Liga TDP Group 3,13531,20242025
data,Mexico Liga TDP Group 4,Mexico,Liga TDP Group 4,8390,20222023
data,Mexico Liga TDP Group 4,Mexico,Liga TDP Group 4,10627,20232024
data,Mexico Liga TDP Group 4,Mexico,Liga TDP Group 4,13526,20242025
data,Mexico Liga TDP Group 1,Mexico,Liga TDP Group 1,8395,20222023
data,Mexico Liga TDP Group 1,Mexico,Liga TDP Group 1,10650,20232024
data,Mexico Liga TDP Group 5,Mexico,Liga TDP Group 5,8396,20222023
data,Mexico Liga TDP Group 5,Mexico,Liga TDP Group 5,10682,20232024
data,Mexico Liga TDP Group 5,Mexico,Liga TDP Group 5,13524,20242025
data,Mexico Liga TDP Group 6,Mexico,Liga TDP Group 6,8397,20222023
data,Mexico Liga TDP Group 6,Mexico,Liga TDP Group 6,10706,20232024
data,Mexico Liga TDP Group 6,Mexico,Liga TDP Group 6,13523,20242025
data,Mexico Liga TDP Group 7,Mexico,Liga TDP Group 7,8398,20222023
data,Mexico Liga TDP Group 7,Mexico,Liga TDP Group 7,10741,20232024
data,Mexico Liga TDP Group 7,Mexico,Liga TDP Group 7,13519,20242025
data,Mexico Liga TDP Group 8,Mexico,Liga TDP Group 8,8399,20222023
data,Mexico Liga TDP Group 8,Mexico,Liga TDP Group 8,10710,20232024
data,Mexico Liga TDP Group 8,Mexico,Liga TDP Group 8,13530,20242025
data,Mexico Liga TDP Group 9,Mexico,Liga TDP Group 9,8406,20222023
data,Mexico Liga TDP Group 9,Mexico,Liga TDP Group 9,10745,20232024
data,Mexico Liga TDP Group 9,Mexico,Liga TDP Group 9,13528,20242025
data,Mexico Liga TDP Group 10,Mexico,Liga TDP Group 10,8407,20222023
data,Mexico Liga TDP Group 10,Mexico,Liga TDP Group 10,10619,20232024
data,Mexico Liga TDP Group 10,Mexico,Liga TDP Group 10,13521,20242025
data,Mexico Liga TDP Group 11,Mexico,Liga TDP Group 11,8408,20222023
data,Mexico Liga TDP Group 11,Mexico,Liga TDP Group 11,10711,20232024
data,Mexico Liga TDP Group 11,Mexico,Liga TDP Group 11,13527,20242025
data,Mexico Liga TDP Group 12,Mexico,Liga TDP Group 12,8409,20222023
data,Mexico Liga TDP Group 12,Mexico,Liga TDP Group 12,10620,20232024
data,Mexico Liga TDP Group 12,Mexico,Liga TDP Group 12,13520,20242025
data,Mexico Liga TDP Group 13,Mexico,Liga TDP Group 13,8410,20222023
data,Mexico Liga TDP Group 13,Mexico,Liga TDP Group 13,10658,20232024
data,Mexico Liga TDP Group 13,Mexico,Liga TDP Group 13,13547,20242025
data,Mexico Liga TDP Group 14,Mexico,Liga TDP Group 14,8421,20222023
data,Mexico Liga TDP Group 14,Mexico,Liga TDP Group 14,10683,20232024
data,Mexico Liga TDP Group 14,Mexico,Liga TDP Group 14,13551,20242025
data,Mexico Liga TDP Group 15,Mexico,Liga TDP Group 15,8422,20222023
data,Mexico Liga TDP Group 15,Mexico,Liga TDP Group 15,10693,20232024
data,Mexico Liga TDP Group 15,Mexico,Liga TDP Group 15,13552,20242025
data,Mexico Liga TDP Group 16,Mexico,Liga TDP Group 16,8423,20222023
data,Mexico Liga TDP Group 16,Mexico,Liga TDP Group 16,10712,20232024
data,Mexico Liga TDP Group 16,Mexico,Liga TDP Group 16,13548,20242025
data,Mexico Liga TDP Group 17,Mexico,Liga TDP Group 17,8424,20222023
data,Mexico Liga TDP Group 17,Mexico,Liga TDP Group 17,10719,20232024
data,Mexico Liga TDP Group 17,Mexico,Liga TDP Group 17,13554,20242025
data,Mexico Liga TDP Group 18,Mexico,Liga TDP Group 18,8425,20222023
data,Finland Kolmonen Promotion Playoffs,Finland,Kolmonen Promotion Playoffs,8480,2022
data,Finland Kolmonen Promotion Playoffs,Finland,Kolmonen Promotion Playoffs,13676,2024
data,Finland Kolmonen Promotion Playoffs,Finland,Kolmonen Promotion Playoffs,16124,2025
data,Croatia Second NL,Croatia,Second NL,8489,20222023
data,Croatia Second NL,Croatia,Second NL,10004,20232024
data,Croatia Second NL,Croatia,Second NL,12484,20242025
data,Croatia Second NL,Croatia,Second NL,16211,20252026
data,Romania Liga 2 Feminin,Romania,Liga 2 Feminin,8500,20222023
data,Romania Liga 2 Feminin,Romania,Liga 2 Feminin,10457,20232024
data,Romania Liga 2 Feminin,Romania,Liga 2 Feminin,13263,20242025
data,Romania Liga 2 Feminin,Romania,Liga 2 Feminin,15924,20252026
data,Georgia Womens League,Georgia,Womens League,8504,2022
data,Georgia Womens League,Georgia,Womens League,9073,2023
data,Georgia Womens League,Georgia,Womens League,11299,2024
data,Georgia Womens League,Georgia,Womens League,16191,2025
data,Norway Womens Playoffs 1 2,Norway,Womens Playoffs 1 2,8505,2022
data,Norway Womens Playoffs 1 2,Norway,Womens Playoffs 1 2,11196,2023
data,Norway Womens Playoffs 1 2,Norway,Womens Playoffs 1 2,13740,2024
data,Peru Copa Peru,Peru,Copa Peru,8507,2022
data,Peru Copa Peru,Peru,Copa Peru,10659,2023
data,Peru Copa Peru,Peru,Copa Peru,13686,2024
data,Peru Copa Peru,Peru,Copa Peru,16040,2025
data,Poland 4 Liga Pomorska,Poland,4 Liga Pomorska,8517,20222023
data,Poland 4 Liga Pomorska,Poland,4 Liga Pomorska,10017,20232024
data,Poland 4 Liga Pomorska,Poland,4 Liga Pomorska,12891,20242025
data,Poland 4 Liga Pomorska,Poland,4 Liga Pomorska,15821,20252026
data,Poland 4 Liga Kujawsko Pomorska,Poland,4 Liga Kujawsko Pomorska,8519,20222023
data,Poland 4 Liga Kujawsko Pomorska,Poland,4 Liga Kujawsko Pomorska,10018,20232024
data,Poland 4 Liga Kujawsko Pomorska,Poland,4 Liga Kujawsko Pomorska,12888,20242025
data,Poland 4 Liga Kujawsko Pomorska,Poland,4 Liga Kujawsko Pomorska,15416,20252026
data,Poland 4 Liga Lubuska,Poland,4 Liga Lubuska,8530,20222023
data,Poland 4 Liga Lubuska,Poland,4 Liga Lubuska,10037,20232024
data,Poland 4 Liga Lubuska,Poland,4 Liga Lubuska,12887,20242025
data,Poland 4 Liga Lubuska,Poland,4 Liga Lubuska,15412,20252026
data,Poland 4 Liga Lódzka,Poland,4 Liga Lódzka,8532,20222023
data,Poland 4 Liga Lódzka,Poland,4 Liga Lódzka,10038,20232024
data,Poland 4 Liga Lódzka,Poland,4 Liga Lódzka,12886,20242025
data,Poland 4 Liga Lódzka,Poland,4 Liga Lódzka,15419,20252026
data,Poland 4 Liga Mazowiecka,Poland,4 Liga Mazowiecka,8534,20222023
data,Poland 4 Liga Mazowiecka,Poland,4 Liga Mazowiecka,10039,20232024
data,Poland 4 Liga Mazowiecka,Poland,4 Liga Mazowiecka,12890,20242025
data,Poland 4 Liga Mazowiecka,Poland,4 Liga Mazowiecka,15122,20252026
data,Poland 4 Liga Podlaska,Poland,4 Liga Podlaska,8541,20222023
data,Poland 4 Liga Podlaska,Poland,4 Liga Podlaska,10077,20232024
data,Poland 4 Liga Podlaska,Poland,4 Liga Podlaska,13157,20242025
data,Poland 4 Liga Podlaska,Poland,4 Liga Podlaska,15411,20252026
data,Poland 4 Liga Małopolska,Poland,4 Liga Małopolska,8543,20222023
data,Poland 4 Liga Małopolska,Poland,4 Liga Małopolska,10086,20232024
data,Poland 4 Liga Małopolska,Poland,4 Liga Małopolska,12904,20242025
data,Poland 4 Liga Małopolska,Poland,4 Liga Małopolska,15422,20252026
data,Poland 4 Liga Wielkopolska,Poland,4 Liga Wielkopolska,8546,20222023
data,Poland 4 Liga Wielkopolska,Poland,4 Liga Wielkopolska,10087,20232024
data,Poland 4 Liga Wielkopolska,Poland,4 Liga Wielkopolska,12889,20242025
data,Poland 4 Liga Wielkopolska,Poland,4 Liga Wielkopolska,15426,20252026
data,France Feminine Division 2,France,Feminine Division 2,8549,20222023
data,France Feminine Division 2,France,Feminine Division 2,9919,20232024
data,France Feminine Division 2,France,Feminine Division 2,12784,20242025
data,France Feminine Division 2,France,Feminine Division 2,15999,20252026
data,Poland 4 Liga Warminsko Mazurska,Poland,4 Liga Warminsko Mazurska,8551,20222023
data,Poland 4 Liga Warminsko Mazurska,Poland,4 Liga Warminsko Mazurska,10053,20232024
data,Poland 4 Liga Warminsko Mazurska,Poland,4 Liga Warminsko Mazurska,12905,20242025
data,Poland 4 Liga Warminsko Mazurska,Poland,4 Liga Warminsko Mazurska,15415,20252026
data,Japan Empress Cup,Japan,Empress Cup,8649,20222023
data,Japan Empress Cup,Japan,Empress Cup,10837,20232024
data,Japan Empress Cup,Japan,Empress Cup,13712,20242025
data,Costa Rica Copa Costa Rica,Costa Rica,Copa Costa Rica,8650,20222023
data,Costa Rica Copa Costa Rica,Costa Rica,Copa Costa Rica,10009,20232024
data,Costa Rica Copa Costa Rica,Costa Rica,Copa Costa Rica,12794,20242025
data,Costa Rica Copa Costa Rica,Costa Rica,Copa Costa Rica,16155,20252026
data,Moldova Liga 2,Moldova,Liga 2,8661,20222023
data,Moldova Liga 2,Moldova,Liga 2,10340,20232024
data,Moldova Liga 2,Moldova,Liga 2,13267,20242025
data,Moldova Liga 2,Moldova,Liga 2,15277,20252026
data,Moldova Womens Football Championship,Moldova,Womens Football Championship,8662,20222023
data,Moldova Womens Football Championship,Moldova,Womens Football Championship,10598,20232024
data,Moldova Womens Football Championship,Moldova,Womens Football Championship,13588,20242025
data,Moldova Womens Football Championship,Moldova,Womens Football Championship,15653,20252026
data,Poland 4 Liga Zachodniopomorska,Poland,4 Liga Zachodniopomorska,8674,20222023
data,Poland 4 Liga Zachodniopomorska,Poland,4 Liga Zachodniopomorska,10048,20232024
data,Poland 4 Liga Zachodniopomorska,Poland,4 Liga Zachodniopomorska,13074,20242025
data,Poland 4 Liga Zachodniopomorska,Poland,4 Liga Zachodniopomorska,15421,20252026
data,Poland 4 Liga Podkarpacka,Poland,4 Liga Podkarpacka,8676,20222023
data,Poland 4 Liga Podkarpacka,Poland,4 Liga Podkarpacka,10026,20232024
data,Poland 4 Liga Podkarpacka,Poland,4 Liga Podkarpacka,12900,20242025
data,Poland 4 Liga Podkarpacka,Poland,4 Liga Podkarpacka,15423,20252026
data,Poland 4 Liga Dolnośląska East,Poland,4 Liga Dolnośląska East,8681,20222023
data,Poland 4 Liga Dolnośląska East,Poland,4 Liga Dolnośląska East,10027,20232024
data,Poland 4 Liga Dolnośląska West,Poland,4 Liga Dolnośląska West,8683,20222023
data,Poland 4 Liga Lubelska I,Poland,4 Liga Lubelska I,8691,20222023
data,Poland 4 Liga Lubelska I,Poland,4 Liga Lubelska I,10088,20232024
data,Poland 4 Liga Lubelska II,Poland,4 Liga Lubelska II,8692,20222023
data,Poland 4 Liga Opolska,Poland,4 Liga Opolska,8693,20222023
data,Poland 4 Liga Opolska,Poland,4 Liga Opolska,10023,20232024
data,Poland 4 Liga Opolska,Poland,4 Liga Opolska,12903,20242025
data,Poland 4 Liga Opolska,Poland,4 Liga Opolska,15424,20252026
data,Poland 4 Liga Świętokrzyska,Poland,4 Liga Świętokrzyska,8700,20222023
data,Poland 4 Liga Świętokrzyska,Poland,4 Liga Świętokrzyska,10022,20232024
data,Poland 4 Liga Świętokrzyska,Poland,4 Liga Świętokrzyska,12902,20242025
data,Poland 4 Liga Świętokrzyska,Poland,4 Liga Świętokrzyska,15425,20252026
data,Switzerland Nationalliga B Women,Switzerland,Nationalliga B Women,8718,20222023
data,Switzerland Nationalliga B Women,Switzerland,Nationalliga B Women,9710,20232024
data,Switzerland Nationalliga B Women,Switzerland,Nationalliga B Women,12675,20242025
data,Switzerland Nationalliga B Women,Switzerland,Nationalliga B Women,15155,20252026
data,Switzerland Schweizer Pokal Frauen,Switzerland,Schweizer Pokal Frauen,8719,20222023
data,Switzerland Schweizer Pokal Frauen,Switzerland,Schweizer Pokal Frauen,10273,20232024
data,Switzerland Schweizer Pokal Frauen,Switzerland,Schweizer Pokal Frauen,12521,20242025
data,Switzerland Schweizer Pokal Frauen,Switzerland,Schweizer Pokal Frauen,16020,20252026
data,Czech Republic Czech Womens Cup,Czech Republic,Czech Womens Cup,8723,20222023
data,Czech Republic Czech Womens Cup,Czech Republic,Czech Womens Cup,9731,20232024
data,Czech Republic Czech Womens Cup,Czech Republic,Czech Womens Cup,13707,20242025
data,Czech Republic Czech Womens Cup,Czech Republic,Czech Womens Cup,15982,20252026
data,Sweden Division 2 Play-offs,Sweden,Division 2 Play-offs,8789,2022
data,Sweden Division 2 Play-offs,Sweden,Division 2 Play-offs,10822,2023
data,Sweden Division 2 Play-offs,Sweden,Division 2 Play-offs,13709,2024
data,Mexico Copa por Mexico,Mexico,Copa por Mexico,8809,2022
data,Asia AFC U19 Championship,Asia,AFC U19 Championship,8868,2020
data,Ecuador Supercopa de Ecuador,Ecuador,Supercopa de Ecuador,8933,2023
data,Ecuador Supercopa de Ecuador,Ecuador,Supercopa de Ecuador,14066,2025
data,Australia Queensland Pro Series,Australia,Queensland Pro Series,9021,2023
data,Australia Queensland Pro Series,Australia,Queensland Pro Series,11118,2024
data,Australia Queensland Pro Series,Australia,Queensland Pro Series,16176,2025
data,Belarus Super Cup Women,Belarus,Super Cup Women,9148,2023
data,Belarus Super Cup Women,Belarus,Super Cup Women,12256,2024
data,Belarus Super Cup Women,Belarus,Super Cup Women,14358,2025
data,China Super Cup,China,Super Cup,9155,2023
data,China Super Cup,China,Super Cup,11057,2024
data,China Super Cup,China,Super Cup,14073,2025
data,Qatar Emir Cup,Qatar,Emir Cup,9156,2023
data,Qatar Emir Cup,Qatar,Emir Cup,9157,2022
data,Qatar Emir Cup,Qatar,Emir Cup,11531,20232024
data,Qatar Emir Cup,Qatar,Emir Cup,14638,20242025
data,Sweden Ettan North,Sweden,Ettan North,9159,2023
data,Sweden Ettan North,Sweden,Ettan North,11067,2024
data,Sweden Ettan North,Sweden,Ettan North,14070,2025
data,Sweden Ettan South,Sweden,Ettan South,9160,2023
data,Sweden Ettan South,Sweden,Ettan South,11068,2024
data,Sweden Ettan South,Sweden,Ettan South,14075,2025
data,International Arab Club Champions Cup,International,Arab Club Champions Cup,9161,2023
data,Luxembourg Luxembourg Cup,Luxembourg,Luxembourg Cup,9162,20222023
data,Luxembourg Luxembourg Cup,Luxembourg,Luxembourg Cup,10458,20232024
data,Luxembourg Luxembourg Cup,Luxembourg,Luxembourg Cup,13268,20242025
data,Luxembourg Luxembourg Cup,Luxembourg,Luxembourg Cup,15742,20252026
data,Luxembourg 1 Division,Luxembourg,1 Division,9165,20222023
data,Luxembourg 1 Division,Luxembourg,1 Division,10120,20232024
data,Luxembourg 1 Division,Luxembourg,1 Division,12462,20242025
data,Luxembourg 1 Division,Luxembourg,1 Division,15599,20252026
data,Hungary NB II Women,Hungary,NB II Women,9166,20222023
data,Hungary NB II Women,Hungary,NB II Women,10218,20232024
data,Hungary NB II Women,Hungary,NB II Women,12792,20242025
data,Hungary NB II Women,Hungary,NB II Women,15585,20252026
data,Lebanon Cup,Lebanon,Cup,9167,20222023
data,Lebanon Cup,Lebanon,Cup,9605,20232024
data,Lebanon Cup,Lebanon,Cup,15836,20242025
data,New Caledonia Super Ligue,New Caledonia,Super Ligue,9172,2023
data,New Caledonia Super Ligue,New Caledonia,Super Ligue,13180,2024
data,New Caledonia Super Ligue,New Caledonia,Super Ligue,14679,2025
data,Republic of Ireland Munster Senior League,Republic of Ireland,Munster Senior League,9173,20222023
data,Republic of Ireland Munster Senior League,Republic of Ireland,Munster Senior League,10713,20232024
data,Republic of Ireland Munster Senior League,Republic of Ireland,Munster Senior League,13316,20242025
data,Republic of Ireland Munster Senior League,Republic of Ireland,Munster Senior League,15923,20252026
data,Moldova Division A,Moldova,Division A,9174,20222023
data,Moldova Division A,Moldova,Division A,10118,20232024
data,Moldova Division A,Moldova,Division A,10484,20202021
data,Moldova Division A,Moldova,Division A,10654,20212022
data,Moldova Division A,Moldova,Division A,11498,2019
data,Moldova Division A,Moldova,Division A,12480,20242025
data,Moldova Division A,Moldova,Division A,15444,20252026
data,Australia Queensland Premier League 3,Australia,Queensland Premier League 3,9177,2023
data,Australia Queensland Premier League 3,Australia,Queensland Premier League 3,11231,2024
data,Australia Queensland Premier League 3,Australia,Queensland Premier League 3,14065,2025
data,Australia Queensland Womens Super Cup,Australia,Queensland Womens Super Cup,9178,2023
data,Australia Queensland Womens Super Cup,Australia,Queensland Womens Super Cup,11155,2024
data,Australia Queensland Womens Super Cup,Australia,Queensland Womens Super Cup,14436,2025
data,Poland II Liga Women,Poland,II Liga Women,9180,20222023
data,Poland II Liga Women,Poland,II Liga Women,10033,20232024
data,Poland II Liga Women,Poland,II Liga Women,13411,20242025
data,Poland II Liga Women,Poland,II Liga Women,15298,20252026
data,Germany Regional Cup Schleswig Holstein,Germany,Regional Cup Schleswig Holstein,9182,20222023
data,Germany Regional Cup Schleswig Holstein,Germany,Regional Cup Schleswig Holstein,9534,20232024
data,Germany Regional Cup Schleswig Holstein,Germany,Regional Cup Schleswig Holstein,12067,20242025
data,Germany Regional Cup Schleswig Holstein,Germany,Regional Cup Schleswig Holstein,15219,20252026
data,Brazil Copa Rio Women,Brazil,Copa Rio Women,9183,2023
data,Brazil Copa Rio Women,Brazil,Copa Rio Women,11109,2024
data,Brazil Copa Rio Women,Brazil,Copa Rio Women,14213,2025
data,Germany Regionalliga Women West,Germany,Regionalliga Women West,9185,20222023
data,Germany Regionalliga Women West,Germany,Regionalliga Women West,9879,20232024
data,Germany Regionalliga Women West,Germany,Regionalliga Women West,13159,20242025
data,Germany Regionalliga Women West,Germany,Regionalliga Women West,15713,20252026
data,Netherlands Hoofdklasse,Netherlands,Hoofdklasse,9187,20222023
data,Netherlands Hoofdklasse,Netherlands,Hoofdklasse,11377,20232024
data,Netherlands Hoofdklasse,Netherlands,Hoofdklasse,12720,20242025
data,Australia New South Wales NPL 2 Youth,Australia,New South Wales NPL 2 Youth,9250,2023
data,Australia New South Wales NPL 2 Youth,Australia,New South Wales NPL 2 Youth,10967,2024
data,Australia New South Wales NPL 2 Youth,Australia,New South Wales NPL 2 Youth,14007,2025
data,Colombia Liga Femenina,Colombia,Liga Femenina,9252,2023
data,Colombia Liga Femenina,Colombia,Liga Femenina,11235,2024
data,Colombia Liga Femenina,Colombia,Liga Femenina,14239,2025
data,South Africa Diski Challenge,South Africa,Diski Challenge,9255,20222023
data,South Africa Diski Challenge,South Africa,Diski Challenge,10571,20232024
data,South Africa Diski Challenge,South Africa,Diski Challenge,13417,20242025
data,South Africa Diski Challenge,South Africa,Diski Challenge,16007,20252026
data,Denmark Womens Playoffs Divisions 2 3,Denmark,Womens Playoffs Divisions 2 3,9257,20222023
data,Denmark Womens Playoffs Divisions 2 3,Denmark,Womens Playoffs Divisions 2 3,11023,20232024
data,Denmark Womens Playoffs Divisions 2 3,Denmark,Womens Playoffs Divisions 2 3,13993,20242025
data,Portugal Womens Cup,Portugal,Womens Cup,9261,20222023
data,Portugal Womens Cup,Portugal,Womens Cup,10835,20232024
data,Portugal Womens Cup,Portugal,Womens Cup,13677,20242025
data,Portugal Womens Cup,Portugal,Womens Cup,16332,20252026
data,Portugal Campeonato Nacional Feminino,Portugal,Campeonato Nacional Feminino,9262,20222023
data,Portugal Campeonato Nacional Feminino,Portugal,Campeonato Nacional Feminino,9709,20232024
data,Portugal Campeonato Nacional Feminino,Portugal,Campeonato Nacional Feminino,12668,20242025
data,Portugal Campeonato Nacional Feminino,Portugal,Campeonato Nacional Feminino,15959,20252026
data,England U18 Professional Development League,England,U18 Professional Development League,9264,20222023
data,England U18 Professional Development League,England,U18 Professional Development League,10239,20232024
data,England U18 Professional Development League,England,U18 Professional Development League,12839,20242025
data,England U18 Professional Development League,England,U18 Professional Development League,15483,20252026
data,China China League Two,China,China League Two,9265,2023
data,China China League Two,China,China League Two,11386,2024
data,China China League Two,China,China League Two,16203,2025
data,Paraguay Campeonato Femenino,Paraguay,Campeonato Femenino,9269,2023
data,Paraguay Campeonato Femenino,Paraguay,Campeonato Femenino,10922,2024
data,Paraguay Campeonato Femenino,Paraguay,Campeonato Femenino,13919,2025
data,Iceland U19 League B,Iceland,U19 League B,9272,2023
data,Iceland U19 League B,Iceland,U19 League B,11222,2024
data,Iceland U19 League B,Iceland,U19 League B,15907,2025
data,Mexico Liga TDP Group Finals,Mexico,Liga TDP Group Finals,9275,20222023
data,Mexico Liga TDP Group Finals,Mexico,Liga TDP Group Finals,11528,20232024
data,Mexico Liga TDP Group Finals,Mexico,Liga TDP Group Finals,14745,20242025
data,Serbia SuperLiga Women,Serbia,SuperLiga Women,9278,20222023
data,Serbia SuperLiga Women,Serbia,SuperLiga Women,9807,20232024
data,Serbia SuperLiga Women,Serbia,SuperLiga Women,13429,20242025
data,Serbia SuperLiga Women,Serbia,SuperLiga Women,15695,20252026
data,Scotland Lowland League Cup,Scotland,Lowland League Cup,9280,20222023
data,Scotland Lowland League Cup,Scotland,Lowland League Cup,10931,20232024
data,Scotland Lowland League Cup,Scotland,Lowland League Cup,13715,20242025
data,India Womens League,India,Womens League,9282,2023
data,India Womens League,India,Womens League,10754,20232024
data,India Womens League,India,Womens League,13733,20242025
data,Denmark 2nd Division Women,Denmark,2nd Division Women,9285,20222023
data,Denmark 2nd Division Women,Denmark,2nd Division Women,10006,20232024
data,Denmark 2nd Division Women,Denmark,2nd Division Women,12574,20242025
data,Denmark 2nd Division Women,Denmark,2nd Division Women,15127,20252026
data,Malta First Division Women,Malta,First Division Women,9286,20222023
data,Malta First Division Women,Malta,First Division Women,10059,20232024
data,Malta First Division Women,Malta,First Division Women,13004,20242025
data,Malta First Division Women,Malta,First Division Women,15709,20252026
data,Moldova Playoffs 1 2,Moldova,Playoffs 1 2,9300,20222023
data,Moldova Playoffs 1 2,Moldova,Playoffs 1 2,11035,20232024
data,Moldova Playoffs 1 2,Moldova,Playoffs 1 2,14269,20242025
data,Switzerland Womens Playoffs 1 2,Switzerland,Womens Playoffs 1 2,9320,20222023
data,Switzerland Womens Playoffs 1 2,Switzerland,Womens Playoffs 1 2,11493,20232024
data,Switzerland Womens Playoffs 1 2,Switzerland,Womens Playoffs 1 2,14565,20242025
data,Australia FT Australia Cup Preliminary,Australia,FT Australia Cup Preliminary,9321,2023
data,Australia FT Australia Cup Preliminary,Australia,FT Australia Cup Preliminary,11204,2024
data,Australia FT Australia Cup Preliminary,Australia,FT Australia Cup Preliminary,14405,2025
data,Luxembourg Ligue 1 Women,Luxembourg,Ligue 1 Women,9322,20222023
data,Luxembourg Ligue 1 Women,Luxembourg,Ligue 1 Women,10459,20232024
data,Luxembourg Ligue 1 Women,Luxembourg,Ligue 1 Women,13265,20242025
data,Luxembourg Ligue 1 Women,Luxembourg,Ligue 1 Women,15769,20252026
data,International WC Qualification Oceania,International,WC Qualification Oceania,9325,2022
data,International WC Qualification Oceania,International,WC Qualification Oceania,12801,2026
data,Jamaica Cup,Jamaica,Cup,9334,2023
data,Malaysia Malaysia FA Cup,Malaysia,Malaysia FA Cup,9349,2023
data,Malaysia Malaysia FA Cup,Malaysia,Malaysia FA Cup,12004,2024
data,Malaysia Malaysia FA Cup,Malaysia,Malaysia FA Cup,15540,2025
data,Finland Womens Cup,Finland,Womens Cup,9351,2023
data,Finland Womens Cup,Finland,Womens Cup,11441,2024
data,Finland Womens Cup,Finland,Womens Cup,14728,2025
data,Russia 3rd Division Moskva,Russia,3rd Division Moskva,9358,2023
data,Russia 3rd Division Moskva,Russia,3rd Division Moskva,11437,2024
data,Russia 3rd Division Moskva,Russia,3rd Division Moskva,14640,2025
data,Russia 3rd Division Center,Russia,3rd Division Center,9359,2023
data,Russia 3rd Division Center,Russia,3rd Division Center,13637,2024
data,Russia 3rd Division Moskva Oblast,Russia,3rd Division Moskva Oblast,9361,2023
data,Russia 3rd Division Moskva Oblast,Russia,3rd Division Moskva Oblast,11499,2024
data,Russia 3rd Division Moskva Oblast,Russia,3rd Division Moskva Oblast,14591,2025
data,Russia 3rd Division Ural and Western Siberia,Russia,3rd Division Ural and Western Siberia,9363,2023
data,Russia 3rd Division Ural and Western Siberia,Russia,3rd Division Ural and Western Siberia,11490,2024
data,Russia 3rd Division Ural and Western Siberia,Russia,3rd Division Ural and Western Siberia,14606,2025
data,Russia 3rd Division Privolzhye,Russia,3rd Division Privolzhye,9371,2023
data,Russia 3rd Division Privolzhye,Russia,3rd Division Privolzhye,11542,2024
data,Russia 3rd Division Privolzhye,Russia,3rd Division Privolzhye,14672,2025
data,Russia 3rd Division Southern Federal District,Russia,3rd Division Southern Federal District,9373,2023
data,Russia 3rd Division Siberia,Russia,3rd Division Siberia,9375,2023
data,Russia 3rd Division North West,Russia,3rd Division North West,9377,2023
data,Russia 3rd Division North West,Russia,3rd Division North West,11984,2024
data,Russia 3rd Division North West,Russia,3rd Division North West,14649,2025
data,Russia 3rd Division Golden Ring,Russia,3rd Division Golden Ring,9379,2023
data,Russia 3rd Division Golden Ring,Russia,3rd Division Golden Ring,11539,2024
data,Russia 3rd Division Golden Ring,Russia,3rd Division Golden Ring,14774,2025
data,International Elite League U20,International,Elite League U20,9383,20222023
data,International Elite League U20,International,Elite League U20,9384,20212022
data,International Elite League U20,International,Elite League U20,9385,20192020
data,International Elite League U20,International,Elite League U20,10475,20232024
data,International Elite League U20,International,Elite League U20,11432,20242025
data,International Elite League U20,International,Elite League U20,15669,20252026
data,International CAF Super Cup,International,CAF Super Cup,9390,20222023
data,International CAF Super Cup,International,CAF Super Cup,9391,20212022
data,International CAF Super Cup,International,CAF Super Cup,9532,20232024
data,International CAF Super Cup,International,CAF Super Cup,12669,20242025
data,Italy Viareggio Cup,Italy,Viareggio Cup,9393,2023
data,Italy Viareggio Cup,Italy,Viareggio Cup,11219,2024
data,Italy Viareggio Cup,Italy,Viareggio Cup,14543,2025
data,International Gulf Cup of Nations,International,Gulf Cup of Nations,9398,2023
data,International Gulf Cup of Nations,International,Gulf Cup of Nations,13763,2024
data,Asia SAFF Championship,Asia,SAFF Championship,9399,2023
data,International Tournoi Maurice Revello,International,Tournoi Maurice Revello,9401,2023
data,International Tournoi Maurice Revello,International,Tournoi Maurice Revello,11523,2024
data,International Tournoi Maurice Revello,International,Tournoi Maurice Revello,14726,2025
data,International SheBelieves Cup,International,SheBelieves Cup,9404,2023
data,International SheBelieves Cup,International,SheBelieves Cup,11413,2024
data,International SheBelieves Cup,International,SheBelieves Cup,13781,2025
data,International Florida Cup,International,Florida Cup,9406,2023
data,Germany Germany Play offs 5 6,Germany,Germany Play offs 5 6,9432,20222023
data,Germany Germany Play offs 5 6,Germany,Germany Play offs 5 6,12058,20232024
data,Germany Germany Play offs 5 6,Germany,Germany Play offs 5 6,15822,20242025
data,Russia Playoffs 1 2,Russia,Playoffs 1 2,9434,20222023
data,Russia Playoffs 1 2,Russia,Playoffs 1 2,12060,20232024
data,Russia Playoffs 1 2,Russia,Playoffs 1 2,14766,20242025
data,Russia 3rd Division Sankt Peterburg,Russia,3rd Division Sankt Peterburg,9435,2023
data,Russia 3rd Division Sankt Peterburg,Russia,3rd Division Sankt Peterburg,11541,2024
data,Russia 3rd Division Sankt Peterburg,Russia,3rd Division Sankt Peterburg,14675,2025
data,Ukraine Playoffs 1 2,Ukraine,Playoffs 1 2,9438,20222023
data,Ukraine Playoffs 1 2,Ukraine,Playoffs 1 2,12029,20232024
data,Ukraine Playoffs 1 2,Ukraine,Playoffs 1 2,14764,20242025
data,Ukraine Playoffs 2 3,Ukraine,Playoffs 2 3,9439,20222023
data,Ukraine Playoffs 2 3,Ukraine,Playoffs 2 3,12052,20232024
data,Ukraine Playoffs 2 3,Ukraine,Playoffs 2 3,16077,20242025
data,Portugal Womens Playoffs 1 2,Portugal,Womens Playoffs 1 2,9441,20222023
data,Portugal Womens Playoffs 1 2,Portugal,Womens Playoffs 1 2,11993,20232024
data,Portugal Womens Playoffs 1 2,Portugal,Womens Playoffs 1 2,14720,20242025
data,Croatia Playoffs 2 3,Croatia,Playoffs 2 3,9442,20222023
data,Croatia Playoffs 2 3,Croatia,Playoffs 2 3,12082,20232024
data,Croatia Playoffs 3 4,Croatia,Playoffs 3 4,9443,20222023
data,Croatia Playoffs 3 4,Croatia,Playoffs 3 4,12080,20232024
data,Uzbekistan Cup,Uzbekistan,Cup,9446,2023
data,Uzbekistan Cup,Uzbekistan,Cup,11416,2024
data,Uzbekistan Cup,Uzbekistan,Cup,14532,2025
data,Romania 3 Liga Final Stages,Romania,3 Liga Final Stages,9454,20222023
data,Romania 3 Liga Final Stages,Romania,3 Liga Final Stages,11997,20232024
data,Romania 3 Liga Final Stages,Romania,3 Liga Final Stages,14738,20242025
data,Hungary Playoffs 2 3,Hungary,Playoffs 2 3,9456,20222023
data,Albania Playoffs 2 3,Albania,Playoffs 2 3,9457,20222023
data,Albania Playoffs 2 3,Albania,Playoffs 2 3,11990,20232024
data,Albania Playoffs 2 3,Albania,Playoffs 2 3,14657,20242025
data,Albania Playoffs 1 2,Albania,Playoffs 1 2,9458,20222023
data,Albania Playoffs 1 2,Albania,Playoffs 1 2,11991,20232024
data,Albania Playoffs 1 2,Albania,Playoffs 1 2,14678,20242025
data,Bahrain Playoffs 1 2,Bahrain,Playoffs 1 2,9459,20222023
data,Bahrain Playoffs 1 2,Bahrain,Playoffs 1 2,12015,20232024
data,Bahrain Playoffs 1 2,Bahrain,Playoffs 1 2,14788,20242025
data,Bolivia Playoffs 1 2,Bolivia,Playoffs 1 2,9460,2022
data,Bolivia Playoffs 1 2,Bolivia,Playoffs 1 2,11201,2023
data,Chile Playoffs 1 2,Chile,Playoffs 1 2,9461,2021
data,Croatia Womens Playoffs 1 2,Croatia,Womens Playoffs 1 2,9464,20222023
data,Croatia Womens Playoffs 1 2,Croatia,Womens Playoffs 1 2,12394,20232024
data,Croatia Womens Playoffs 1 2,Croatia,Womens Playoffs 1 2,15613,20242025
data,Czech Republic Playoffs 1 2,Czech Republic,Playoffs 1 2,9465,20222023
data,Czech Republic Playoffs 1 2,Czech Republic,Playoffs 1 2,12030,20232024
data,Czech Republic Playoffs 1 2,Czech Republic,Playoffs 1 2,14777,20242025
data,Estonia Playoffs 1 2,Estonia,Playoffs 1 2,9466,2022
data,Estonia Playoffs 1 2,Estonia,Playoffs 1 2,10860,2023
data,Estonia Playoffs 1 2,Estonia,Playoffs 1 2,13744,2024
data,Estonia Playoffs 2 3,Estonia,Playoffs 2 3,9467,2022
data,Estonia Playoffs 2 3,Estonia,Playoffs 2 3,10865,2023
data,Estonia Playoffs 2 3,Estonia,Playoffs 2 3,13739,2024
data,Estonia Playoffs 3 4,Estonia,Playoffs 3 4,9468,2022
data,Estonia Playoffs 3 4,Estonia,Playoffs 3 4,10868,2023
data,Estonia Playoffs 3 4,Estonia,Playoffs 3 4,13769,2024
data,Finland Playoffs 1 2,Finland,Playoffs 1 2,9469,2022
data,Finland Playoffs 1 2,Finland,Playoffs 1 2,10810,2023
data,Finland Playoffs 1 2,Finland,Playoffs 1 2,13705,2024
data,Uzbekistan Playoffs 1 2,Uzbekistan,Playoffs 1 2,9470,2022
data,Uzbekistan Playoffs 1 2,Uzbekistan,Playoffs 1 2,11185,2023
data,Uzbekistan Playoffs 1 2,Uzbekistan,Playoffs 1 2,13825,2024
data,Vietnam Playoffs 1 2,Vietnam,Playoffs 1 2,9471,2019
data,Vietnam Playoffs 1 2,Vietnam,Playoffs 1 2,12943,20232024
data,Estonia Womens Playoffs 1 2,Estonia,Womens Playoffs 1 2,9473,2022
data,Estonia Womens Playoffs 1 2,Estonia,Womens Playoffs 1 2,11195,2023
data,Estonia Womens Playoffs 1 2,Estonia,Womens Playoffs 1 2,13743,2024
data,Georgia Playoffs 1 2,Georgia,Playoffs 1 2,9474,2022
data,Georgia Playoffs 1 2,Georgia,Playoffs 1 2,10904,2023
data,Georgia Playoffs 1 2,Georgia,Playoffs 1 2,13901,2024
data,Georgia Playoffs 2 3,Georgia,Playoffs 2 3,9475,2022
data,Georgia Playoffs 2 3,Georgia,Playoffs 2 3,10903,2023
data,Georgia Playoffs 2 3,Georgia,Playoffs 2 3,13893,2024
data,Thailand Womens Playoffs 1 2,Thailand,Womens Playoffs 1 2,9477,2022
data,Thailand Womens Playoffs 1 2,Thailand,Womens Playoffs 1 2,10699,2023
data,Japan Playoffs 1 2,Japan,Playoffs 1 2,9478,2022
data,Switzerland Playoffs 2 3,Switzerland,Playoffs 2 3,9480,20222023
data,Switzerland Playoffs 1 2,Switzerland,Playoffs 1 2,9481,20222023
data,Switzerland Playoffs 1 2,Switzerland,Playoffs 1 2,12020,20232024
data,Switzerland Playoffs 1 2,Switzerland,Playoffs 1 2,14763,20242025
data,Sweden Playoffs 1 2,Sweden,Playoffs 1 2,9482,2022
data,Sweden Playoffs 1 2,Sweden,Playoffs 1 2,10855,2023
data,Sweden Playoffs 1 2,Sweden,Playoffs 1 2,13747,2024
data,Sweden Playoffs 2 3,Sweden,Playoffs 2 3,9483,2022
data,Sweden Playoffs 2 3,Sweden,Playoffs 2 3,10856,2023
data,Sweden Playoffs 2 3,Sweden,Playoffs 2 3,13767,2024
data,Sweden Playoffs 3 4,Sweden,Playoffs 3 4,9484,2022
data,Sweden Playoffs 3 4,Sweden,Playoffs 3 4,10859,2023
data,Sweden Playoffs 3 4,Sweden,Playoffs 3 4,13753,2024
data,Sweden Womens Playoffs 1 2,Sweden,Womens Playoffs 1 2,9485,2022
data,Sweden Womens Playoffs 1 2,Sweden,Womens Playoffs 1 2,11186,2023
data,Sweden Womens Playoffs 1 2,Sweden,Womens Playoffs 1 2,13738,2024
data,Kenya Playoffs 1 2,Kenya,Playoffs 1 2,9489,20212022
data,Kenya Playoffs 1 2,Kenya,Playoffs 1 2,9764,20222023
data,Kenya Playoffs 1 2,Kenya,Playoffs 1 2,12531,20232024
data,Kenya Playoffs 1 2,Kenya,Playoffs 1 2,16278,20242025
data,Paraguay Playoffs 1 2,Paraguay,Playoffs 1 2,9490,2021
data,Italy Womens Playoffs 1 2,Italy,Womens Playoffs 1 2,9492,20222023
data,Italy Womens Playoffs 1 2,Italy,Womens Playoffs 1 2,12022,20232024
data,Faroe Islands Playoffs 1 2,Faroe Islands,Playoffs 1 2,9493,2020
data,Israel Play Offs 3rd Division,Israel,Play Offs 3rd Division,9494,20222023
data,Israel Play Offs 3rd Division,Israel,Play Offs 3rd Division,11954,20232024
data,South Korea Playoffs 1 2,South Korea,Playoffs 1 2,9496,2022
data,South Korea Playoffs 1 2,South Korea,Playoffs 1 2,10883,2023
data,South Korea Playoffs 3 4,South Korea,Playoffs 3 4,9497,2022
data,South Korea Playoffs 3 4,South Korea,Playoffs 3 4,11202,2023
data,Kosovo Playoffs 1 2,Kosovo,Playoffs 1 2,9498,20222023
data,Kosovo Playoffs 1 2,Kosovo,Playoffs 1 2,12040,20232024
data,Kosovo Playoffs 1 2,Kosovo,Playoffs 1 2,14787,20242025
data,Saudi Arabia Playoffs 1 2,Saudi Arabia,Playoffs 1 2,9500,20182019
data,Scotland Womens Playoffs 1 2,Scotland,Womens Playoffs 1 2,9503,20222023
data,Scotland Womens Playoffs 1 2,Scotland,Womens Playoffs 1 2,11971,20232024
data,Scotland Womens Playoffs 2 3,Scotland,Womens Playoffs 2 3,9504,20222023
data,Scotland Womens Playoffs 2 3,Scotland,Womens Playoffs 2 3,11974,20232024
data,Scotland Womens Playoffs 2 3,Scotland,Womens Playoffs 2 3,14741,20242025
data,Republic of Ireland Playoffs 1 2,Republic of Ireland,Playoffs 1 2,9506,2022
data,Republic of Ireland Playoffs 1 2,Republic of Ireland,Playoffs 1 2,11922,2023
data,Republic of Ireland Playoffs 1 2,Republic of Ireland,Playoffs 1 2,13726,2024
data,Netherlands Womens Playoffs 2 3,Netherlands,Womens Playoffs 2 3,9509,20222023
data,Netherlands Womens Playoffs 2 3,Netherlands,Womens Playoffs 2 3,12025,20232024
data,Qatar Playoffs 1 2,Qatar,Playoffs 1 2,9510,20222023
data,Qatar Playoffs 1 2,Qatar,Playoffs 1 2,11537,20232024
data,Qatar Playoffs 1 2,Qatar,Playoffs 1 2,14644,20242025
data,Portugal Playoffs 1 2,Portugal,Playoffs 1 2,9511,20222023
data,Portugal Playoffs 1 2,Portugal,Playoffs 1 2,11996,20232024
data,Portugal Playoffs 1 2,Portugal,Playoffs 1 2,14744,20242025
data,Portugal Playoffs 2 3,Portugal,Playoffs 2 3,9512,20222023
data,Portugal Playoffs 2 3,Portugal,Playoffs 2 3,11994,20232024
data,Portugal Playoffs 2 3,Portugal,Playoffs 2 3,14749,20242025
data,Peru Playoffs 1 2,Peru,Playoffs 1 2,9513,2022
data,Norway Playoffs 1 2,Norway,Playoffs 1 2,9514,2022
data,Norway Playoffs 1 2,Norway,Playoffs 1 2,10910,2023
data,Norway Playoffs 1 2,Norway,Playoffs 1 2,13843,2024
data,Norway Playoffs 2 3,Norway,Playoffs 2 3,9515,2022
data,Norway Playoffs 2 3,Norway,Playoffs 2 3,10862,2023
data,Norway Playoffs 2 3,Norway,Playoffs 2 3,13735,2024
data,Nicaragua Playoffs 1 2,Nicaragua,Playoffs 1 2,9517,20222023
data,Nicaragua Playoffs 1 2,Nicaragua,Playoffs 1 2,12047,20232024
data,Nicaragua Playoffs 1 2,Nicaragua,Playoffs 1 2,14767,20242025
data,Northern Ireland Playoffs 2 3,Northern Ireland,Playoffs 2 3,9518,20222023
data,Northern Ireland Playoffs 2 3,Northern Ireland,Playoffs 2 3,11546,20232024
data,Northern Ireland Playoffs 2 3,Northern Ireland,Playoffs 2 3,14681,20242025
data,FYR Macedonia Playoffs 1 2,FYR Macedonia,Playoffs 1 2,9519,20222023
data,FYR Macedonia Playoffs 1 2,FYR Macedonia,Playoffs 1 2,12291,20232024
data,FYR Macedonia Playoffs 1 2,FYR Macedonia,Playoffs 1 2,14758,20242025
data,Latvia Playoffs 1 2,Latvia,Playoffs 1 2,9520,2022
data,Latvia Playoffs 1 2,Latvia,Playoffs 1 2,11197,2023
data,Latvia Playoffs 1 2,Latvia,Playoffs 1 2,13741,2024
data,Lithuania Playoffs 1 2,Lithuania,Playoffs 1 2,9521,2022
data,Lithuania Playoffs 1 2,Lithuania,Playoffs 1 2,11198,2023
data,Lithuania Playoffs 1 2,Lithuania,Playoffs 1 2,13766,2024
data,Luxembourg Playoffs 1 2,Luxembourg,Playoffs 1 2,9522,20222023
data,Luxembourg Playoffs 1 2,Luxembourg,Playoffs 1 2,12034,20232024
data,Luxembourg Playoffs 1 2,Luxembourg,Playoffs 1 2,14769,20242025
data,Luxembourg Playoffs 2 3,Luxembourg,Playoffs 2 3,9523,20222023
data,Luxembourg Playoffs 2 3,Luxembourg,Playoffs 2 3,12037,20232024
data,Luxembourg Playoffs 2 3,Luxembourg,Playoffs 2 3,14772,20242025
data,Malta Playoffs 1 2,Malta,Playoffs 1 2,9524,20222023
data,International CAFA Nations Cup,International,CAFA Nations Cup,9540,2023
data,International CAFA Nations Cup,International,CAFA Nations Cup,15622,2025
data,Costa Rica Supercopa,Costa Rica,Supercopa,9798,20232024
data,Costa Rica Supercopa,Costa Rica,Supercopa,12049,20242025
data,Japan J League World Challenge,Japan,J League World Challenge,9815,2023
data,England Premier League Summer Series,England,Premier League Summer Series,9816,2023
data,England Premier League Summer Series,England,Premier League Summer Series,15340,2025
data,Brunei Darussalam Super League,Brunei Darussalam,Super League,9819,2023
data,Brunei Darussalam Super League,Brunei Darussalam,Super League,13375,2024
data,Mexico U23 League,Mexico,U23 League,9820,20232024
data,Mexico U23 League,Mexico,U23 League,12418,20242025
data,International Womens Olympic Qualifying CAF,International,Womens Olympic Qualifying CAF,9823,2024
data,USA Leagues Cup,USA,Leagues Cup,9824,2023
data,USA Leagues Cup,USA,Leagues Cup,12945,2024
data,USA Leagues Cup,USA,Leagues Cup,15516,2025
data,Slovakia 4 Liga East,Slovakia,4 Liga East,9838,20222023
data,Slovakia 4 Liga East,Slovakia,4 Liga East,10060,20232024
data,Slovakia 4 Liga East,Slovakia,4 Liga East,12766,20242025
data,Slovakia 4 Liga East,Slovakia,4 Liga East,15290,20252026
data,Slovakia 4 Liga Bratislava,Slovakia,4 Liga Bratislava,9839,20222023
data,Slovakia 4 Liga Bratislava,Slovakia,4 Liga Bratislava,10062,20232024
data,Slovakia 4 Liga Bratislava,Slovakia,4 Liga Bratislava,12769,20242025
data,Slovakia 4 Liga Bratislava,Slovakia,4 Liga Bratislava,15293,20252026
data,Slovakia 4 Liga Center,Slovakia,4 Liga Center,9841,20222023
data,Slovakia 4 Liga Center,Slovakia,4 Liga Center,10061,20232024
data,Slovakia 4 Liga Center,Slovakia,4 Liga Center,12750,20242025
data,Slovakia 4 Liga Center,Slovakia,4 Liga Center,15101,20252026
data,Slovakia 4 Liga West,Slovakia,4 Liga West,9843,20222023
data,Slovakia 4 Liga West,Slovakia,4 Liga West,10063,20232024
data,Slovakia 4 Liga West,Slovakia,4 Liga West,12755,20242025
data,Slovakia 4 Liga West,Slovakia,4 Liga West,15294,20252026
data,USA NISA Independent Cup,USA,NISA Independent Cup,9845,2023
data,USA NISA Independent Cup,USA,NISA Independent Cup,12717,2024
data,International Pan Arab Games,International,Pan Arab Games,9848,2023
data,Russia Womens Cup,Russia,Womens Cup,9850,2023
data,Russia Womens Cup,Russia,Womens Cup,11489,2024
data,Russia Womens Cup,Russia,Womens Cup,16199,2025
data,Ecuador Superliga Femenina,Ecuador,Superliga Femenina,9852,2023
data,Ecuador Superliga Femenina,Ecuador,Superliga Femenina,11434,2024
data,Ecuador Superliga Femenina,Ecuador,Superliga Femenina,14421,2025
data,New Zealand Womens Cup,New Zealand,Womens Cup,9854,2023
data,New Zealand Womens Cup,New Zealand,Womens Cup,11445,2024
data,New Zealand Womens Cup,New Zealand,Womens Cup,16219,2025
data,New Zealand National Womens League,New Zealand,National Womens League,9855,2022
data,New Zealand National Womens League,New Zealand,National Womens League,10671,2023
data,New Zealand National Womens League,New Zealand,National Womens League,13609,2024
data,New Zealand National Womens League,New Zealand,National Womens League,14550,2025
data,International CAF U23 Cup of Nations,International,CAF U23 Cup of Nations,9857,2023
data,Australia Queensland PL Youth,Australia,Queensland PL Youth,9859,2023
data,Australia Queensland PL Youth,Australia,Queensland PL Youth,11099,2024
data,Australia Queensland PL Youth,Australia,Queensland PL Youth,16161,2025
data,Kazakhstan Womens Championship,Kazakhstan,Womens Championship,9861,2023
data,Kazakhstan Womens Championship,Kazakhstan,Womens Championship,11429,2024
data,Kazakhstan Womens Championship,Kazakhstan,Womens Championship,14466,2025
data,Brazil Copa Gaucha,Brazil,Copa Gaucha,9863,2023
data,Brazil Copa Gaucha,Brazil,Copa Gaucha,13329,2024
data,Brazil Copa Gaucha,Brazil,Copa Gaucha,15962,2025
data,Brazil Copa Fares Lopes,Brazil,Copa Fares Lopes,9865,2023
data,Brazil Copa Fares Lopes,Brazil,Copa Fares Lopes,13647,2024
data,Iceland 2 Deild Women,Iceland,2 Deild Women,9867,2023
data,Iceland 2 Deild Women,Iceland,2 Deild Women,11166,2024
data,Iceland 2 Deild Women,Iceland,2 Deild Women,16330,2025
data,International UEFA CONMEBOL Club Challenge,International,UEFA CONMEBOL Club Challenge,9868,2023
data,Bolivia Copa de la División Profesional,Bolivia,Copa de la División Profesional,9869,2023
data,Bolivia Copa de la División Profesional,Bolivia,Copa de la División Profesional,16222,2025
data,USA MLS All Star,USA,MLS All Star,9900,2023
data,USA MLS All Star,USA,MLS All Star,12965,2024
data,USA MLS All Star,USA,MLS All Star,14551,2025
data,Hungary NB 3 Northwest,Hungary,NB 3 Northwest,9935,20232024
data,Hungary NB 3 Northwest,Hungary,NB 3 Northwest,12852,20242025
data,Hungary NB 3 Northwest,Hungary,NB 3 Northwest,15420,20252026
data,Hungary NB 3 Northeast,Hungary,NB 3 Northeast,9939,20232024
data,Hungary NB 3 Northeast,Hungary,NB 3 Northeast,12867,20242025
data,Hungary NB 3 Northeast,Hungary,NB 3 Northeast,15395,20252026
data,Hungary NB 3 Southeast,Hungary,NB 3 Southeast,9940,20232024
data,Hungary NB 3 Southeast,Hungary,NB 3 Southeast,12847,20242025
data,Hungary NB 3 Southeast,Hungary,NB 3 Southeast,15418,20252026
data,Austria Regionalliga Ost,Austria,Regionalliga Ost,9956,20232024
data,Austria Regionalliga Ost,Austria,Regionalliga Ost,12602,20242025
data,Austria Regionalliga Ost,Austria,Regionalliga Ost,14959,20252026
data,Austria Regionalliga West,Austria,Regionalliga West,9958,20232024
data,Austria Regionalliga West,Austria,Regionalliga West,12506,20242025
data,Austria Regionalliga West,Austria,Regionalliga West,14938,20252026
data,Austria SFV Cup,Austria,SFV Cup,9988,20232024
data,Austria SFV Cup,Austria,SFV Cup,12500,20242025
data,Austria SFV Cup,Austria,SFV Cup,15363,20252026
data,Austria Regionalliga Mitte,Austria,Regionalliga Mitte,9989,20232024
data,Austria Regionalliga Mitte,Austria,Regionalliga Mitte,12510,20242025
data,Austria Regionalliga Mitte,Austria,Regionalliga Mitte,14955,20252026
data,France National 3 Group G,France,National 3 Group G,10178,20232024
data,France National 3 Group G,France,National 3 Group G,12916,20242025
data,France National 3 Group G,France,National 3 Group G,15494,20252026
data,England Womens National League Division One South East,England,Womens National League Division One South East,10191,20232024
data,England Womens National League Division One South East,England,Womens National League Division One South East,12700,20242025
data,England Womens National League Division One South East,England,Womens National League Division One South East,15378,20252026
data,England Womens National League Division North,England,Womens National League Division North,10196,20232024
data,England Womens National League Division North,England,Womens National League Division North,12716,20242025
data,England Womens National League Division North,England,Womens National League Division North,15376,20252026
data,England Womens National League Division Midlands,England,Womens National League Division Midlands,10197,20232024
data,England Womens National League Division Midlands,England,Womens National League Division Midlands,12757,20242025
data,England Womens National League Division Midlands,England,Womens National League Division Midlands,15359,20252026
data,England Womens National League Division One South West,England,Womens National League Division One South West,10198,20232024
data,England Womens National League Division One South West,England,Womens National League Division One South West,12705,20242025
data,England Womens National League Division One South West,England,Womens National League Division One South West,15370,20252026
data,England Womens National League Premier Division North,England,Womens National League Premier Division North,10199,20232024
data,England Womens National League Premier Division North,England,Womens National League Premier Division North,12712,20242025
data,England Womens National League Premier Division North,England,Womens National League Premier Division North,15331,20252026
data,England Womens National League Premier Division South,England,Womens National League Premier Division South,10200,20232024
data,England Womens National League Premier Division South,England,Womens National League Premier Division South,12692,20242025
data,England Womens National League Premier Division South,England,Womens National League Premier Division South,15847,20252026
data,Hungary NB 3 Southwest,Hungary,NB 3 Southwest,10281,20232024
data,Hungary NB 3 Southwest,Hungary,NB 3 Southwest,12844,20242025
data,Hungary NB 3 Southwest,Hungary,NB 3 Southwest,15388,20252026
data,Poland 3 Liga Group 1,Poland,3 Liga Group 1,10286,20232024
data,Poland 3 Liga Group 1,Poland,3 Liga Group 1,12563,20242025
data,Poland 3 Liga Group 1,Poland,3 Liga Group 1,15185,20252026
data,Poland 3 Liga Group 2,Poland,3 Liga Group 2,10287,20232024
data,Poland 3 Liga Group 2,Poland,3 Liga Group 2,12549,20242025
data,Poland 3 Liga Group 2,Poland,3 Liga Group 2,15180,20252026
data,Poland 3 Liga Group 3,Poland,3 Liga Group 3,10288,20232024
data,Poland 3 Liga Group 3,Poland,3 Liga Group 3,12559,20242025
data,Poland 3 Liga Group 3,Poland,3 Liga Group 3,15160,20252026
data,Poland 3 Liga Group 4,Poland,3 Liga Group 4,10289,20232024
data,Poland 3 Liga Group 4,Poland,3 Liga Group 4,12562,20242025
data,Poland 3 Liga Group 4,Poland,3 Liga Group 4,15158,20252026
data,Poland 4 Liga Śląska II,Poland,4 Liga Śląska II,10317,20232024
data,Poland 4 Liga Śląska I,Poland,4 Liga Śląska I,10320,20232024
data,Poland 4 Liga Śląska I,Poland,4 Liga Śląska I,12885,20242025
data,Poland 4 Liga Śląska I,Poland,4 Liga Śląska I,15394,20252026
data,Belgium Womens Cup,Belgium,Womens Cup,10389,20232024
data,Belgium Womens Cup,Belgium,Womens Cup,13158,20242025
data,Belgium Womens Cup,Belgium,Womens Cup,15321,20252026
data,Argentina Copa Santa Fe,Argentina,Copa Santa Fe,10393,2023
data,Argentina Copa Santa Fe,Argentina,Copa Santa Fe,12427,2024
data,Argentina Copa Santa Fe,Argentina,Copa Santa Fe,16310,2025
data,Denmark Womens Cup,Denmark,Womens Cup,10396,20232024
data,Denmark Womens Cup,Denmark,Womens Cup,13110,20242025
data,Denmark Womens Cup,Denmark,Womens Cup,15871,20252026
data,Germany Regional Cup Berlin,Germany,Regional Cup Berlin,10397,20232024
data,Germany Regional Cup Berlin,Germany,Regional Cup Berlin,13112,20242025
data,Germany Regional Cup Berlin,Germany,Regional Cup Berlin,15445,20252026
data,Germany Regional Cup Thüringen,Germany,Regional Cup Thüringen,10400,20232024
data,Germany Regional Cup Thüringen,Germany,Regional Cup Thüringen,13029,20242025
data,Germany Regional Cup Thüringen,Germany,Regional Cup Thüringen,15834,20252026
data,Hungary Womens Cup,Hungary,Womens Cup,10404,20232024
data,Hungary Womens Cup,Hungary,Womens Cup,12765,20242025
data,Hungary Womens Cup,Hungary,Womens Cup,15512,20252026
data,Spain Copa Catalunya,Spain,Copa Catalunya,10405,20232024
data,Spain Copa Catalunya,Spain,Copa Catalunya,13697,20242025
data,Switzerland 2. Liga Interregional Cup,Switzerland,2. Liga Interregional Cup,10407,20232024
data,Switzerland 2. Liga Interregional Cup,Switzerland,2. Liga Interregional Cup,12578,20242025
data,Switzerland 2. Liga Interregional Cup,Switzerland,2. Liga Interregional Cup,15271,20252026
data,Russia Second League A,Russia,Second League A,10415,20232024
data,Russia Second League A,Russia,Second League A,12745,20242025
data,Russia Second League A,Russia,Second League A,15172,20252026
data,Russia Second League B Group 1,Russia,Second League B Group 1,10417,2023
data,Russia Second League B Group 1,Russia,Second League B Group 1,11395,2024
data,Russia Second League B Group 1,Russia,Second League B Group 1,14496,2025
data,Russia Second League B Group 2,Russia,Second League B Group 2,10421,2023
data,Russia Second League B Group 2,Russia,Second League B Group 2,11396,2024
data,Russia Second League B Group 2,Russia,Second League B Group 2,14501,2025
data,Russia Second League B Group 3,Russia,Second League B Group 3,10422,2023
data,Russia Second League B Group 3,Russia,Second League B Group 3,11394,2024
data,Russia Second League B Group 3,Russia,Second League B Group 3,14495,2025
data,Russia Second League B Group 4,Russia,Second League B Group 4,10423,2023
data,Russia Second League B Group 4,Russia,Second League B Group 4,11399,2024
data,Russia Second League B Group 4,Russia,Second League B Group 4,14502,2025
data,Germany State Leagues Berlin,Germany,State Leagues Berlin,10425,20232024
data,Germany State Leagues Berlin,Germany,State Leagues Berlin,13169,20242025
data,Germany State Leagues Saarland,Germany,State Leagues Saarland,10427,20232024
data,Germany State Leagues Saarland,Germany,State Leagues Saarland,12866,20242025
data,Germany State Leagues Saarland,Germany,State Leagues Saarland,15295,20252026
data,Germany State Leagues Bremen,Germany,State Leagues Bremen,10429,20232024
data,Germany State Leagues Bremen,Germany,State Leagues Bremen,13290,20242025
data,Germany State Leagues Lüneburg,Germany,State Leagues Lüneburg,10434,20232024
data,Germany State Leagues Lüneburg,Germany,State Leagues Lüneburg,13097,20242025
data,Germany State Leagues Südbaden,Germany,State Leagues Südbaden,10437,20232024
data,Germany State Leagues Südbaden,Germany,State Leagues Südbaden,13176,20242025
data,Germany State Leagues Südbaden,Germany,State Leagues Südbaden,15266,20252026
data,Germany State Leagues Rheinland,Germany,State Leagues Rheinland,10438,20232024
data,Germany State Leagues Rheinland,Germany,State Leagues Rheinland,13213,20242025
data,Germany State Leagues Rheinland,Germany,State Leagues Rheinland,15289,20252026
data,Germany State Leagues Mecklenburg Vorpommern,Germany,State Leagues Mecklenburg Vorpommern,10449,20232024
data,Germany State Leagues Mecklenburg Vorpommern,Germany,State Leagues Mecklenburg Vorpommern,13426,20242025
data,Germany State Leagues Mecklenburg Vorpommern,Germany,State Leagues Mecklenburg Vorpommern,15288,20252026
data,Israel Liga Alef North,Israel,Liga Alef North,10476,20232024
data,Israel Liga Alef North,Israel,Liga Alef North,13348,20242025
data,Israel Liga Alef North,Israel,Liga Alef North,15831,20252026
data,Israel Liga Alef South,Israel,Liga Alef South,10477,20232024
data,Israel Liga Alef South,Israel,Liga Alef South,13350,20242025
data,Israel Liga Alef South,Israel,Liga Alef South,15823,20252026
data,Italy Serie B Women,Italy,Serie B Women,10479,20232024
data,Italy Serie B Women,Italy,Serie B Women,10480,20222023
data,Italy Serie B Women,Italy,Serie B Women,13080,20242025
data,Italy Serie B Women,Italy,Serie B Women,15761,20252026
data,Slovenia 1 Womens Liga,Slovenia,1 Womens Liga,10483,20232024
data,Slovenia 1 Womens Liga,Slovenia,1 Womens Liga,13014,20242025
data,Slovenia 1 Womens Liga,Slovenia,1 Womens Liga,15190,20252026
data,Germany State Leagues Bayern Mitte,Germany,State Leagues Bayern Mitte,10497,20232024
data,Germany State Leagues Bayern Mitte,Germany,State Leagues Bayern Mitte,12761,20242025
data,Germany State Leagues Bayern Mitte,Germany,State Leagues Bayern Mitte,15308,20252026
data,Germany State Leagues Bayern Nordost,Germany,State Leagues Bayern Nordost,10499,20232024
data,Germany State Leagues Bayern Nordost,Germany,State Leagues Bayern Nordost,12870,20242025
data,Germany State Leagues Bayern Nordost,Germany,State Leagues Bayern Nordost,15284,20252026
data,Germany State Leagues Bayern Nordwest,Germany,State Leagues Bayern Nordwest,10501,20232024
data,Germany State Leagues Bayern Nordwest,Germany,State Leagues Bayern Nordwest,12850,20242025
data,Germany State Leagues Bayern Nordwest,Germany,State Leagues Bayern Nordwest,15275,20252026
data,Germany State Leagues Bayern Südost,Germany,State Leagues Bayern Südost,10517,20232024
data,Germany State Leagues Bayern Südost,Germany,State Leagues Bayern Südost,12871,20242025
data,Germany State Leagues Bayern Südost,Germany,State Leagues Bayern Südost,15285,20252026
data,Germany State Leagues Bayern Südwest,Germany,State Leagues Bayern Südwest,10520,20232024
data,Germany State Leagues Bayern Südwest,Germany,State Leagues Bayern Südwest,12861,20242025
data,Germany State Leagues Bayern Südwest,Germany,State Leagues Bayern Südwest,15306,20252026
data,Spain Primera Division RFEF Group 1,Spain,Primera Division RFEF Group 1,10529,20232024
data,Spain Primera Division RFEF Group 1,Spain,Primera Division RFEF Group 1,13211,20242025
data,Spain Primera Division RFEF Group 1,Spain,Primera Division RFEF Group 1,15103,20252026
data,Spain Primera Division RFEF Group 2,Spain,Primera Division RFEF Group 2,10530,20232024
data,Spain Primera Division RFEF Group 2,Spain,Primera Division RFEF Group 2,13197,20242025
data,Spain Primera Division RFEF Group 2,Spain,Primera Division RFEF Group 2,15143,20252026
data,Qatar QFA Cup,Qatar,QFA Cup,10552,20232024
data,Australia NSW Playoffs 2 3,Australia,NSW Playoffs 2 3,10600,2023
data,Australia NSW Playoffs 2 3,Australia,NSW Playoffs 2 3,13388,2024
data,Australia NSW Playoffs 2 3,Australia,NSW Playoffs 2 3,15990,2025
data,Australia NSW Playoffs 1 2,Australia,NSW Playoffs 1 2,10601,2023
data,Australia NSW Playoffs 1 2,Australia,NSW Playoffs 1 2,13398,2024
data,Australia NSW Playoffs 1 2,Australia,NSW Playoffs 1 2,16027,2025
data,International AFC U23 Asian Cup Qualification,International,AFC U23 Asian Cup Qualification,10603,2024
data,International AFC U23 Asian Cup Qualification,International,AFC U23 Asian Cup Qualification,15918,2026
data,Japan WE League Cup,Japan,WE League Cup,10606,2023
data,Japan WE League Cup,Japan,WE League Cup,12778,20242025
data,Czech Republic 2 Liga Women,Czech Republic,2 Liga Women,10609,20232024
data,Czech Republic 2 Liga Women,Czech Republic,2 Liga Women,12516,20242025
data,Czech Republic 2 Liga Women,Czech Republic,2 Liga Women,15292,20252026
data,International Olympic Qualifying Oceania,International,Olympic Qualifying Oceania,10611,2024
data,Italy Primavera 2 Women,Italy,Primavera 2 Women,10613,20232024
data,Italy Primavera 2 Women,Italy,Primavera 2 Women,13261,20242025
data,Italy Primavera 2 Women,Italy,Primavera 2 Women,15749,20252026
data,Europe UEFA U21 Championship Qualification,Europe,UEFA U21 Championship Qualification,10614,2025
data,Europe UEFA U21 Championship Qualification,Europe,UEFA U21 Championship Qualification,14214,2027
data,Germany State Leagues Mittelrhein 1,Germany,State Leagues Mittelrhein 1,10617,20232024
data,Germany State Leagues Mittelrhein 1,Germany,State Leagues Mittelrhein 1,13384,20242025
data,Germany Regional Cup Sachsen,Germany,Regional Cup Sachsen,10618,20232024
data,Germany Regional Cup Sachsen,Germany,Regional Cup Sachsen,13332,20242025
data,Germany Regional Cup Sachsen,Germany,Regional Cup Sachsen,15220,20252026
data,Germany State Leagues Westfalen 1,Germany,State Leagues Westfalen 1,10629,20232024
data,Germany State Leagues Westfalen 1,Germany,State Leagues Westfalen 1,13449,20242025
data,Germany State Leagues Westfalen 1,Germany,State Leagues Westfalen 1,15978,20252026
data,Germany State Leagues Westfalen 2,Germany,State Leagues Westfalen 2,10631,20232024
data,Germany State Leagues Westfalen 2,Germany,State Leagues Westfalen 2,13571,20242025
data,Germany State Leagues Westfalen 2,Germany,State Leagues Westfalen 2,15977,20252026
data,Germany State Leagues Mittelrhein 2,Germany,State Leagues Mittelrhein 2,10634,20232024
data,Germany State Leagues Mittelrhein 2,Germany,State Leagues Mittelrhein 2,13415,20242025
data,Germany State Leagues Niederrhein 1,Germany,State Leagues Niederrhein 1,10636,20232024
data,Germany State Leagues Niederrhein 1,Germany,State Leagues Niederrhein 1,13343,20242025
data,Germany State Leagues Niederrhein 2,Germany,State Leagues Niederrhein 2,10642,20232024
data,Germany State Leagues Niederrhein 2,Germany,State Leagues Niederrhein 2,13291,20242025
data,Germany State Leagues Weser Ems,Germany,State Leagues Weser Ems,10645,20232024
data,Germany State Leagues Weser Ems,Germany,State Leagues Weser Ems,13237,20242025
data,Germany State Leagues Weser Ems,Germany,State Leagues Weser Ems,15272,20252026
data,Greece Super League 2 North,Greece,Super League 2 North,10668,20232024
data,Greece Super League 2 South,Greece,Super League 2 South,10669,20232024
data,Israel Liga Bet North A,Israel,Liga Bet North A,10676,20232024
data,Israel Liga Bet North A,Israel,Liga Bet North A,13723,20242025
data,Israel Liga Bet North A,Israel,Liga Bet North A,16049,20252026
data,Israel Liga Bet North B,Israel,Liga Bet North B,10677,20232024
data,Israel Liga Bet North B,Israel,Liga Bet North B,13403,20242025
data,Israel Liga Bet North B,Israel,Liga Bet North B,16038,20252026
data,Israel Liga Bet South A,Israel,Liga Bet South A,10678,20232024
data,Israel Liga Bet South A,Israel,Liga Bet South A,13397,20242025
data,Israel Liga Bet South A,Israel,Liga Bet South A,16042,20252026
data,Israel Liga Bet South B,Israel,Liga Bet South B,10679,20232024
data,Israel Liga Bet South B,Israel,Liga Bet South B,13601,20242025
data,Israel Liga Bet South B,Israel,Liga Bet South B,16031,20252026
data,Germany State Leagues Sudwest,Germany,State Leagues Sudwest,10718,20232024
data,Germany State Leagues Sudwest,Germany,State Leagues Sudwest,13034,20242025
data,Germany State Leagues Sudwest,Germany,State Leagues Sudwest,15305,20252026
data,International Asian Games,International,Asian Games,10750,2022
data,Republic of Ireland County Antrim Shield,Republic of Ireland,County Antrim Shield,10760,20232024
data,Bahrain Federation Cup,Bahrain,Federation Cup,10761,20232024
data,FYR Macedonia Womens League,FYR Macedonia,Womens League,10764,20232024
data,FYR Macedonia Womens League,FYR Macedonia,Womens League,13285,20242025
data,FYR Macedonia Womens League,FYR Macedonia,Womens League,15972,20252026
data,Brazil Alagoano Women,Brazil,Alagoano Women,10771,2023
data,Brazil Alagoano Women,Brazil,Alagoano Women,13602,2024
data,Brazil Alagoano Women,Brazil,Alagoano Women,15802,2025
data,Brazil Potiguar 2,Brazil,Potiguar 2,10772,2023
data,Brazil Potiguar 2,Brazil,Potiguar 2,13587,2024
data,Brazil Potiguar 2,Brazil,Potiguar 2,16050,2025
data,Belarus Second Division Final Tournament,Belarus,Second Division Final Tournament,10773,2023
data,Spain Primera Federación Femenina,Spain,Primera Federación Femenina,10775,20232024
data,Spain Primera Federación Femenina,Spain,Primera Federación Femenina,13351,20242025
data,Spain Primera Federación Femenina,Spain,Primera Federación Femenina,15174,20252026
data,Spain Segunda Federación Femenina,Spain,Segunda Federación Femenina,10777,20232024
data,Spain Segunda Federación Femenina,Spain,Segunda Federación Femenina,13353,20242025
data,Spain Segunda Federación Femenina,Spain,Segunda Federación Femenina,15687,20252026
data,Saudi Arabia Womens Premier League,Saudi Arabia,Womens Premier League,10778,20232024
data,Saudi Arabia Womens Premier League,Saudi Arabia,Womens Premier League,13283,20242025
data,Saudi Arabia Womens Premier League,Saudi Arabia,Womens Premier League,15873,20252026
data,Brazil Paraibano 2,Brazil,Paraibano 2,10782,2023
data,Brazil Paraibano 2,Brazil,Paraibano 2,13096,2024
data,Brazil Paraibano 2,Brazil,Paraibano 2,15287,2025
data,Brazil Pernambucano 2,Brazil,Pernambucano 2,10783,2023
data,Brazil Pernambucano 2,Brazil,Pernambucano 2,12468,2024
data,Brazil Pernambucano 2,Brazil,Pernambucano 2,16021,2025
data,Brazil Sergipano 2,Brazil,Sergipano 2,10791,2023
data,Brazil Sergipano 2,Brazil,Sergipano 2,13229,2024
data,Brazil Sergipano 2,Brazil,Sergipano 2,15692,2025
data,South America CONMEBOL Libertadores Femenina,South America,CONMEBOL Libertadores Femenina,10797,2023
data,South America CONMEBOL Libertadores Femenina,South America,CONMEBOL Libertadores Femenina,13623,2024
data,South America CONMEBOL Libertadores Femenina,South America,CONMEBOL Libertadores Femenina,16122,2025
data,Spain Tercera Federación Femenina,Spain,Tercera Federación Femenina,10798,20232024
data,Spain Tercera Federación Femenina,Spain,Tercera Federación Femenina,14058,20242025
data,International UEFA Womens Nations League,International,UEFA Womens Nations League,10812,20232024
data,International UEFA Womens Nations League,International,UEFA Womens Nations League,13861,20252026
data,Argentina Torneo Regional Federal Amateur Pampeana Sur,Argentina,Torneo Regional Federal Amateur Pampeana Sur,10839,20232024
data,Argentina Torneo Regional Federal Amateur Norte,Argentina,Torneo Regional Federal Amateur Norte,10842,20232024
data,Argentina Torneo Regional Federal Amateur Patagonica,Argentina,Torneo Regional Federal Amateur Patagonica,10843,20232024
data,Argentina Torneo Regional Federal Amateur Cuyo,Argentina,Torneo Regional Federal Amateur Cuyo,10845,20232024
data,Argentina Torneo Regional Federal Amateur Pampeana Norte,Argentina,Torneo Regional Federal Amateur Pampeana Norte,10847,20232024
data,Argentina Torneo Regional Federal Amateur Litoral Norte,Argentina,Torneo Regional Federal Amateur Litoral Norte,10849,20232024
data,Argentina Torneo Regional Federal Amateur Litoral Sur,Argentina,Torneo Regional Federal Amateur Litoral Sur,10852,20232024
data,Brazil Alagoano Playoffs,Brazil,Alagoano Playoffs,10899,2023
data,Brazil Alagoano Playoffs,Brazil,Alagoano Playoffs,11433,2024
data,Brazil Alagoano Playoffs,Brazil,Alagoano Playoffs,14571,2025
data,Argentina Torneo Regional Federal Amateur Centro,Argentina,Torneo Regional Federal Amateur Centro,10917,20232024
data,Argentina Torneo Regional Federal Amateur Centro,Argentina,Torneo Regional Federal Amateur Centro,16065,20242025
data,Hong Kong HKPL Cup,Hong Kong,HKPL Cup,11028,20232024
data,Venezuela Copa Venezuela,Venezuela,Copa Venezuela,11030,2019
data,Venezuela Copa Venezuela,Venezuela,Copa Venezuela,12982,2024
data,Venezuela Copa Venezuela,Venezuela,Copa Venezuela,16159,2025
data,Peru Supercopa,Peru,Supercopa,11031,2020
data,Argentina Playoffs 2 3,Argentina,Playoffs 2 3,11032,2020
data,Malaysia Challenge Cup,Malaysia,Challenge Cup,11033,2023
data,Malaysia Challenge Cup,Malaysia,Challenge Cup,13849,20242025
data,Belarus Playoffs 1 2,Belarus,Playoffs 1 2,11034,2023
data,Belarus Playoffs 1 2,Belarus,Playoffs 1 2,13799,2024
data,Uruguay Primera División Amateur,Uruguay,Primera División Amateur,11284,2022
data,Uruguay Primera División Amateur,Uruguay,Primera División Amateur,11285,2023
data,Uruguay Primera División Amateur,Uruguay,Primera División Amateur,11287,2020
data,Uruguay Primera División Amateur,Uruguay,Primera División Amateur,12365,2024
data,Uruguay Primera División Amateur,Uruguay,Primera División Amateur,16308,2025
data,International Concacaf W Gold Cup,International,Concacaf W Gold Cup,11288,2024
data,International Turkish Womens Cup,International,Turkish Womens Cup,11289,2024
data,International Turkish Womens Cup,International,Turkish Womens Cup,15559,2025
data,Japan Hokushinetsu Soccer League,Japan,Hokushinetsu Soccer League,11461,2024
data,Japan Hokushinetsu Soccer League,Japan,Hokushinetsu Soccer League,14733,2025
data,Japan Hokushinetsu Soccer League,Japan,Hokushinetsu Soccer League,14737,2023
data,Japan Kyushu Soccer League,Japan,Kyushu Soccer League,11463,2024
data,Japan Kyushu Soccer League,Japan,Kyushu Soccer League,11505,2023
data,Japan Kyushu Soccer League,Japan,Kyushu Soccer League,14492,2025
data,Japan Chugoku Soccer League,Japan,Chugoku Soccer League,11464,2024
data,Japan Chugoku Soccer League,Japan,Chugoku Soccer League,11506,2023
data,Japan Chugoku Soccer League,Japan,Chugoku Soccer League,14505,2025
data,Japan Kansai Soccer League,Japan,Kansai Soccer League,11465,2024
data,Japan Kansai Soccer League,Japan,Kansai Soccer League,11512,2023
data,Japan Kansai Soccer League,Japan,Kansai Soccer League,14499,2025
data,Japan Kanto Soccer League,Japan,Kanto Soccer League,11466,2024
data,Japan Kanto Soccer League,Japan,Kanto Soccer League,11507,2023
data,Japan Kanto Soccer League,Japan,Kanto Soccer League,14504,2025
data,Japan Shikoku Soccer League,Japan,Shikoku Soccer League,11467,2024
data,Japan Shikoku Soccer League,Japan,Shikoku Soccer League,11511,2023
data,Japan Shikoku Soccer League,Japan,Shikoku Soccer League,14500,2025
data,Japan Hokkaido Soccer League,Japan,Hokkaido Soccer League,11473,2024
data,Japan Hokkaido Soccer League,Japan,Hokkaido Soccer League,11520,2023
data,Japan Hokkaido Soccer League,Japan,Hokkaido Soccer League,14563,2025
data,International UEFA Womens Championship Qualification,International,UEFA Womens Championship Qualification,11475,2025
data,Thailand Thai League 3 Cup,Thailand,Thai League 3 Cup,11476,20232024
data,Thailand Thai League 3 Cup,Thailand,Thai League 3 Cup,13780,20242025
data,Thailand Thai League 3 BKK-Perimeter,Thailand,Thai League 3 BKK-Perimeter,11477,20232024
data,Thailand Thai League 3 BKK-Perimeter,Thailand,Thai League 3 BKK-Perimeter,13461,20242025
data,Thailand Thai League 3 North East,Thailand,Thai League 3 North East,11479,20232024
data,Thailand Thai League 3 North East,Thailand,Thai League 3 North East,13458,20242025
data,Thailand Thai League 3 South,Thailand,Thai League 3 South,11480,20232024
data,Thailand Thai League 3 South,Thailand,Thai League 3 South,13459,20242025
data,Thailand Thai League 3 East,Thailand,Thai League 3 East,11481,20232024
data,Thailand Thai League 3 East,Thailand,Thai League 3 East,13456,20242025
data,Thailand Thai League 3 West,Thailand,Thai League 3 West,11482,20232024
data,Thailand Thai League 3 West,Thailand,Thai League 3 West,13462,20242025
data,Thailand Thai League 3 West,Thailand,Thai League 3 West,16319,20252026
data,Thailand Thai League 3 Playoffs,Thailand,Thai League 3 Playoffs,11483,20232024
data,Thailand Thai League 3 North,Thailand,Thai League 3 North,11484,20232024
data,Thailand Thai League 3 North,Thailand,Thai League 3 North,13457,20242025
data,Thailand Thai League 3 Championship Round,Thailand,Thai League 3 Championship Round,11485,20232024
data,Thailand Thai League 3 Championship Round,Thailand,Thai League 3 Championship Round,14557,20242025
data,Thailand Thai League 3 Championship Round,Thailand,Thai League 3 Championship Round,16057,20252026
data,Japan Regional League Promotions,Japan,Regional League Promotions,11518,2023
data,Japan Regional League Promotions,Japan,Regional League Promotions,13713,2024
data,Japan Tokai Soccer League,Japan,Tokai Soccer League,11519,2023
data,Japan Tokai Soccer League,Japan,Tokai Soccer League,11526,2024
data,Japan Tokai Soccer League,Japan,Tokai Soccer League,14612,2025
data,Japan Tohoku Soccer League,Japan,Tohoku Soccer League,11521,2023
data,Japan Tohoku Soccer League,Japan,Tohoku Soccer League,11545,2024
data,Japan Tohoku Soccer League,Japan,Tohoku Soccer League,14498,2025
data,Northern Ireland Playoffs 1 2,Northern Ireland,Playoffs 1 2,11921,20222023
data,Northern Ireland Playoffs 1 2,Northern Ireland,Playoffs 1 2,11923,20232024
data,Northern Ireland Playoffs 1 2,Northern Ireland,Playoffs 1 2,14659,20242025
data,Australia Victoria Premier League Womens,Australia,Victoria Premier League Womens,12007,2024
data,Australia Victoria Premier League Womens,Australia,Victoria Premier League Womens,13840,2025
data,Australia Western Australia State League 1 Reserves,Australia,Western Australia State League 1 Reserves,12010,2024
data,Australia Western Australia State League 1 Reserves,Australia,Western Australia State League 1 Reserves,14203,2025
data,Australia Northern NSW State League 1 Reserves,Australia,Northern NSW State League 1 Reserves,12013,2024
data,Australia Northern NSW State League 1 Reserves,Australia,Northern NSW State League 1 Reserves,13934,2025
data,Canada League1 Alberta,Canada,League1 Alberta,12014,20232024
data,Canada League1 Alberta,Canada,League1 Alberta,12016,2024
data,Canada League1 Alberta,Canada,League1 Alberta,14596,2025
data,Finland Ykkönen,Finland,Ykkönen,12027,2024
data,Finland Ykkönen,Finland,Ykkönen,14282,2025
data,International Sud Ladies Cup,International,Sud Ladies Cup,12065,2024
data,International Sud Ladies Cup,International,Sud Ladies Cup,14802,2025
data,Brazil Matogrossense 2,Brazil,Matogrossense 2,12068,2024
data,Brazil Matogrossense 2,Brazil,Matogrossense 2,14703,2025
data,Brazil Paulista Serie B,Brazil,Paulista Serie B,12069,2024
data,Brazil Paulista Serie B,Brazil,Paulista Serie B,14413,2025
data,Brazil Carioca C,Brazil,Carioca C,12074,2024
data,Brazil Carioca C,Brazil,Carioca C,12075,2023
data,Brazil Carioca C,Brazil,Carioca C,14587,2025
data,Guyana GFF Elite League,Guyana,GFF Elite League,12078,2024
data,Guyana GFF Elite League,Guyana,GFF Elite League,12079,2023
data,Guyana GFF Elite League,Guyana,GFF Elite League,14474,2025
data,Spain Primera Division RFEF Promotion Playoffs,Spain,Primera Division RFEF Promotion Playoffs,12083,20232024
data,Spain Primera Division RFEF Promotion Playoffs,Spain,Primera Division RFEF Promotion Playoffs,14781,20242025
data,USA USL Cup,USA,USL Cup,12085,2024
data,USA USL Cup,USA,USL Cup,16328,2025
data,Brazil Catarinense U20,Brazil,Catarinense U20,12087,2024
data,Brazil Catarinense U20,Brazil,Catarinense U20,12088,2023
data,Brazil Catarinense U20,Brazil,Catarinense U20,12089,2022
data,Brazil Catarinense U20,Brazil,Catarinense U20,14307,2025
data,Brazil Alagoano U20,Brazil,Alagoano U20,12090,2024
data,Brazil Alagoano U20,Brazil,Alagoano U20,12091,2023
data,Brazil Alagoano U20,Brazil,Alagoano U20,14878,2025
data,Romania Romanian Cup Women,Romania,Romanian Cup Women,12094,20232024
data,Romania Romanian Cup Women,Romania,Romanian Cup Women,13641,20242025
data,Brazil Baiano U20,Brazil,Baiano U20,12095,2024
data,Brazil Baiano U20,Brazil,Baiano U20,12096,2023
data,Brazil Baiano U20,Brazil,Baiano U20,16162,2025
data,Brazil Cearense U20,Brazil,Cearense U20,12099,2023
data,Brazil Cearense U20,Brazil,Cearense U20,12100,2024
data,Brazil Cearense U20,Brazil,Cearense U20,14722,2025
data,Brazil Sergipano U20,Brazil,Sergipano U20,12105,2023
data,Brazil Sergipano U20,Brazil,Sergipano U20,12106,2024
data,Brazil Sergipano U20,Brazil,Sergipano U20,14624,2025
data,Brazil Brasileiro Feminino A2,Brazil,Brasileiro Feminino A2,12109,2023
data,Brazil Brasileiro Feminino A2,Brazil,Brasileiro Feminino A2,12110,2024
data,Brazil Brasileiro Feminino A2,Brazil,Brasileiro Feminino A2,16267,2025
data,Brazil Brasileiro Feminino A3,Brazil,Brasileiro Feminino A3,12113,2023
data,Brazil Brasileiro Feminino A3,Brazil,Brasileiro Feminino A3,12114,2024
data,Brazil Brasileiro Feminino A3,Brazil,Brasileiro Feminino A3,16266,2025
data,Switzerland U19 Elite,Switzerland,U19 Elite,12126,20232024
data,Switzerland U19 Elite,Switzerland,U19 Elite,12514,20242025
data,Switzerland U19 Elite,Switzerland,U19 Elite,15161,20252026
data,Mexico Supercopa MX,Mexico,Supercopa MX,12160,20232024
data,Brazil Copa Rio,Brazil,Copa Rio,12161,2024
data,Brazil Copa Rio,Brazil,Copa Rio,14693,2025
data,Oman Super Cup,Oman,Super Cup,12163,20232024
data,Oman Super Cup,Oman,Super Cup,14060,20242025
data,Oman Super Cup,Oman,Super Cup,15443,20252026
data,Mexico Campeón de Campeones,Mexico,Campeón de Campeones,12166,20222023
data,Mexico Campeón de Campeones,Mexico,Campeón de Campeones,12168,20212022
data,Mexico Campeón de Campeones,Mexico,Campeón de Campeones,15156,2025
data,Mexico Campeón de Campeones,Mexico,Campeón de Campeones,15338,20232024
data,Lebanon Super Cup,Lebanon,Super Cup,12170,20232024
data,Lebanon Super Cup,Lebanon,Super Cup,13476,20242025
data,Hungary NB 3 Final Stages,Hungary,NB 3 Final Stages,12174,20232024
data,Hungary NB 3 Final Stages,Hungary,NB 3 Final Stages,14790,20242025
data,Cameroon Cameroon Cup,Cameroon,Cameroon Cup,12175,2022
data,Cameroon Cameroon Cup,Cameroon,Cameroon Cup,12176,2023
data,Cameroon Cameroon Cup,Cameroon,Cameroon Cup,13751,2024
data,Portugal Portuguese Super Cup Women,Portugal,Portuguese Super Cup Women,12179,20232024
data,Portugal Portuguese Super Cup Women,Portugal,Portuguese Super Cup Women,12664,20242025
data,Russia 3rd Division Center East,Russia,3rd Division Center East,12180,2024
data,Russia 3rd Division Center East,Russia,3rd Division Center East,14629,2025
data,Russia 3rd Division Center West,Russia,3rd Division Center West,12181,2024
data,Russia 3rd Division Center West,Russia,3rd Division Center West,14630,2025
data,Russia 3rd Division Siberia and Far East,Russia,3rd Division Siberia and Far East,12182,2024
data,Russia 3rd Division Siberia and Far East,Russia,3rd Division Siberia and Far East,14651,2025
data,Malta Super Cup Women,Malta,Super Cup Women,12188,20232024
data,Malta Super Cup Women,Malta,Super Cup Women,13750,20242025
data,Malta Super Cup Women,Malta,Super Cup Women,16022,2025
data,Montenegro Montenegro Cup,Montenegro,Montenegro Cup,12193,20222023
data,Montenegro Montenegro Cup,Montenegro,Montenegro Cup,12194,20232024
data,Montenegro Montenegro Cup,Montenegro,Montenegro Cup,13725,20242025
data,Kuwait Super Cup,Kuwait,Super Cup,12198,20222023
data,Kuwait Super Cup,Kuwait,Super Cup,12199,20232024
data,Kuwait Super Cup,Kuwait,Super Cup,14068,20242025
data,Northern Ireland Northern Ireland League Cup Women,Northern Ireland,Northern Ireland League Cup Women,12200,2023
data,Northern Ireland Northern Ireland League Cup Women,Northern Ireland,Northern Ireland League Cup Women,12201,2024
data,Northern Ireland Northern Ireland League Cup Women,Northern Ireland,Northern Ireland League Cup Women,14414,2025
data,South Africa South Africa League Cup,South Africa,South Africa League Cup,12207,2023
data,South Africa South Africa League Cup,South Africa,South Africa League Cup,13695,2024
data,Italy Primavera Supercup,Italy,Primavera Supercup,12208,20222023
data,Italy Primavera Supercup,Italy,Primavera Supercup,12209,20232024
data,Italy Primavera Supercup,Italy,Primavera Supercup,12546,20242025
data,Italy Primavera Supercup,Italy,Primavera Supercup,15446,20252026
data,England Manchester Premier Cup,England,Manchester Premier Cup,12212,20222023
data,England Manchester Premier Cup,England,Manchester Premier Cup,12213,20232024
data,England Manchester Premier Cup,England,Manchester Premier Cup,13305,20242025
data,England Manchester Premier Cup,England,Manchester Premier Cup,15808,20252026
data,Malta Super Cup,Malta,Super Cup,12214,20222023
data,Malta Super Cup,Malta,Super Cup,12215,20232024
data,Malta Super Cup,Malta,Super Cup,13762,20242025
data,France Trophée des Championnes Women,France,Trophée des Championnes Women,12218,20232024
data,Australia South Australia Reserves Premier League,Australia,South Australia Reserves Premier League,12220,2023
data,Australia South Australia Reserves Premier League,Australia,South Australia Reserves Premier League,12221,2024
data,Australia South Australia Reserves Premier League,Australia,South Australia Reserves Premier League,13935,2025
data,Republic of Ireland Leinster Senior League,Republic of Ireland,Leinster Senior League,12223,20232024
data,Republic of Ireland Leinster Senior League,Republic of Ireland,Leinster Senior League,13331,20242025
data,Republic of Ireland Leinster Senior League,Republic of Ireland,Leinster Senior League,15750,20252026
data,International UEFA Euro U19 Women,International,UEFA Euro U19 Women,12224,2023
data,International UEFA Euro U19 Women,International,UEFA Euro U19 Women,12225,2024
data,International UEFA Euro U19 Women,International,UEFA Euro U19 Women,16281,2025
data,Norway Norwegian Football Cup U19,Norway,Norwegian Football Cup U19,12226,2023
data,Norway Norwegian Football Cup U19,Norway,Norwegian Football Cup U19,12279,2024
data,Norway Norwegian Football Cup U19,Norway,Norwegian Football Cup U19,14592,2025
data,Ukraine Ukrainian Women's Cup,Ukraine,Ukrainian Women's Cup,12227,20212022
data,Ukraine Ukrainian Women's Cup,Ukraine,Ukrainian Women's Cup,12283,20232024
data,Ukraine Ukrainian Women's Cup,Ukraine,Ukrainian Women's Cup,13328,20242025
data,Ukraine Ukrainian Women's Cup,Ukraine,Ukrainian Women's Cup,16098,20252026
data,Hong Kong Hong Kong Reserve Division League,Hong Kong,Hong Kong Reserve Division League,12228,20222023
data,Slovenia Slovenia Cup Women,Slovenia,Slovenia Cup Women,12229,20222023
data,Slovenia Slovenia Cup Women,Slovenia,Slovenia Cup Women,12306,20232024
data,Slovenia Slovenia Cup Women,Slovenia,Slovenia Cup Women,12925,20242025
data,Slovenia Slovenia Cup Women,Slovenia,Slovenia Cup Women,15603,20252026
data,England Kent Senior Cup,England,Kent Senior Cup,12231,20222023
data,England Kent Senior Cup,England,Kent Senior Cup,12232,20232024
data,England Kent Senior Cup,England,Kent Senior Cup,13005,20242025
data,England Kent Senior Cup,England,Kent Senior Cup,15400,20252026
data,Republic of Ireland FAI Cup Women,Republic of Ireland,FAI Cup Women,12233,2023
data,Republic of Ireland FAI Cup Women,Republic of Ireland,FAI Cup Women,12234,2024
data,Republic of Ireland FAI Cup Women,Republic of Ireland,FAI Cup Women,15045,2025
data,Brazil São Paulo Youth Cup,Brazil,São Paulo Youth Cup,12235,2023
data,Brazil São Paulo Youth Cup,Brazil,São Paulo Youth Cup,12236,2024
data,Brazil São Paulo Youth Cup,Brazil,São Paulo Youth Cup,13904,2025
data,International CONCACAF Caribbean Cup,International,CONCACAF Caribbean Cup,12239,2023
data,International CONCACAF Caribbean Cup,International,CONCACAF Caribbean Cup,12985,2024
data,Egypt Super Cup,Egypt,Super Cup,12249,20222023
data,Egypt Super Cup,Egypt,Super Cup,12250,20232024
data,Egypt Super Cup,Egypt,Super Cup,13672,20242025
data,Italy Serie D PlayOffs,Italy,Serie D PlayOffs,12257,20232024
data,Italy Serie D PlayOffs,Italy,Serie D PlayOffs,14710,20242025
data,England Cheshire Senior Cup,England,Cheshire Senior Cup,12258,20232024
data,England Cheshire Senior Cup,England,Cheshire Senior Cup,13272,20242025
data,England Cheshire Senior Cup,England,Cheshire Senior Cup,16069,20252026
data,Republic of Ireland Leinster Senior Cup,Republic of Ireland,Leinster Senior Cup,12259,20232024
data,Republic of Ireland Leinster Senior Cup,Republic of Ireland,Leinster Senior Cup,16182,20242025
data,England Liverpool Senior Cup,England,Liverpool Senior Cup,12260,20232024
data,England Liverpool Senior Cup,England,Liverpool Senior Cup,13758,20242025
data,South America CONMEBOL U20,South America,CONMEBOL U20,12261,2023
data,South America CONMEBOL U20,South America,CONMEBOL U20,13776,2025
data,Colombia Superliga Colombia,Colombia,Superliga Colombia,12262,2023
data,Colombia Superliga Colombia,Colombia,Superliga Colombia,12263,2024
data,Colombia Superliga Colombia,Colombia,Superliga Colombia,14091,2025
data,England Sheffield and Hallamshire Senior Cup,England,Sheffield and Hallamshire Senior Cup,12264,20232024
data,England Sheffield and Hallamshire Senior Cup,England,Sheffield and Hallamshire Senior Cup,13392,20242025
data,England Sheffield and Hallamshire Senior Cup,England,Sheffield and Hallamshire Senior Cup,15753,20252026
data,England Derbyshire Senior Cup,England,Derbyshire Senior Cup,12265,20232024
data,England Derbyshire Senior Cup,England,Derbyshire Senior Cup,13682,20242025
data,England Derbyshire Senior Cup,England,Derbyshire Senior Cup,15961,20252026
data,Republic of Ireland Munster Senior Cup,Republic of Ireland,Munster Senior Cup,12266,20232024
data,Republic of Ireland Munster Senior Cup,Republic of Ireland,Munster Senior Cup,13787,20242025
data,Israel State Cup Women,Israel,State Cup Women,12267,20222023
data,Israel State Cup Women,Israel,State Cup Women,12268,20232024
data,Israel State Cup Women,Israel,State Cup Women,14041,20242025
data,International U20 Cotif Tournament,International,U20 Cotif Tournament,12269,2023
data,International U20 Cotif Tournament,International,U20 Cotif Tournament,12360,2024
data,South America CONMEBOL Recopa Sudamericana,South America,CONMEBOL Recopa Sudamericana,12270,2024
data,South America CONMEBOL Recopa Sudamericana,South America,CONMEBOL Recopa Sudamericana,13866,2025
data,Brazil Copa Paulista Women,Brazil,Copa Paulista Women,12271,2023
data,Brazil Copa Paulista Women,Brazil,Copa Paulista Women,13645,2024
data,Brazil Copa Paulista Women,Brazil,Copa Paulista Women,15975,2025
data,International Emirates Cup,International,Emirates Cup,12293,2023
data,International Emirates Cup,International,Emirates Cup,12376,2024
data,International Emirates Cup,International,Emirates Cup,15263,2025
data,South America Copa America Women,South America,Copa America Women,12298,2022
data,South America Copa America Women,South America,Copa America Women,15023,2025
data,San Marino Super Cup,San Marino,Super Cup,12302,20232024
data,San Marino Super Cup,San Marino,Super Cup,12303,20222023
data,San Marino Super Cup,San Marino,Super Cup,12341,20242025
data,San Marino Super Cup,San Marino,Super Cup,15510,20252026
data,Italy Super Cup Women,Italy,Super Cup Women,12304,20232024
data,Italy Super Cup Women,Italy,Super Cup Women,13786,20242025
data,Vietnam Super Cup,Vietnam,Super Cup,12307,2023
data,Vietnam Super Cup,Vietnam,Super Cup,12308,2024
data,Vietnam Super Cup,Vietnam,Super Cup,12673,20242025
data,Vietnam Super Cup,Vietnam,Super Cup,15633,20252026
data,Uzbekistan Super Cup,Uzbekistan,Super Cup,12310,2023
data,Uzbekistan Super Cup,Uzbekistan,Super Cup,12311,2024
data,Uzbekistan Super Cup,Uzbekistan,Super Cup,14586,2025
data,Andorra Andorran Cup,Andorra,Andorran Cup,12312,20222023
data,Andorra Andorran Cup,Andorra,Andorran Cup,12314,20232024
data,Andorra Andorran Cup,Andorra,Andorran Cup,13801,20242025
data,Spain Copa De La Reina,Spain,Copa De La Reina,12315,20232024
data,Spain Copa De La Reina,Spain,Copa De La Reina,13226,20242025
data,Spain Copa De La Reina,Spain,Copa De La Reina,15859,20252026
data,Cambodia Hun Sen Cup,Cambodia,Hun Sen Cup,12319,20232024
data,Cambodia Hun Sen Cup,Cambodia,Hun Sen Cup,14088,20242025
data,Azerbaijan Reserve league,Azerbaijan,Reserve league,12320,20232024
data,Azerbaijan Reserve league,Azerbaijan,Reserve league,12798,20242025
data,Azerbaijan Reserve league,Azerbaijan,Reserve league,15672,20252026
data,Slovakia Cup Women,Slovakia,Cup Women,12328,20232024
data,Slovakia Cup Women,Slovakia,Cup Women,12813,20242025
data,Slovakia Cup Women,Slovakia,Cup Women,15550,20252026
data,Ecuador Segunda Categoria,Ecuador,Segunda Categoria,12331,2023
data,Ecuador Segunda Categoria,Ecuador,Segunda Categoria,13621,2024
data,England Lancashire Senior Cup,England,Lancashire Senior Cup,12332,20232024
data,England Lancashire Senior Cup,England,Lancashire Senior Cup,13646,20242025
data,England Lancashire Senior Cup,England,Lancashire Senior Cup,16097,20252026
data,Brazil Gaúcho Women,Brazil,Gaúcho Women,12333,2023
data,Brazil Gaúcho Women,Brazil,Gaúcho Women,13063,2024
data,Brazil Gaúcho Women,Brazil,Gaúcho Women,15169,2025
data,Argentina Trofeo de Campeones,Argentina,Trofeo de Campeones,12359,2023
data,Argentina Trofeo de Campeones,Argentina,Trofeo de Campeones,13943,2024
data,Brazil Pernambucano Women,Brazil,Pernambucano Women,12367,2023
data,Brazil Pernambucano Women,Brazil,Pernambucano Women,13317,2024
data,International Pan American Games,International,Pan American Games,12368,2023
data,Asia Southeast Asian Games Women,Asia,Southeast Asian Games Women,12369,2023
data,Asia AFC Womens Club Championship,Asia,AFC Womens Club Championship,12370,2023
data,Asia AFC Womens Club Championship,Asia,AFC Womens Club Championship,12808,20242025
data,Spain Supercopa Femenina,Spain,Supercopa Femenina,12371,20222023
data,Spain Supercopa Femenina,Spain,Supercopa Femenina,12372,20232024
data,Spain Supercopa Femenina,Spain,Supercopa Femenina,13359,20242025
data,Spain Supercopa Femenina,Spain,Supercopa Femenina,15781,20252026
data,Turkey 3. Lig Group 4,Turkey,3. Lig Group 4,12386,20232024
data,Turkey 3. Lig Group 4,Turkey,3. Lig Group 4,13101,20242025
data,Turkey 3. Lig Group 4,Turkey,3. Lig Group 4,15229,20252026
data,Solomon Islands S League,Solomon Islands,S League,12387,2024
data,Solomon Islands S League,Solomon Islands,S League,15849,2025
data,Montenegro Montenegrin First League Women,Montenegro,Montenegrin First League Women,12388,20222023
data,Montenegro Montenegrin First League Women,Montenegro,Montenegrin First League Women,12389,20232024
data,Montenegro Montenegrin First League Women,Montenegro,Montenegrin First League Women,13603,20242025
data,Montenegro Montenegrin First League Women,Montenegro,Montenegrin First League Women,16089,20252026
data,Uzbekistan Super Cup Women,Uzbekistan,Super Cup Women,12390,2023
data,Australia Tasmania Statewide Cup Women,Australia,Tasmania Statewide Cup Women,12391,2024
data,Australia Tasmania Statewide Cup Women,Australia,Tasmania Statewide Cup Women,14497,2025
data,Russia Super Cup Women,Russia,Super Cup Women,12397,2023
data,Russia Super Cup Women,Russia,Super Cup Women,12398,2024
data,Russia Super Cup Women,Russia,Super Cup Women,14784,2025
data,International CONCACAF Gold Cup Qualification,International,CONCACAF Gold Cup Qualification,12400,2023
data,International CONCACAF Gold Cup Qualification,International,CONCACAF Gold Cup Qualification,14303,2025
data,Brazil Brasileiro U20,Brazil,Brasileiro U20,12401,2024
data,Brazil Brasileiro U20,Brazil,Brasileiro U20,12402,2023
data,Brazil Brasileiro U20,Brazil,Brasileiro U20,14412,2025
data,Mexico Copa Conecta,Mexico,Copa Conecta,12403,2024
data,Mexico Copa Conecta,Mexico,Copa Conecta,13947,2025
data,Kazakhstan Cup Women,Kazakhstan,Cup Women,12404,2024
data,International CONCACAF Central American Cup,International,CONCACAF Central American Cup,12411,2024
data,International CONCACAF Central American Cup,International,CONCACAF Central American Cup,15621,2025
data,Papua New Guinea National Soccer League,Papua New Guinea,National Soccer League,12415,20232024
data,Papua New Guinea National Soccer League,Papua New Guinea,National Soccer League,12680,20242025
data,Papua New Guinea National Soccer League,Papua New Guinea,National Soccer League,15141,20252026
data,Australia Northern NSW NPL Women,Australia,Northern NSW NPL Women,12416,2024
data,Australia Northern NSW NPL Women,Australia,Northern NSW NPL Women,13936,2025
data,Asia AFC U20 Asian Cup Qualification,Asia,AFC U20 Asian Cup Qualification,12423,2023
data,Asia AFC U20 Asian Cup Qualification,Asia,AFC U20 Asian Cup Qualification,12465,2025
data,International FIFA U20 Womens World Cup,International,FIFA U20 Womens World Cup,12424,2024
data,Australia Capital Territory Womens Federation Cup,Australia,Capital Territory Womens Federation Cup,12425,2024
data,Australia Capital Territory Womens Federation Cup,Australia,Capital Territory Womens Federation Cup,14296,2025
data,Mongolia MFF Cup,Mongolia,MFF Cup,12426,20232024
data,Mongolia MFF Cup,Mongolia,MFF Cup,14639,20242025
data,Trinidad and Tobago Ascension Invitational Tournament Division 1,Trinidad and Tobago,Ascension Invitational Tournament Division 1,12429,2022
data,Brazil Paraibano Women,Brazil,Paraibano Women,12430,2023
data,Brazil Paraibano Women,Brazil,Paraibano Women,13699,2024
data,Brazil Recopa Catarinense,Brazil,Recopa Catarinense,12431,2024
data,Costa Rica Recopa,Costa Rica,Recopa,12434,20232024
data,Costa Rica Recopa,Costa Rica,Recopa,16180,20242025
data,Ghana Super Cup,Ghana,Super Cup,12436,20232024
data,Ghana Super Cup,Ghana,Super Cup,13431,20242025
data,Ghana Super Cup,Ghana,Super Cup,15958,20252026
data,Netherlands Super Cup Women,Netherlands,Super Cup Women,12437,20222023
data,Netherlands Super Cup Women,Netherlands,Super Cup Women,12438,20232024
data,Netherlands Super Cup Women,Netherlands,Super Cup Women,12676,20242025
data,Netherlands Super Cup Women,Netherlands,Super Cup Women,15133,20252026
data,International Campeones Cup,International,Campeones Cup,12439,2022
data,International Campeones Cup,International,Campeones Cup,12440,2023
data,International Campeones Cup,International,Campeones Cup,13016,2024
data,International Campeones Cup,International,Campeones Cup,15471,2025
data,International African Football League,International,African Football League,12441,2023
data,Saudi Arabia Saudi Reserve League,Saudi Arabia,Saudi Reserve League,12443,20232024
data,Qatar Olympic League,Qatar,Olympic League,12445,20232024
data,Qatar Olympic League,Qatar,Olympic League,13559,20242025
data,Vietnam U19 Championship Women,Vietnam,U19 Championship Women,12447,2023
data,Vietnam U19 Championship Women,Vietnam,U19 Championship Women,13606,2024
data,Vietnam U19 Championship Women,Vietnam,U19 Championship Women,14194,2025
data,International African Games Women,International,African Games Women,12460,2023
data,Argentina Torneo Promocional Amateur,Argentina,Torneo Promocional Amateur,12463,2024
data,Belgium Second Amateur Division: Playoffs,Belgium,Second Amateur Division: Playoffs,12492,20232024
data,Belgium Second Amateur Division: Playoffs,Belgium,Second Amateur Division: Playoffs,14669,20242025
data,International AFF Championship,International,AFF Championship,12564,2022
data,International AFF Championship,International,AFF Championship,12565,2024
data,Norway Cup Women,Norway,Cup Women,12731,2024
data,Norway Cup Women,Norway,Cup Women,14479,2025
data,Asia AFC Challenge League,Asia,AFC Challenge League,12875,20242025
data,Asia AFC Challenge League,Asia,AFC Challenge League,15678,20252026
data,Europe CEE Cup,Europe,CEE Cup,12954,2024
data,Europe CEE Cup,Europe,CEE Cup,15492,2025
data,International COTIF Tournament,International,COTIF Tournament,12955,2024
data,International COTIF Tournament,International,COTIF Tournament,15192,2025
data,International ASEAN U19 Championship,International,ASEAN U19 Championship,12956,2024
data,Northern Ireland Charity Shield,Northern Ireland,Charity Shield,12957,20232024
data,Northern Ireland Charity Shield,Northern Ireland,Charity Shield,12958,20242025
data,Northern Ireland Charity Shield,Northern Ireland,Charity Shield,16220,20252026
data,Cyprus Super Cup Women,Cyprus,Super Cup Women,12959,20232024
data,Cyprus Super Cup Women,Cyprus,Super Cup Women,13424,20242025
data,Germany Regionalliga Playoffs,Germany,Regionalliga Playoffs,12960,20232024
data,Germany Regionalliga Playoffs,Germany,Regionalliga Playoffs,14751,20242025
data,Bahrain Super Cup,Bahrain,Super Cup,12961,20232024
data,Bahrain Super Cup,Bahrain,Super Cup,15689,20242025
data,Bahrain Super Cup,Bahrain,Super Cup,15882,20252026
data,Argentina Torneo Regional Federal Amateur Final Stages,Argentina,Torneo Regional Federal Amateur Final Stages,12963,20232024
data,Argentina Torneo Regional Federal Amateur Final Stages,Argentina,Torneo Regional Federal Amateur Final Stages,16105,20242025
data,Iceland U19 League C,Iceland,U19 League C,12979,2024
data,Iceland U19 League C,Iceland,U19 League C,14732,2025
data,Spain División De Honor Juvenil Playoffs,Spain,División De Honor Juvenil Playoffs,12981,20232024
data,Spain División De Honor Juvenil Playoffs,Spain,División De Honor Juvenil Playoffs,14695,20242025
data,England Central League,England,Central League,12984,20232024
data,England Central League,England,Central League,13183,20242025
data,Australia South Australia FFA Cup Preliminary,Australia,South Australia FFA Cup Preliminary,12993,2024
data,Australia South Australia FFA Cup Preliminary,Australia,South Australia FFA Cup Preliminary,14202,2025
data,Austria WFV Cup,Austria,WFV Cup,12996,20242025
data,Austria WFV Cup,Austria,WFV Cup,13145,20232024
data,Austria WFV Cup,Austria,WFV Cup,15974,20252026
data,Portugal Taça da Liga Feminina,Portugal,Taça da Liga Feminina,12997,20242025
data,Portugal Taça da Liga Feminina,Portugal,Taça da Liga Feminina,12998,20232024
data,International U20 Intercontinental Cup,International,U20 Intercontinental Cup,12999,2024
data,International U20 Intercontinental Cup,International,U20 Intercontinental Cup,14721,2025
data,Suriname Suriname Major League,Suriname,Suriname Major League,13002,2024
data,Suriname Suriname Major League,Suriname,Suriname Major League,14080,2025
data,England FA WNL Cup,England,FA WNL Cup,13003,20232024
data,England FA WNL Cup,England,FA WNL Cup,13051,20242025
data,Germany Regional Cup Südbaden,Germany,Regional Cup Südbaden,13013,20242025
data,Germany Regional Cup Südbaden,Germany,Regional Cup Südbaden,15795,20252026
data,Belgium Second Division Women,Belgium,Second Division Women,13017,20242025
data,Belgium Second Division Women,Belgium,Second Division Women,13019,20232024
data,England Surrey Senior Cup,England,Surrey Senior Cup,13055,20232024
data,England Surrey Senior Cup,England,Surrey Senior Cup,13564,20242025
data,England Surrey Senior Cup,England,Surrey Senior Cup,16058,20252026
data,Brazil Alagoano 2,Brazil,Alagoano 2,13057,2024
data,Brazil Alagoano 2,Brazil,Alagoano 2,15164,2025
data,International OFC Champions League,International,OFC Champions League,13190,2024
data,International OFC Champions League,International,OFC Champions League,14198,2025
data,Zambia Charity Shield,Zambia,Charity Shield,13203,20242025
data,Romania Liga de Tineret,Romania,Liga de Tineret,13218,20242025
data,Romania Liga de Tineret,Romania,Liga de Tineret,13280,20232024
data,Romania Liga de Tineret,Romania,Liga de Tineret,15651,20252026
data,Malaysia MFL Cup,Malaysia,MFL Cup,13219,20242025
data,Slovenia 1 Junior League,Slovenia,1 Junior League,13223,20242025
data,Slovenia 1 Junior League,Slovenia,1 Junior League,13281,20232024
data,Slovenia 1 Junior League,Slovenia,1 Junior League,15125,20252026
data,Republic of Ireland U20 National League,Republic of Ireland,U20 National League,13225,2024
data,Republic of Ireland U20 National League,Republic of Ireland,U20 National League,14284,2025
data,Netherlands U19 Divisie 1,Netherlands,U19 Divisie 1,13485,20242025
data,Netherlands U19 Divisie 1,Netherlands,U19 Divisie 1,16334,20252026
data,Netherlands U19 Divisie 2,Netherlands,U19 Divisie 2,13487,20242025
data,Netherlands U19 Divisie 3,Netherlands,U19 Divisie 3,13491,20242025
data,Belgium Third Amateur Division VV A,Belgium,Third Amateur Division VV A,13568,20242025
data,Belgium Third Amateur Division VV A,Belgium,Third Amateur Division VV A,13575,20232024
data,Belgium Third Amateur Division VV A,Belgium,Third Amateur Division VV A,15876,20252026
data,Belgium Third Amateur Division VV B,Belgium,Third Amateur Division VV B,13569,20242025
data,Belgium Third Amateur Division VV B,Belgium,Third Amateur Division VV B,13577,20232024
data,Belgium Third Amateur Division VV B,Belgium,Third Amateur Division VV B,15878,20252026
data,Belgium Third Amateur Division ACFF A,Belgium,Third Amateur Division ACFF A,13572,20242025
data,Belgium Third Amateur Division ACFF A,Belgium,Third Amateur Division ACFF A,13574,20232024
data,Belgium Third Amateur Division ACFF A,Belgium,Third Amateur Division ACFF A,15887,20252026
data,Belgium Third Amateur Division ACFF B,Belgium,Third Amateur Division ACFF B,13573,20242025
data,Belgium Third Amateur Division ACFF B,Belgium,Third Amateur Division ACFF B,13576,20232024
data,Belgium Third Amateur Division ACFF B,Belgium,Third Amateur Division ACFF B,15886,20252026
data,Belgium Third Amateur Division Playoffs,Belgium,Third Amateur Division Playoffs,13578,20232024
data,Belgium Third Amateur Division Playoffs,Belgium,Third Amateur Division Playoffs,14711,20242025
data,Africa Africa U20 Cup of Nations Qualification,Africa,Africa U20 Cup of Nations Qualification,13592,2025
data,International Club Friendlies Women,International,Club Friendlies Women,13683,2024
data,International Club Friendlies Women,International,Club Friendlies Women,14022,2025
data,Russia 3rd Division Finals,Russia,3rd Division Finals,13883,2024
data,Iran Super Cup,Iran,Super Cup,13928,20242025
data,Iran Super Cup,Iran,Super Cup,15555,20252026
data,Netherlands U19 Divisie 4,Netherlands,U19 Divisie 4,14045,20242025
data,Asia AFC U20 Asian Cup,Asia,AFC U20 Asian Cup,14054,2025
data,International Concacaf Championship Women U20,International,Concacaf Championship Women U20,14554,2025
data,Brazil Paranaense U20,Brazil,Paranaense U20,14686,2024
data,Brazil Paranaense U20,Brazil,Paranaense U20,15905,2025
data,Morocco Playoffs 1 2,Morocco,Playoffs 1 2,14791,12
data,International FIFA Club World Cup Playin,International,FIFA Club World Cup Playin,14792,2025
data,Peru Liga 3,Peru,Liga 3,14796,2025
data,Brazil Copa do Brasil Feminino,Brazil,Copa do Brasil Feminino,14806,2025
data,International AFC Womens Asian Cup Qualification,International,AFC Womens Asian Cup Qualification,14808,2026
data,Morocco Cup,Morocco,Cup,14859,20242025
data,Brazil Paraense A2,Brazil,Paraense A2,14875,2025
data,International EAFF E1 Football Championship,International,EAFF E1 Football Championship,15006,2025
data,International CAF Womens Africa Cup of Nations,International,CAF Womens Africa Cup of Nations,15193,2022
data,International CAF Womens Africa Cup of Nations,International,CAF Womens Africa Cup of Nations,16210,2025
data,International ASEAN U23 Championship,International,ASEAN U23 Championship,15217,2025
data,Venezuela Supercopa,Venezuela,Supercopa,15337,2025
data,International J League World Challenge,International,J League World Challenge,15381,2025
data,French Guiana Regional 1,French Guiana,Regional 1,15557,20252026
data,French Guiana Regional 1,French Guiana,Regional 1,16279,20242025
data,International CONCACAF Caribbean Club Championship,International,CONCACAF Caribbean Club Championship,15620,2025
data,England National League South,England,National League South,15844,20252026
data,England National League North,England,National League North,15845,20252026
data,China Super League Women,China,Super League Women,16026,2025
data,Mexico Liga TDP,Mexico,Liga TDP,16086,20252026
data,Malaysia Liga A1,Malaysia,Liga A1,16136,20252026
data,Brazil Catarinense Women,Brazil,Catarinense Women,16165,2025
data,Brazil Cearense 3,Brazil,Cearense 3,16166,2025
data,Malta Mosta Tournament,Malta,Mosta Tournament,16168,2025
data,India Durand Cup,India,Durand Cup,16187,2025
data,International COSAFA Womens U20 Cup,International,COSAFA Womens U20 Cup,16196,2025
data,Argentina Super Copa International,Argentina,Super Copa International,16209,2025
data,Australia Tasmania Womens Super League,Australia,Tasmania Womens Super League,16218,2025
data,Europe All Island Cup,Europe,All Island Cup,16221,2025
data,Scotland Regional Leagues Midlands,Scotland,Regional Leagues Midlands,16234,20252026
data,Scotland Regional Leagues North Caledonian,Scotland,Regional Leagues North Caledonian,16235,20252026
data,Scotland Regional Leagues East of Scotland,Scotland,Regional Leagues East of Scotland,16236,20252026
data,Scotland Regional Leagues West of Scotland,Scotland,Regional Leagues West of Scotland,16237,20252026
data,Scotland Regional Leagues North JFA,Scotland,Regional Leagues North JFA,16238,20252026
data,Scotland Highland League,Scotland,Highland League,16246,20252026
data,Scotland Lowland League,Scotland,Lowland League,16247,20252026
data,Switzerland 2. Liga Interregional Group 5,Switzerland,2. Liga Interregional Group 5,16249,20222023
data,Switzerland 2. Liga Interregional Group 5,Switzerland,2. Liga Interregional Group 5,16251,20252026
data,Switzerland 2. Liga Interregional Group 4,Switzerland,2. Liga Interregional Group 4,16252,20242025
data,Switzerland 2. Liga Interregional Group 4,Switzerland,2. Liga Interregional Group 4,16253,20252026
data,Switzerland 2. Liga Interregional Group 3,Switzerland,2. Liga Interregional Group 3,16254,20252026
data,Switzerland 2. Liga Interregional Group 2,Switzerland,2. Liga Interregional Group 2,16256,20252026
data,Switzerland 2. Liga Interregional Group 1,Switzerland,2. Liga Interregional Group 1,16258,20252026
data,Norway 2 Division Group 1,Norway,2 Division Group 1,16271,2025
data,Norway 2 Division Group 2,Norway,2 Division Group 2,16272,2025
data,Brazil Amazonense 2,Brazil,Amazonense 2,16286,2025
data,Réunion Regionale 1,Réunion,Regionale 1,16296,2025
data,Cayman Islands CIFA Premier League,Cayman Islands,CIFA Premier League,16300,20242025
data,Cape Verde Campeonato Nacional,Cape Verde,Campeonato Nacional,16301,2025
data,South Africa Play offs 1 2,South Africa,Play offs 1 2,16302,20242025
data,New Zealand NZF Northern League U23,New Zealand,NZF Northern League U23,16321,2025
data,Europe Baltic Womens League,Europe,Baltic Womens League,16322,2025
data,International OFC Womens Nations Cup,International,OFC Womens Nations Cup,16327,2025
